"Journal Data Filtered By:  Selected Categories: PSYCHOLOGY;PSYCHOLOGY, SOCIAL Selected Editions: SCIE;SSCI;AHCI;ESCI Selected JCR Year: 2024 Selected Category Schema: WOS Selected Open Access: N Indicator: Default"

Journal name,JCR Abbreviation,Publisher,ISSN,eISSN,Category,Edition,Total Citations,2024 JIF,JIF Quartile,2024 JCI,% of Citable OA
"Annual Review of Psychology","ANNU REV PSYCHOL","ANNUAL REVIEWS","0066-4308","1545-2085","PSYCHOLOGY","SCIE","29,863","29.4","Q1","5.32","61.33"%,
"PSYCHOLOGICAL BULLETIN","PSYCHOL BULL","AMER PSYCHOLOGICAL ASSOC","0033-2909","1939-1455","PSYCHOLOGY","SCIE","59,903","19.8","Q1","4.1","34.38"%,
"PSYCHOTHERAPY AND PSYCHOSOMATICS","PSYCHOTHER PSYCHOSOM","KARGER","0033-3190","1423-0348","PSYCHOLOGY","SCIE","6,466","18.1","Q1","2.81","33.78"%,
"Annual Review of Clinical Psychology","ANNU REV CLIN PSYCHO","ANNUAL REVIEWS","1548-5943","1548-5951","PSYCHOLOGY","SCIE","10,094","16.5","Q1","4.45","56.67"%,
"Advances in Methods and Practices in Psychological Science","ADV METH PRACT PSYCH","SAGE PUBLICATIONS INC","2515-2459","2515-2467","PSYCHOLOGY","SCIE","3,656","13.4","Q1","5.46","98.88"%,
"PERSONALITY AND SOCIAL PSYCHOLOGY REVIEW","PERS SOC PSYCHOL REV","SAGE PUBLICATIONS INC","1088-8683","1532-7957","PSYCHOLOGY, SOCIAL","SSCI","8,781","10.4","Q1","2.83","38"%,
"European Review of Social Psychology","EUR REV SOC PSYCHOL","ROUTLEDGE JOURNALS, TAYLOR & FRANCIS LTD","1046-3283","1479-277X","PSYCHOLOGY, SOCIAL","SSCI","2,846","7.8","Q1","3.23","37.14"%,
"JOURNAL OF CHILD PSYCHOLOGY AND PSYCHIATRY","J CHILD PSYCHOL PSYC","WILEY","0021-9630","1469-7610","PSYCHOLOGY","SCIE","22,546","7","Q1","1.79","58.84"%,
"JOURNAL OF PERSONALITY AND SOCIAL PSYCHOLOGY","J PERS SOC PSYCHOL","AMER PSYCHOLOGICAL ASSOC","0022-3514","1939-1315","PSYCHOLOGY, SOCIAL","SSCI","81,673","6.7","Q1","2.49","20.4"%,
"PSYCHOLOGICAL REVIEW","PSYCHOL REV","AMER PSYCHOLOGICAL ASSOC","0033-295X","1939-1471","PSYCHOLOGY","SCIE","32,225","5.8","Q1","1.98","45.05"%,
"Social Issues and Policy Review","SOC ISS POLICY REV","WILEY","1751-2395","1751-2409","PSYCHOLOGY, SOCIAL","SSCI","1,423","5.6","Q1","2.33","25"%,
"PSYCHOLOGICAL MEDICINE","PSYCHOL MED","CAMBRIDGE UNIV PRESS","0033-2917","1469-8978","PSYCHOLOGY","SCIE","36,435","5.5","Q1","1.97","61.07"%,
"JOURNAL OF SOCIAL ISSUES","J SOC ISSUES","WILEY","0022-4537","1540-4560","PSYCHOLOGY, SOCIAL","SSCI","10,354","4.7","Q1","1.51","36.99"%,
"INTERNATIONAL PSYCHOGERIATRICS","INT PSYCHOGERIATR","ELSEVIER","1041-6102","1741-203X","PSYCHOLOGY","SCIE","8,793","4.3","Q1","1.29","100"%,
"INTERNATIONAL JOURNAL OF EATING DISORDERS","INT J EAT DISORDER","WILEY","0276-3478","1098-108X","PSYCHOLOGY","SCIE","13,255","4.3","Q1","1.23","41.07"%,
"Clinical Psychological Science","CLIN PSYCHOL SCI","SAGE PUBLICATIONS INC","2167-7026","2167-7034","PSYCHOLOGY","SCIE","4,923","4.1","Q1","1.46","23.4"%,
"Psychology of Sexual Orientation and Gender Diversity","PSYCHOL SEX ORIENTAT","AMER PSYCHOLOGICAL ASSOC","2329-0382","2329-0390","PSYCHOLOGY","SCIE","3,221","3.9","Q1","1.38","23.21"%,
"Cyberpsychology Behavior and Social Networking","CYBERPSYCH BEH SOC N","MARY ANN LIEBERT, INC","2152-2715","2152-2723","PSYCHOLOGY, SOCIAL","SSCI","7,838","3.9","Q1","1.32","4.92"%,
"ORGANIZATIONAL BEHAVIOR AND HUMAN DECISION PROCESSES","ORGAN BEHAV HUM DEC","ACADEMIC PRESS INC ELSEVIER SCIENCE","0749-5978","1095-9920","PSYCHOLOGY, SOCIAL","SSCI","16,370","3.8","Q1","1.08","20"%,
"EUROPEAN JOURNAL OF PERSONALITY","EUR J PERSONALITY","SAGE PUBLICATIONS LTD","0890-2070","1099-0984","PSYCHOLOGY, SOCIAL","SSCI","4,830","3.7","Q1","1.31","44.59"%,
"JOURNAL OF HEALTH AND SOCIAL BEHAVIOR","J HEALTH SOC BEHAV","SAGE PUBLICATIONS INC","0022-1465","2150-6000","PSYCHOLOGY, SOCIAL","SSCI","10,931","3.6","Q1","1.88","23.77"%,
"POLITICAL PSYCHOLOGY","POLIT PSYCHOL","WILEY","0162-895X","1467-9221","PSYCHOLOGY, SOCIAL","SSCI","7,565","3.5","Q1","1.57","66.09"%,
"Eating Disorders","EAT DISORD","ROUTLEDGE JOURNALS, TAYLOR & FRANCIS LTD","1064-0266","1532-530X","PSYCHOLOGY","SCIE","1,803","3.5","Q1","0.94","10.29"%,
"PSYCHO-ONCOLOGY","PSYCHO-ONCOLOGY","WILEY","1057-9249","1099-1611","PSYCHOLOGY","SCIE","14,455","3.5","Q1","0.9","45.56"%,
"Journal of Trust Research","J TRUST RES","ROUTLEDGE JOURNALS, TAYLOR & FRANCIS LTD","2151-5581","2151-559X","PSYCHOLOGY, SOCIAL","ESCI","404","3.5","Q1","0.7","35.48"%,
"CHILD ABUSE & NEGLECT","CHILD ABUSE NEGLECT","PERGAMON-ELSEVIER SCIENCE LTD","0145-2134","1873-7757","PSYCHOLOGY, SOCIAL","SSCI","20,163","3.4","Q1","1.62","23.46"%,
"SEX ROLES","SEX ROLES","SPRINGER/PLENUM PUBLISHERS","0360-0025","1573-2762","PSYCHOLOGY, SOCIAL","SSCI","10,949","3.4","Q1","1.44","33.58"%,
"Social Psychological and Personality Science","SOC PSYCHOL PERS SCI","SAGE PUBLICATIONS INC","1948-5506","1948-5514","PSYCHOLOGY, SOCIAL","SSCI","7,295","3.3","Q1","1.35","35.92"%,
"DEPRESSION AND ANXIETY","DEPRESS ANXIETY","WILEY","1091-4269","1520-6394","PSYCHOLOGY","SCIE","12,010","3.3","Q1","1.31","80.56"%,
"PSYCHOLOGY OF SPORT AND EXERCISE","PSYCHOL SPORT EXERC","ELSEVIER","1469-0292","1878-5476","PSYCHOLOGY","SCIE","9,290","3.3","Q1","1.07","41.6"%,
"HUMAN FACTORS","HUM FACTORS","SAGE PUBLICATIONS INC","0018-7208","1547-8181","PSYCHOLOGY","SCIE","10,414","3.3","Q1","0.86","24.77"%,
"LAW AND HUMAN BEHAVIOR","LAW HUMAN BEHAV","EDUCATIONAL PUBLISHING FOUNDATION-AMERICAN PSYCHOLOGICAL ASSOC","0147-7307","1573-661X","PSYCHOLOGY, SOCIAL","SSCI","3,354","3.2","Q1","2.58","35.09"%,
"JOURNALS OF GERONTOLOGY SERIES B-PSYCHOLOGICAL SCIENCES AND SOCIAL SCIENCES","J GERONTOL B-PSYCHOL","OXFORD UNIV PRESS INC","1079-5014","1758-5368","PSYCHOLOGY","SCIE","13,495","3.2","Q1","1.55","18.29"%,
"HEALTH PSYCHOLOGY","HEALTH PSYCHOL","AMER PSYCHOLOGICAL ASSOC","0278-6133","1930-7810","PSYCHOLOGY","SCIE","12,116","3.2","Q1","1.21","50.7"%,
"JOURNAL OF APPLIED SPORT PSYCHOLOGY","J APPL SPORT PSYCHOL","TAYLOR & FRANCIS LTD","1041-3200","1533-1571","PSYCHOLOGY","SCIE","2,903","3.2","Q1","1.03","24.79"%,
"Behavioural Public Policy","BEHAV PUBLIC POLICY","CAMBRIDGE UNIV PRESS","2398-063X","2398-0648","PSYCHOLOGY, SOCIAL","ESCI","1,110","3.1","Q1","1.61","61.29"%,
"Social Cognitive and Affective Neuroscience","SOC COGN AFFECT NEUR","OXFORD UNIV PRESS","1749-5016","1749-5024","PSYCHOLOGY","SCIE","8,456","3.1","Q1","1.25","100"%,
"JOURNAL OF EXPERIMENTAL SOCIAL PSYCHOLOGY","J EXP SOC PSYCHOL","ACADEMIC PRESS INC ELSEVIER SCIENCE","0022-1031","1096-0465","PSYCHOLOGY, SOCIAL","SSCI","15,192","3.1","Q1","1.13","31.63"%,
"JCPP Advances","JCPP ADV","WILEY","2692-9384","2692-9384","PSYCHOLOGY","ESCI","629","3.1","Q1","1.1","97"%,
"JOURNAL OF RESEARCH IN PERSONALITY","J RES PERS","ACADEMIC PRESS INC ELSEVIER SCIENCE","0092-6566","1095-7251","PSYCHOLOGY, SOCIAL","SSCI","10,613","3.1","Q1","1.06","32.35"%,
"NEUROPSYCHOBIOLOGY","NEUROPSYCHOBIOLOGY","KARGER","0302-282X","1423-0224","PSYCHOLOGY","SCIE","2,685","3.1","Q1","0.78","35.96"%,
"JOURNAL OF MEMORY AND LANGUAGE","J MEM LANG","ACADEMIC PRESS INC ELSEVIER SCIENCE","0749-596X","1096-0821","PSYCHOLOGY","SCIE","9,940","3","Q2","1.31","47.65"%,
"BRITISH JOURNAL OF SOCIAL PSYCHOLOGY","BRIT J SOC PSYCHOL","WILEY","0144-6665","2044-8309","PSYCHOLOGY, SOCIAL","SSCI","6,802","3","Q1","1.13","65.14"%,
"COGNITIVE PSYCHOLOGY","COGNITIVE PSYCHOL","ACADEMIC PRESS INC ELSEVIER SCIENCE","0010-0285","1095-5623","PSYCHOLOGY","SCIE","7,790","3","Q2","1.04","41.25"%,
"NEUROPSYCHOLOGY","NEUROPSYCHOLOGY","AMER PSYCHOLOGICAL ASSOC","0894-4105","1931-1559","PSYCHOLOGY","SCIE","5,527","3","Q2","0.91","45.65"%,
"Cultural Diversity & Ethnic Minority Psychology","CULT DIVERS ETHN MIN","EDUCATIONAL PUBLISHING FOUNDATION-AMERICAN PSYCHOLOGICAL ASSOC","1099-9809","1939-0106","PSYCHOLOGY, SOCIAL","SSCI","4,940","2.9","Q2","1.45","30.19"%,
"PERSONALITY AND SOCIAL PSYCHOLOGY BULLETIN","PERS SOC PSYCHOL B","SAGE PUBLICATIONS INC","0146-1672","1552-7433","PSYCHOLOGY, SOCIAL","SSCI","20,155","2.9","Q2","1.13","32.37"%,
"BIOLOGICAL PSYCHOLOGY","BIOL PSYCHOL","ELSEVIER","0301-0511","1873-6246","PSYCHOLOGY","SCIE","10,263","2.9","Q2","0.91","29.34"%,
"International Journal of Intercultural Relations","INT J INTERCULT REL","PERGAMON-ELSEVIER SCIENCE LTD","0147-1767","1873-7552","PSYCHOLOGY, SOCIAL","SSCI","5,570","2.8","Q2","1.24","29.37"%,
"PSYCHOPHYSIOLOGY","PSYCHOPHYSIOLOGY","WILEY","0048-5772","1469-8986","PSYCHOLOGY","SCIE","15,783","2.8","Q2","0.95","49.55"%,
"JOURNAL OF CROSS-CULTURAL PSYCHOLOGY","J CROSS CULT PSYCHOL","SAGE PUBLICATIONS INC","0022-0221","1552-5422","PSYCHOLOGY, SOCIAL","SSCI","7,499","2.8","Q2","0.93","27.97"%,
"Psychology of Men & Masculinities","PSYCHOL MEN MASCULIN","EDUCATIONAL PUBLISHING FOUNDATION-AMERICAN PSYCHOLOGICAL ASSOC","1524-9220","1939-151X","PSYCHOLOGY, SOCIAL","SSCI","2,822","2.8","Q2","0.89","14.5"%,
"Social and Personality Psychology Compass","SOC PERSONAL PSYCHOL","WILEY","N/A","1751-9004","PSYCHOLOGY, SOCIAL","SSCI","7,430","2.8","Q2","0.89","48.6"%,
"JOURNAL OF PERSONALITY","J PERS","WILEY","0022-3506","1467-6494","PSYCHOLOGY, SOCIAL","SSCI","10,880","2.7","Q2","1.15","52.05"%,
"EUROPEAN JOURNAL OF SOCIAL PSYCHOLOGY","EUR J SOC PSYCHOL","WILEY","0046-2772","1099-0992","PSYCHOLOGY, SOCIAL","SSCI","8,917","2.7","Q2","1.09","55.96"%,
"CLINICAL NEUROPSYCHOLOGIST","CLIN NEUROPSYCHOL","TAYLOR & FRANCIS INC","1385-4046","1744-4144","PSYCHOLOGY","SCIE","4,880","2.7","Q2","1.01","11.37"%,
"STRESS AND HEALTH","STRESS HEALTH","WILEY","1532-3005","1532-2998","PSYCHOLOGY","SCIE","4,273","2.7","Q2","0.92","40.33"%,
"PSYCHOLOGY AND PSYCHOTHERAPY-THEORY RESEARCH AND PRACTICE","PSYCHOL PSYCHOTHER-T","WILEY","1476-0835","2044-8341","PSYCHOLOGY","SCIE","2,223","2.7","Q2","0.9","68.26"%,
"Personality and Mental Health","PERSONAL MENT HEALTH","WILEY","1932-8621","1932-863X","PSYCHOLOGY, SOCIAL","SSCI","985","2.7","Q2","0.81","40.96"%,
"Frontiers in Human Neuroscience","FRONT HUM NEUROSCI","FRONTIERS MEDIA SA","1662-5161","1662-5161","PSYCHOLOGY","SCIE","29,274","2.7","Q2","0.73","99.62"%,
"PERSONALITY AND INDIVIDUAL DIFFERENCES","PERS INDIV DIFFER","PERGAMON-ELSEVIER SCIENCE LTD","0191-8869","1873-3549","PSYCHOLOGY, SOCIAL","SSCI","36,014","2.6","Q2","1.12","26.49"%,
"INTERNATIONAL JOURNAL OF PSYCHOPHYSIOLOGY","INT J PSYCHOPHYSIOL","ELSEVIER","0167-8760","1872-7697","PSYCHOLOGY","SCIE","9,774","2.6","Q2","0.84","22.87"%,
"JOURNAL OF SPORT & EXERCISE PSYCHOLOGY","J SPORT EXERCISE PSY","HUMAN KINETICS PUBL INC","0895-2779","1543-2904","PSYCHOLOGY","SCIE","4,641","2.6","Q2","0.83","2.22"%,
"JOURNAL OF THE INTERNATIONAL NEUROPSYCHOLOGICAL SOCIETY","J INT NEUROPSYCH SOC","CAMBRIDGE UNIV PRESS","1355-6177","1469-7661","PSYCHOLOGY","SCIE","7,283","2.6","Q2","0.81","57.61"%,
"Affective Science","AFFECT SCI","SPRINGERNATURE","2662-2041","2662-205X","PSYCHOLOGY","ESCI","937","2.6","Q2","0.78","19.37"%,
"MOTIVATION AND EMOTION","MOTIV EMOTION","SPRINGER/PLENUM PUBLISHERS","0146-7239","1573-6644","PSYCHOLOGY, SOCIAL","SSCI","6,071","2.5","Q2","0.86","34.29"%,
"Journal of the Academy of Consultation-Liaison Psychiatry","J ACAD CONSULT-LIAIS","ELSEVIER SCIENCE INC","2667-2960","2667-2960","PSYCHOLOGY","SCIE","477","2.5","Q2","0.73","12.26"%,
"Journal of Diversity in Higher Education","J DIVERS HIGH EDUC","EDUCATIONAL PUBLISHING FOUNDATION-AMERICAN PSYCHOLOGICAL ASSOC","1938-8926","1938-8934","PSYCHOLOGY, SOCIAL","SSCI","2,285","2.4","Q2","1.15","12.98"%,
"PSYCHOSOMATIC MEDICINE","PSYCHOSOM MED","LIPPINCOTT WILLIAMS & WILKINS","0033-3174","1534-7796","PSYCHOLOGY","SCIE","11,600","2.4","Q2","0.93","15.07"%,
"ERGONOMICS","ERGONOMICS","TAYLOR & FRANCIS LTD","0014-0139","1366-5847","PSYCHOLOGY","SCIE","9,765","2.4","Q2","0.66","18.63"%,
"GROUP PROCESSES & INTERGROUP RELATIONS","GROUP PROCESS INTERG","SAGE PUBLICATIONS LTD","1368-4302","1461-7188","PSYCHOLOGY, SOCIAL","SSCI","4,512","2.3","Q2","1.25","30.7"%,
"JOURNAL OF LANGUAGE AND SOCIAL PSYCHOLOGY","J LANG SOC PSYCHOL","SAGE PUBLICATIONS INC","0261-927X","1552-6526","PSYCHOLOGY, SOCIAL","SSCI","2,615","2.3","Q2","1.02","24.42"%,
"JOURNAL OF SOCIAL AND PERSONAL RELATIONSHIPS","J SOC PERS RELAT","SAGE PUBLICATIONS LTD","0265-4075","1460-3608","PSYCHOLOGY, SOCIAL","SSCI","6,671","2.3","Q2","1","24.85"%,
"JOURNAL OF APPLIED SOCIAL PSYCHOLOGY","J APPL SOC PSYCHOL","WILEY","0021-9029","1559-1816","PSYCHOLOGY, SOCIAL","SSCI","9,447","2.3","Q2","0.85","49.18"%,
"JOURNAL OF EXPERIMENTAL PSYCHOLOGY-HUMAN PERCEPTION AND PERFORMANCE","J EXP PSYCHOL HUMAN","AMER PSYCHOLOGICAL ASSOC","0096-1523","1939-1277","PSYCHOLOGY","SCIE","10,056","2.3","Q2","0.83","23.22"%,
"Stigma and Health","STIGMA HEALTH","EDUCATIONAL PUBLISHING FOUNDATION-AMERICAN PSYCHOLOGICAL ASSOC","2376-6972","2376-6964","PSYCHOLOGY, SOCIAL","ESCI","1,403","2.2","Q2","0.87","27.08"%,
"Current Research in Ecological and Social Psychology","CURR RES ECOL SOC PS","ELSEVIER","N/A","2666-6227","PSYCHOLOGY, SOCIAL","ESCI","378","2.2","Q2","0.86","100"%,
"Journal of Latinx Psychology","J LATINX PSYCHOL","EDUCATIONAL PUBLISHING FOUNDATION-AMERICAN PSYCHOLOGICAL ASSOC","2578-8086","2578-8094","PSYCHOLOGY, SOCIAL","SSCI","309","2.2","Q2","0.82","27.4"%,
"PERSONAL RELATIONSHIPS","PERS RELATIONSHIP","WILEY","1350-4126","1475-6811","PSYCHOLOGY, SOCIAL","SSCI","3,004","2.2","Q2","0.8","37.18"%,
"Journal of Studies on Alcohol and Drugs","J STUD ALCOHOL DRUGS","ALCOHOL RES DOCUMENTATION INC CENT ALCOHOL STUD RUTGERS UNIV","1937-1888","1938-4114","PSYCHOLOGY","SCIE","5,692","2.2","Q2","0.76","2.08"%,
"DEVELOPMENTAL PSYCHOBIOLOGY","DEV PSYCHOBIOL","WILEY","0012-1630","1098-2302","PSYCHOLOGY","SCIE","4,632","2.2","Q2","0.73","29.29"%,
"GROUP DYNAMICS-THEORY RESEARCH AND PRACTICE","GROUP DYN-THEOR RES","EDUCATIONAL PUBLISHING FOUNDATION-AMERICAN PSYCHOLOGICAL ASSOC","1089-2699","1930-7802","PSYCHOLOGY, SOCIAL","SSCI","1,190","2.2","Q2","0.7","0"%,
"DEVELOPMENTAL NEUROPSYCHOLOGY","DEV NEUROPSYCHOL","ROUTLEDGE JOURNALS, TAYLOR & FRANCIS LTD","8756-5641","1532-6942","PSYCHOLOGY","SCIE","2,718","2.2","Q2","0.6","15.87"%,
"RESEARCH ON LANGUAGE AND SOCIAL INTERACTION","RES LANG SOC INTERAC","ROUTLEDGE JOURNALS, TAYLOR & FRANCIS LTD","0835-1813","1532-7973","PSYCHOLOGY, SOCIAL","SSCI","2,325","2.1","Q3","1.38","53.7"%,
"SOCIAL PSYCHOLOGY QUARTERLY","SOC PSYCHOL QUART","SAGE PUBLICATIONS INC","0190-2725","1939-8999","PSYCHOLOGY, SOCIAL","SSCI","3,919","2.1","Q3","0.95","14.29"%,
"JOURNAL OF COMMUNITY & APPLIED SOCIAL PSYCHOLOGY","J COMMUNITY APPL SOC","WILEY","1052-9284","1099-1298","PSYCHOLOGY, SOCIAL","SSCI","2,344","2.1","Q3","0.82","57.78"%,
"JOURNAL OF EXPERIMENTAL PSYCHOLOGY-LEARNING MEMORY AND COGNITION","J EXP PSYCHOL LEARN","AMER PSYCHOLOGICAL ASSOC","0278-7393","1939-1285","PSYCHOLOGY","SCIE","11,982","2.1","Q2","0.79","26.67"%,
"ARCHIVES OF CLINICAL NEUROPSYCHOLOGY","ARCH CLIN NEUROPSYCH","OXFORD UNIV PRESS","0887-6177","1873-5843","PSYCHOLOGY","SCIE","5,741","2.1","Q2","0.7","14.85"%,
"JOURNAL OF LOSS & TRAUMA","J LOSS TRAUMA","TAYLOR & FRANCIS INC","1532-5024","1532-5032","PSYCHOLOGY, SOCIAL","SSCI","1,655","2.1","Q3","0.63","16.23"%,
"Self and Identity","SELF IDENTITY","ROUTLEDGE JOURNALS, TAYLOR & FRANCIS LTD","1529-8868","1529-8876","PSYCHOLOGY, SOCIAL","SSCI","3,266","2.1","Q3","0.59","11.9"%,
"Emerging Adulthood","EMERG ADULTHOOD","SAGE PUBLICATIONS INC","2167-6968","2167-6984","PSYCHOLOGY, SOCIAL","SSCI","2,119","2","Q3","0.94","22.81"%,
"Social Psychological Bulletin","SOC PSYCHOL BULL","Leibniz Institute Psychology","N/A","2569-653X","PSYCHOLOGY, SOCIAL","ESCI","259","2","Q3","0.81","93.02"%,
"JOURNAL OF PERSONALITY ASSESSMENT","J PERS ASSESS","ROUTLEDGE JOURNALS, TAYLOR & FRANCIS LTD","0022-3891","1532-7752","PSYCHOLOGY, SOCIAL","SSCI","10,984","2","Q3","0.8","16.3"%,
"Clinical Child Psychology and Psychiatry","CLIN CHILD PSYCHOL P","SAGE PUBLICATIONS INC","1359-1045","1461-7021","PSYCHOLOGY","SCIE","2,199","2","Q2","0.53","25.89"%,
"Indian Journal of Psychological Medicine","INDIAN J PSYCHOL MED","SAGE PUBLICATIONS INC","0253-7176","0975-1564","PSYCHOLOGY","ESCI","3,293","2","Q2","0.53","97"%,
"Social Justice Research","SOC JUSTICE RES","SPRINGER","0885-7466","1573-6725","PSYCHOLOGY, SOCIAL","SSCI","1,474","1.9","Q3","0.79","48.28"%,
"SMALL GROUP RESEARCH","SMALL GR RES","SAGE PUBLICATIONS INC","1046-4964","1552-8278","PSYCHOLOGY, SOCIAL","SSCI","2,118","1.9","Q3","0.71","28.89"%,
"Identity-An International Journal of Theory and Research","IDENTITY","ROUTLEDGE JOURNALS, TAYLOR & FRANCIS LTD","1528-3488","1532-706X","PSYCHOLOGY, SOCIAL","ESCI","965","1.9","Q3","0.66","28.92"%,
"HUMAN MOVEMENT SCIENCE","HUM MOVEMENT SCI","ELSEVIER","0167-9457","1872-7646","PSYCHOLOGY","SCIE","6,008","1.9","Q3","0.63","26.36"%,
"NEUROPSYCHOLOGICAL REHABILITATION","NEUROPSYCHOL REHABIL","ROUTLEDGE JOURNALS, TAYLOR & FRANCIS LTD","0960-2011","1464-0694","PSYCHOLOGY","SCIE","3,093","1.9","Q3","0.48","28.79"%,
"Spanish Journal of Psychology","SPAN J PSYCHOL","CAMBRIDGE UNIV PRESS","1138-7416","1988-2904","PSYCHOLOGY","SCIE","2,250","1.8","Q3","0.89","52.81"%,
"NEUROBIOLOGY OF LEARNING AND MEMORY","NEUROBIOL LEARN MEM","ACADEMIC PRESS INC ELSEVIER SCIENCE","1074-7427","1095-9564","PSYCHOLOGY","SCIE","6,337","1.8","Q3","0.78","23.36"%,
"Analyses of Social Issues and Public Policy","ANAL SOC ISS PUB POL","WILEY","1529-7489","1530-2415","PSYCHOLOGY, SOCIAL","SSCI","938","1.8","Q3","0.58","47.22"%,
"BASIC AND APPLIED SOCIAL PSYCHOLOGY","BASIC APPL SOC PSYCH","ROUTLEDGE JOURNALS, TAYLOR & FRANCIS LTD","0197-3533","1532-4834","PSYCHOLOGY, SOCIAL","SSCI","2,743","1.8","Q3","0.56","8.96"%,
"Journal of Neuropsychology","J NEUROPSYCHOL","WILEY","1748-6645","1748-6653","PSYCHOLOGY","SCIE","883","1.8","Q3","0.55","54.24"%,
"Translational Issues in Psychological Science","TRANSL ISS PSYCH SCI","EDUCATIONAL PUBLISHING FOUNDATION-AMERICAN PSYCHOLOGICAL ASSOC","2332-2136","2332-2179","PSYCHOLOGY","ESCI","987","1.7","Q3","0.78","20.8"%,
"JOURNAL OF CLINICAL AND EXPERIMENTAL NEUROPSYCHOLOGY","J CLIN EXP NEUROPSYC","TAYLOR & FRANCIS INC","1380-3395","1744-411X","PSYCHOLOGY","SCIE","5,155","1.7","Q3","0.7","14.49"%,
"JOURNAL OF NONVERBAL BEHAVIOR","J NONVERBAL BEHAV","SPRINGER","0191-5886","1573-3653","PSYCHOLOGY, SOCIAL","SSCI","1,943","1.7","Q3","0.68","46.84"%,
"Attention Perception & Psychophysics","ATTEN PERCEPT PSYCHO","SPRINGER","1943-3921","1943-393X","PSYCHOLOGY","SCIE","5,814","1.7","Q3","0.63","44.54"%,
"JOURNAL OF SOCIAL PSYCHOLOGY","J SOC PSYCHOL","ROUTLEDGE JOURNALS, TAYLOR & FRANCIS LTD","0022-4545","1940-1183","PSYCHOLOGY, SOCIAL","SSCI","4,218","1.7","Q3","0.6","6.75"%,
"COGNITIVE NEUROPSYCHOLOGY","COGN NEUROPSYCHOL","ROUTLEDGE JOURNALS, TAYLOR & FRANCIS LTD","0264-3294","1464-0627","PSYCHOLOGY","SCIE","1,881","1.7","Q3","0.59","25.53"%,
"JOURNAL OF GENETIC PSYCHOLOGY","J GENET PSYCHOL","ROUTLEDGE JOURNALS, TAYLOR & FRANCIS LTD","0022-1325","1940-0896","PSYCHOLOGY","SCIE","1,554","1.7","Q3","0.59","2.75"%,
"SUBSTANCE USE & MISUSE","SUBST USE MISUSE","TAYLOR & FRANCIS INC","1082-6084","1532-2491","PSYCHOLOGY","SCIE","5,676","1.7","Q3","0.58","9.04"%,
"CLINICAL EEG AND NEUROSCIENCE","CLIN EEG NEUROSCI","SAGE PUBLICATIONS INC","1550-0594","2169-5202","PSYCHOLOGY","SCIE","1,542","1.7","Q3","0.49","10.69"%,
"HUMAN PSYCHOPHARMACOLOGY-CLINICAL AND EXPERIMENTAL","HUM PSYCHOPHARM CLIN","WILEY","0885-6222","1099-1077","PSYCHOLOGY","SCIE","1,865","1.7","Q3","0.47","38.71"%,
"International Review of Social Psychology","INT REV SOC PSYCHOL","UBIQUITY PRESS LTD","2397-8570","2397-8570","PSYCHOLOGY, SOCIAL","SSCI","691","1.6","Q3","0.61","98.21"%,
"ASIAN JOURNAL OF SOCIAL PSYCHOLOGY","ASIAN J SOC PSYCHOL","WILEY","1367-2223","1467-839X","PSYCHOLOGY, SOCIAL","SSCI","1,546","1.6","Q3","0.59","20.3"%,
"RESEARCH QUARTERLY FOR EXERCISE AND SPORT","RES Q EXERCISE SPORT","ROUTLEDGE JOURNALS, TAYLOR & FRANCIS LTD","0270-1367","2168-3824","PSYCHOLOGY","SCIE","4,932","1.6","Q3","0.57","9.96"%,
"JOURNAL FOR THE THEORY OF SOCIAL BEHAVIOUR","J THEOR SOC BEHAV","WILEY","0021-8308","1468-5914","PSYCHOLOGY, SOCIAL","SSCI","1,673","1.6","Q3","0.5","52.22"%,
"Social Psychology","SOC PSYCHOL-GERMANY","HOGREFE PUBLISHING CORP","1864-9335","2151-2590","PSYCHOLOGY, SOCIAL","SSCI","1,272","1.5","Q4","0.52","17.44"%,
"Applied Neuropsychology-Adult","APPL NEUROPSYCH-ADUL","ROUTLEDGE JOURNALS, TAYLOR & FRANCIS LTD","2327-9095","2327-9109","PSYCHOLOGY","SCIE","1,980","1.5","Q3","0.5","7.8"%,
"JOURNAL OF PSYCHOSOCIAL ONCOLOGY","J PSYCHOSOC ONCOL","ROUTLEDGE JOURNALS, TAYLOR & FRANCIS LTD","0734-7332","1540-7586","PSYCHOLOGY, SOCIAL","SSCI","1,563","1.5","Q4","0.49","10.79"%,
"Multisensory Research","MULTISENS RES","BRILL","2213-4794","2213-4808","PSYCHOLOGY","SCIE","653","1.5","Q3","0.48","32.47"%,
"Peace and Conflict-Journal of Peace Psychology","PEACE CONFL","EDUCATIONAL PUBLISHING FOUNDATION-AMERICAN PSYCHOLOGICAL ASSOC","1078-1919","1532-7949","PSYCHOLOGY, SOCIAL","ESCI","1,088","1.5","Q4","0.46","7.01"%,
"Social Neuroscience","SOC NEUROSCI-UK","ROUTLEDGE JOURNALS, TAYLOR & FRANCIS LTD","1747-0919","1747-0927","PSYCHOLOGY","SCIE","2,086","1.5","Q3","0.44","14.74"%,
"DEVIANT BEHAVIOR","DEVIANT BEHAV","TAYLOR & FRANCIS INC","0163-9625","1521-0456","PSYCHOLOGY, SOCIAL","SSCI","2,611","1.4","Q4","0.73","17.46"%,
"VISION RESEARCH","VISION RES","PERGAMON-ELSEVIER SCIENCE LTD","0042-6989","1878-5646","PSYCHOLOGY","SCIE","13,189","1.4","Q3","0.63","33.57"%,
"Journal of Social and Political Psychology","J SOC POLIT PSYCHOL","PSYCHOPEN","N/A","2195-3325","PSYCHOLOGY, SOCIAL","ESCI","933","1.4","Q4","0.54","100"%,
"QUARTERLY JOURNAL OF EXPERIMENTAL PSYCHOLOGY","Q J EXP PSYCHOL","SAGE PUBLICATIONS LTD","1747-0218","1747-0226","PSYCHOLOGY","SCIE","6,840","1.4","Q3","0.54","37.9"%,
"Evolutionary Behavioral Sciences","EVOL BEHAV SCI","AMER PSYCHOLOGICAL ASSOC","2330-2925","2330-2933","PSYCHOLOGY","ESCI","440","1.4","Q3","0.5","4.21"%,
"Clinical Psychologist","CLIN PSYCHOL-UK","TAYLOR & FRANCIS LTD","1328-4207","1742-9552","PSYCHOLOGY","SCIE","759","1.4","Q3","0.45","20.65"%,
"Anales de Psicologia","AN PSICOL-SPAIN","UNIV MURCIA","0212-9728","1695-2294","PSYCHOLOGY","SCIE","2,223","1.3","Q3","0.55","98.72"%,
"EXPERIMENTAL AGING RESEARCH","EXP AGING RES","TAYLOR & FRANCIS INC","0361-073X","1096-4657","PSYCHOLOGY","SCIE","1,310","1.3","Q3","0.44","8.94"%,
"Journal of Theoretical Social Psychology","J THEOR SOC PSYCHOL","WILEY","N/A","2475-0387","PSYCHOLOGY, SOCIAL","ESCI","277","1.2","Q4","0.65","100"%,
"Health Psychology Report","HEALTH PSYCHOL REP","TERMEDIA PUBLISHING HOUSE LTD","2353-4184","2353-5571","PSYCHOLOGY, SOCIAL","ESCI","348","1.2","Q4","0.63","98.96"%,
"SPORT PSYCHOLOGIST","SPORT PSYCHOL","HUMAN KINETICS PUBL INC","0888-4781","1543-2793","PSYCHOLOGY","SCIE","2,142","1.2","Q4","0.51","1.22"%,
"International Journal of Social Psychology","INT J SOC PSYCHOL","SAGE PUBLICATIONS INC","0213-4748","1579-3680","PSYCHOLOGY, SOCIAL","SSCI","135","1.2","Q4","0.42","12.7"%,
"JOURNAL OF MOTOR BEHAVIOR","J MOTOR BEHAV","ROUTLEDGE JOURNALS, TAYLOR & FRANCIS LTD","0022-2895","1940-1027","PSYCHOLOGY","SCIE","2,469","1.2","Q4","0.39","6.12"%,
"Neuropsychological Trends","NEUROPSYCHOL TRENDS","LED EDIZIONI UNIV","1970-321X","1970-3201","PSYCHOLOGY","ESCI","71","1.1","Q4","0.49","100"%,
"Applied Neuropsychology-Child","APPL NEUROPSYCH-CHIL","ROUTLEDGE JOURNALS, TAYLOR & FRANCIS LTD","2162-2965","2162-2973","PSYCHOLOGY","SCIE","807","1.1","Q4","0.48","7.3"%,
"PERCEPTION","PERCEPTION","SAGE PUBLICATIONS LTD","0301-0066","1468-4233","PSYCHOLOGY","SCIE","4,711","1.1","Q4","0.48","33.33"%,
"Current Issues in Personality Psychology","CURR ISS PERSONAL PS","TERMEDIA PUBLISHING HOUSE LTD","2353-4192","2353-561X","PSYCHOLOGY, SOCIAL","ESCI","316","1.1","Q4","0.4","98.96"%,
"Acta Neuropsychologica","ACTA NEUROPSYCHOL","MEDSPORTPRESS PUBLISHING HOUSE","1730-7503","2084-4298","PSYCHOLOGY","ESCI","249","1.1","Q4","0.38","0"%,
"Zeitschrift fur Neuropsychologie","Z NEUROPSYCHOL","HOGREFE AG-HOGREFE AG SUISSE","1016-264X","1664-2902","PSYCHOLOGY","SCIE","130","1","Q4","0.32","48.84"%,
"JOURNAL OF COMPARATIVE PSYCHOLOGY","J COMP PSYCHOL","AMER PSYCHOLOGICAL ASSOC","0735-7036","1939-2087","PSYCHOLOGY","SCIE","2,361","0.9","Q4","0.53","18.07"%,
"JOURNAL OF EXPERIMENTAL PSYCHOLOGY-ANIMAL LEARNING AND COGNITION","J EXP PSYCHOL-ANIM L","AMER PSYCHOLOGICAL ASSOC","2329-8456","2329-8464","PSYCHOLOGY","SCIE","1,545","0.9","Q4","0.5","32.88"%,
"KOLNER ZEITSCHRIFT FUR SOZIOLOGIE UND SOZIALPSYCHOLOGIE","KOLNER Z SOZIOL SOZ","SPRINGER VIEWEG-SPRINGER FACHMEDIEN WIESBADEN GMBH","0023-2653","1861-891X","PSYCHOLOGY, SOCIAL","SSCI","890","0.9","Q4","0.47","97.03"%,
"Journal of Individual Differences","J INDIVID DIFFER","HOGREFE PUBLISHING CORP","1614-0001","2151-2299","PSYCHOLOGY, SOCIAL","SSCI","873","0.9","Q4","0.39","18.46"%,
"SOCIAL COGNITION","SOC COGNITION","GUILFORD PUBLICATIONS INC","0278-016X","N/A","PSYCHOLOGY, SOCIAL","SSCI","2,587","0.9","Q4","0.38","1.45"%,
"JOURNAL OF SOCIAL AND CLINICAL PSYCHOLOGY","J SOC CLIN PSYCHOL","GUILFORD PUBLICATIONS INC","0736-7236","N/A","PSYCHOLOGY, SOCIAL","SSCI","3,509","0.9","Q4","0.35","0"%,
"ZEITSCHRIFT FUR PSYCHOSOMATISCHE MEDIZIN UND PSYCHOTHERAPIE","Z PSYCHOSOM MED PSYC","Brill Deutschland GmbH","1438-3608","2196-8349","PSYCHOLOGY","SCIE","391","0.8","Q4","0.52","22.64"%,
"Psicologia Sociale","PSICOLOG SOC","SOC ED IL MULINO","1827-2517","2612-2006","PSYCHOLOGY, SOCIAL","ESCI","135","0.8","Q4","0.39","0"%,
"SOCIAL BEHAVIOR AND PERSONALITY","SOC BEHAV PERSONAL","SOC PERSONALITY RES INC","0301-2212","1179-6391","PSYCHOLOGY, SOCIAL","SSCI","4,285","0.8","Q4","0.36","97.06"%,
"Journal of Pediatric Neuropsychology","J PEDIATR NEUROPSYCH","AMER PSYCHOLOGICAL ASSOC","2199-2681","2199-2673","PSYCHOLOGY","ESCI","126","0.8","Q4","0.3","26.87"%,
"NEUROCASE","NEUROCASE","ROUTLEDGE JOURNALS, TAYLOR & FRANCIS LTD","1355-4794","1465-3656","PSYCHOLOGY","SCIE","993","0.8","Q4","0.23","9.62"%,
"Journal of EMDR Practice and Research","J EMDR PRACT RES","SPRINGER PUBLISHING CO","1933-3196","1933-320X","PSYCHOLOGY","ESCI","438","0.7","Q4","0.32","0"%,
"Social Influence","SOC INFLUENCE","ROUTLEDGE JOURNALS, TAYLOR & FRANCIS LTD","1553-4510","1553-4529","PSYCHOLOGY, SOCIAL","SSCI","653","0.6","Q4","0.34","100"%,
"GIO-Gruppe-Interaktion-Organisation-Zeitschrift fuer Angewandte Organisationspsychologie","GIO-GRUP-INTERAKT-OR","SPRINGER VIEWEG-SPRINGER FACHMEDIEN WIESBADEN GMBH","2366-6145","2366-6218","PSYCHOLOGY, SOCIAL","ESCI","191","0.6","Q4","0.23","70.14"%,
"INTERNATIONAL JOURNAL OF SPORT PSYCHOLOGY","INT J SPORT PSYCHOL","EDIZIONI LUIGI POZZI","0047-0767","N/A","PSYCHOLOGY","SCIE","1,085","0.6","Q4","0.21","0"%,
"ANNALES MEDICO-PSYCHOLOGIQUES","ANN MED-PSYCHOL","MASSON EDITEUR","0003-4487","1769-6631","PSYCHOLOGY","SCIE","768","0.5","Q4","0.18","7.69"%,
"Gedrag & Organisatie","GEDRAG ORGAN","UITGEVERIJ LEMMA B V","0921-5077","1875-7235","PSYCHOLOGY, SOCIAL","SSCI","116","0.5","Q4","0.18","12.5"%,
"Papers on Social Representations","PAP SOC REPRESENT","Univ Inst of Lisbon ISCTE-IUL","1021-5573","1819-3978","PSYCHOLOGY, SOCIAL","ESCI","202","0.5","Q4","0.12","0"%,
"Anuario de Psicologia","ANU PSICOL","UNIV BARCELONA, FAC PSICOLOGIA","0066-5126","1988-5253","PSYCHOLOGY","ESCI","222","0.4","Q4","0.12","84.75"%,
"Actualidades en Psicologia","ACTUAL PSICOL","UNIV COSTA RICA, INST INVESTIGACION PSICOLOGICAS","0258-6444","2215-3535","PSYCHOLOGY","ESCI","135","0.4","Q4","0.11","94.23"%,
"TRAVAIL HUMAIN","TRAV HUMAIN","PRESSES UNIV FRANCE","0041-1868","2104-3663","PSYCHOLOGY","SCIE","292","0.4","Q4","0.11","0"%,
"Avances en Psicologia Latinoamericana","AV PSICOL LATINOAM","UNIV ROSARIO","1794-4724","2145-4515","PSYCHOLOGY","ESCI","223","0.4","Q4","0.06","98.53"%,
"Pratiques Psychologiques","PRAT PSYCHOL","ELSEVIER FRANCE-EDITIONS SCIENTIFIQUES MEDICALES ELSEVIER","1269-1763","N/A","PSYCHOLOGY","SCIE","156","0.3","Q4","0.27","6.38"%,
"Geriatrie et Psychologie Neuropsychiatrie du Vieillissement","GERIATR PSYCHOL NEUR","JLE","2115-8789","2115-7863","PSYCHOLOGY","SCIE","206","0.3","Q4","0.11","0"%,
"Current Research in Social Psychology","CURR RES SOC PSYCHOL","UNIV IOWA, DEPT SOCIOLOGY","1088-7423","1088-7423","PSYCHOLOGY, SOCIAL","ESCI","99","0.3","Q4","0.08","0"%,
"Psycho-Oncologie","PSYCHO-ONCOLOGIE","PiscoMed Publ Pte Ltd","1778-3798","1778-381X","PSYCHOLOGY","SCIE","109","0.3","Q4","0.08","22.45"%,
"Ricerche di Psicologia","RIC PSICOL","FRANCO ANGELI","0391-6081","1972-5620","PSYCHOLOGY","ESCI","99","0.1","Q4","0.09","1.37"%,

Copyright (c) 2026 Clarivate 
By exporting the selected data; you agree to the data usage policy set forth in the Terms of Use 
