"Journal Data Filtered By:  Selected Categories: SOCIAL SCIENCES, INTERDISCIPLINARY Selected Editions: SCIE;SSCI;AHCI;ESCI Selected JCR Year: 2024 Selected Category Schema: WOS Selected Open Access: N Indicator: Default"

Journal name,JCR Abbreviation,Publisher,ISSN,eISSN,Category,Edition,Total Citations,2024 JIF,JIF Quartile,2024 JCI,% of Citable OA
"International Journal of Transgender Health","INT J TRANSGEND HEAL","TAYLOR & FRANCIS INC","2689-5269","2689-5277","SOCIAL SCIENCES, INTERDISCIPLINARY","SSCI","2,255","14.8","Q1","2.59","28.11"%,
"TECHNOLOGY IN SOCIETY","TECHNOL SOC","ELSEVIER SCI LTD","0160-791X","1879-3274","SOCIAL SCIENCES, INTERDISCIPLINARY","SSCI","16,227","12.5","Q1","4.98","24.14"%,
"Adolescent Research Review","ADOLESC RES REV","SPRINGER INT PUBL AG","2363-8346","2363-8354","SOCIAL SCIENCES, INTERDISCIPLINARY","SSCI","1,350","8.1","Q1","1.32","69.86"%,
"Journal of Mixed Methods Research","J MIX METHOD RES","SAGE PUBLICATIONS INC","1558-6898","1558-6901","SOCIAL SCIENCES, INTERDISCIPLINARY","SSCI","2,621","7.8","Q1","2.14","23.88"%,
"Journal of Consumer Sciences","J CONSUM SCI","SOUTH AFRICAN ASSOC FAMILY ECOLOGY & CONSUMER SCIENCES-SAAFECS","N/A","0378-5254","SOCIAL SCIENCES, INTERDISCIPLINARY","ESCI","131","7.2","Q1","0.23","0"%,
"Campbell Systematic Reviews","CAMPBELL SYST REV","WILEY","N/A","1891-1803","SOCIAL SCIENCES, INTERDISCIPLINARY","ESCI","2,475","7.1","Q1","1.97","96.68"%,
"ACCIDENT ANALYSIS AND PREVENTION","ACCIDENT ANAL PREV","PERGAMON-ELSEVIER SCIENCE LTD","0001-4575","1879-2057","SOCIAL SCIENCES, INTERDISCIPLINARY","SSCI","31,668","6.2","Q1","2.05","18.68"%,
"Big Data & Society","BIG DATA SOC","SAGE PUBLICATIONS INC","2053-9517","2053-9517","SOCIAL SCIENCES, INTERDISCIPLINARY","SSCI","5,264","5.9","Q1","2.94","98.48"%,
"HUMAN RELATIONS","HUM RELAT","SAGE PUBLICATIONS LTD","0018-7267","1741-282X","SOCIAL SCIENCES, INTERDISCIPLINARY","SSCI","12,747","5.4","Q1","1.87","45.93"%,
"JOURNAL OF SAFETY RESEARCH","J SAFETY RES","PERGAMON-ELSEVIER SCIENCE LTD","0022-4375","1879-1247","SOCIAL SCIENCES, INTERDISCIPLINARY","SSCI","6,690","4.4","Q1","1.38","23.65"%,
"RSF-The Russell Sage Journal of the Social Sciences","RSF-RUS SAGE J SOC S","RUSSELL SAGE FOUNDATION","2377-8253","2377-8261","SOCIAL SCIENCES, INTERDISCIPLINARY","SSCI","1,478","3.9","Q1","2.99","96.13"%,
"Contemporary Social Science","CONTEMP SOC SCI","TAYLOR & FRANCIS LTD","2158-2041","2158-205X","SOCIAL SCIENCES, INTERDISCIPLINARY","ESCI","948","3.9","Q1","1.74","61.11"%,
"PNAS Nexus","PNAS NEXUS","OXFORD UNIV PRESS","N/A","2752-6542","SOCIAL SCIENCES, INTERDISCIPLINARY","ESCI","3,154","3.8","Q1","1.95","99.05"%,
"International Journal of Qualitative Methods","INT J QUAL METH","SAGE PUBLICATIONS INC","1609-4069","1609-4069","SOCIAL SCIENCES, INTERDISCIPLINARY","SSCI","11,775","3.8","Q1","1.9","97.71"%,
"EVALUATION REVIEW","EVALUATION REV","SAGE PUBLICATIONS INC","0193-841X","1552-3926","SOCIAL SCIENCES, INTERDISCIPLINARY","SSCI","1,404","3.7","Q1","2.09","9.48"%,
"POLICY SCIENCES","POLICY SCI","SPRINGER","0032-2687","1573-0891","SOCIAL SCIENCES, INTERDISCIPLINARY","SSCI","3,336","3.7","Q1","1.68","56.6"%,
"European Journal of Futures Research","EUR J FUTURES RES","SPRINGER","2195-4194","2195-2248","SOCIAL SCIENCES, INTERDISCIPLINARY","SSCI","532","3.7","Q1","1.48","100"%,
"Research in Globalization","RES GLOB","ELSEVIER","N/A","2590-051X","SOCIAL SCIENCES, INTERDISCIPLINARY","ESCI","760","3.7","Q1","1.24","98.91"%,
"Humanities & Social Sciences Communications","HUM SOC SCI COMMUN","SPRINGERNATURE","N/A","2662-9992","SOCIAL SCIENCES, INTERDISCIPLINARY","SSCI","8,918","3.6","Q1","4.05","100"%,
"Global Social Challenges Journal","GLOB SOC CHALL J","BRISTOL UNIV PRESS & POLICY PRESS","N/A","2752-3349","SOCIAL SCIENCES, INTERDISCIPLINARY","ESCI","123","3.6","Q1","1.4","96"%,
"Journal of Happiness Studies","J HAPPINESS STUD","SPRINGER","1389-4978","1573-7780","SOCIAL SCIENCES, INTERDISCIPLINARY","SSCI","8,956","3.3","Q1","1.38","43.28"%,
"NEW LEFT REVIEW","NEW LEFT REV","NEW LEFT REV LTD","0028-6060","2044-0480","SOCIAL SCIENCES, INTERDISCIPLINARY","SSCI","3,265","3.3","Q1","1.09","0"%,
"MINERVA","MINERVA","SPRINGER","0026-4695","1573-1871","SOCIAL SCIENCES, INTERDISCIPLINARY","SSCI","1,566","3.2","Q1","1.89","67.03"%,
"Journal of Cybersecurity","J CYBERSECURITY","OXFORD UNIV PRESS","2057-2085","2057-2093","SOCIAL SCIENCES, INTERDISCIPLINARY","ESCI","659","3.2","Q1","1.51","98.53"%,
"Systems","SYSTEMS-BASEL","MDPI","N/A","2079-8954","SOCIAL SCIENCES, INTERDISCIPLINARY","SSCI","3,846","3.1","Q1","1.91","100"%,
"PATIENT EDUCATION AND COUNSELING","PATIENT EDUC COUNS","ELSEVIER IRELAND LTD","0738-3991","1873-5134","SOCIAL SCIENCES, INTERDISCIPLINARY","SSCI","17,447","3.1","Q1","1.14","32.83"%,
"Journal of Critical Realism","J CRIT REALISM","ROUTLEDGE JOURNALS, TAYLOR & FRANCIS LTD","1476-7430","1572-5138","SOCIAL SCIENCES, INTERDISCIPLINARY","ESCI","776","2.9","Q1","3.5","40.24"%,
"Qualitative Research","QUAL RES","SAGE PUBLICATIONS LTD","1468-7941","1741-3109","SOCIAL SCIENCES, INTERDISCIPLINARY","SSCI","6,080","2.9","Q1","1.52","100"%,
"Journal of Occupational Science","J OCCUP SCI","TAYLOR & FRANCIS AUSTRALIA","1442-7591","2158-1576","SOCIAL SCIENCES, INTERDISCIPLINARY","ESCI","1,523","2.9","Q1","1.12","17.48"%,
"Online Social Networks and Media","ONLINE SOC NETW MED","ELSEVIER","N/A","2468-6964","SOCIAL SCIENCES, INTERDISCIPLINARY","ESCI","493","2.9","Q1","0.97","47.76"%,
"SOCIAL INDICATORS RESEARCH","SOC INDIC RES","SPRINGER","0303-8300","1573-0921","SOCIAL SCIENCES, INTERDISCIPLINARY","SSCI","16,348","2.8","Q1","1.51","45.26"%,
"PUBLIC OPINION QUARTERLY","PUBLIC OPIN QUART","OXFORD UNIV PRESS","0033-362X","1537-5331","SOCIAL SCIENCES, INTERDISCIPLINARY","SSCI","7,182","2.8","Q1","1.44","21.28"%,
"International Journal of Intercultural Relations","INT J INTERCULT REL","PERGAMON-ELSEVIER SCIENCE LTD","0147-1767","1873-7552","SOCIAL SCIENCES, INTERDISCIPLINARY","SSCI","5,570","2.8","Q1","1.24","29.37"%,
"RACE & CLASS","RACE CLASS","SAGE PUBLICATIONS LTD","0306-3968","1741-3125","SOCIAL SCIENCES, INTERDISCIPLINARY","SSCI","1,158","2.8","Q1","1.22","38.1"%,
"ARCHIVES OF SEXUAL BEHAVIOR","ARCH SEX BEHAV","SPRINGER/PLENUM PUBLISHERS","0004-0002","1573-2800","SOCIAL SCIENCES, INTERDISCIPLINARY","SSCI","11,271","2.8","Q1","1.21","31.96"%,
"DAEDALUS","DAEDALUS-US","MIT PRESS","0011-5266","1548-6192","SOCIAL SCIENCES, INTERDISCIPLINARY","SSCI","3,713","2.7","Q1","3.02","92.99"%,
"JOURNAL OF SEX RESEARCH","J SEX RES","ROUTLEDGE JOURNALS, TAYLOR & FRANCIS LTD","0022-4499","1559-8519","SOCIAL SCIENCES, INTERDISCIPLINARY","SSCI","7,225","2.7","Q1","1.17","17.2"%,
"SOCIAL SCIENCE COMPUTER REVIEW","SOC SCI COMPUT REV","SAGE PUBLICATIONS INC","0894-4393","1552-8286","SOCIAL SCIENCES, INTERDISCIPLINARY","SSCI","3,748","2.7","Q1","0.9","27.39"%,
"ANNALS OF THE AMERICAN ACADEMY OF POLITICAL AND SOCIAL SCIENCE","ANN AM ACAD POLIT SS","SAGE PUBLICATIONS INC","0002-7162","1552-3349","SOCIAL SCIENCES, INTERDISCIPLINARY","SSCI","7,125","2.6","Q1","1.14","8.81"%,
"DISASTERS","DISASTERS","WILEY","0361-3666","1467-7717","SOCIAL SCIENCES, INTERDISCIPLINARY","SSCI","3,142","2.6","Q1","1.09","59.75"%,
"Applied Research in Quality of Life","APPL RES QUAL LIFE","SPRINGER","1871-2584","1871-2576","SOCIAL SCIENCES, INTERDISCIPLINARY","SSCI","2,868","2.5","Q1","1.44","37.99"%,
"GROUP DECISION AND NEGOTIATION","GROUP DECIS NEGOT","SPRINGER","0926-2644","1572-9907","SOCIAL SCIENCES, INTERDISCIPLINARY","SSCI","1,420","2.5","Q1","1.12","24.24"%,
"Evidence & Policy","EVID POLICY","POLICY PRESS","1744-2648","1744-2656","SOCIAL SCIENCES, INTERDISCIPLINARY","SSCI","1,018","2.5","Q1","1.02","28.21"%,
"Sexuality Research and Social Policy","SEX RES SOC POLICY","SPRINGER","1868-9884","1553-6610","SOCIAL SCIENCES, INTERDISCIPLINARY","SSCI","2,729","2.4","Q1","1.21","41.93"%,
"Advances in Life Course Research","ADV LIFE COURSE RES","ELSEVIER SCI LTD","1569-4909","1879-6974","SOCIAL SCIENCES, INTERDISCIPLINARY","SSCI","1,382","2.4","Q1","1.15","54.39"%,
"QUALITATIVE HEALTH RESEARCH","QUAL HEALTH RES","SAGE PUBLICATIONS INC","1049-7323","1552-7557","SOCIAL SCIENCES, INTERDISCIPLINARY","SSCI","17,055","2.4","Q1","0.96","43.39"%,
"Journal of Youth Studies","J YOUTH STUD","ROUTLEDGE JOURNALS, TAYLOR & FRANCIS LTD","1367-6261","1469-9680","SOCIAL SCIENCES, INTERDISCIPLINARY","SSCI","3,223","2.2","Q1","1.1","38.96"%,
"CRITICAL SOCIAL POLICY","CRIT SOC POLICY","SAGE PUBLICATIONS LTD","0261-0183","1461-703X","SOCIAL SCIENCES, INTERDISCIPLINARY","SSCI","1,656","2.2","Q1","1.08","74.16"%,
"TSQ-Transgender Studies Quarterly","TSQ-TRANSGENDER STUD","DUKE UNIV PRESS","2328-9252","2328-9260","SOCIAL SCIENCES, INTERDISCIPLINARY","ESCI","1,029","2.2","Q1","0.7","0"%,
"International Journal of Population Data Science (IJPDS)","INT J POPUL DATA SCI","SWANSEA UNIV","N/A","2399-4908","SOCIAL SCIENCES, INTERDISCIPLINARY","ESCI","739","2.2","Q1","0.51","75.41"%,
"Social Science Journal","SOC SCI J","ROUTLEDGE JOURNALS, TAYLOR & FRANCIS LTD","0362-3319","1873-5355","SOCIAL SCIENCES, INTERDISCIPLINARY","SSCI","2,040","2.1","Q1","1.15","10.49"%,
"Journal of Children and Media","J CHILD MEDIA","ROUTLEDGE JOURNALS, TAYLOR & FRANCIS LTD","1748-2798","1748-2801","SOCIAL SCIENCES, INTERDISCIPLINARY","SSCI","1,220","2.1","Q1","1.09","18.85"%,
"Child Indicators Research","CHILD INDIC RES","SPRINGER","1874-897X","1874-8988","SOCIAL SCIENCES, INTERDISCIPLINARY","SSCI","2,667","2.1","Q1","1.06","36.62"%,
"International Journal of Sexual Health","INT J SEX HEALTH","ROUTLEDGE JOURNALS, TAYLOR & FRANCIS LTD","1931-7611","1931-762X","SOCIAL SCIENCES, INTERDISCIPLINARY","SSCI","1,016","2.1","Q1","0.89","17.29"%,
"Action Research","ACTION RES-LONDON","SAGE PUBLICATIONS LTD","1476-7503","1741-2617","SOCIAL SCIENCES, INTERDISCIPLINARY","SSCI","982","2.1","Q1","0.63","34.69"%,
"Social Epistemology","SOC EPISTEMOL","ROUTLEDGE JOURNALS, TAYLOR & FRANCIS LTD","0269-1728","1464-5297","SOCIAL SCIENCES, INTERDISCIPLINARY","SSCI","1,456","2","Q1","1.89","34.65"%,
"International Journal of Social Research Methodology","INT J SOC RES METHOD","ROUTLEDGE JOURNALS, TAYLOR & FRANCIS LTD","1364-5579","1464-5300","SOCIAL SCIENCES, INTERDISCIPLINARY","SSCI","8,056","2","Q1","1.29","49.67"%,
"JASSS-THE JOURNAL OF ARTIFICIAL SOCIETIES AND SOCIAL SIMULATION","JASSS-J ARTIF SOC S","J A S S S","1460-7425","1460-7425","SOCIAL SCIENCES, INTERDISCIPLINARY","SSCI","1,807","2","Q1","1.15","100"%,
"Globalizations","GLOBALIZATIONS","ROUTLEDGE JOURNALS, TAYLOR & FRANCIS LTD","1474-7731","1474-774X","SOCIAL SCIENCES, INTERDISCIPLINARY","SSCI","2,371","2","Q1","1.03","41.4"%,
"SAGE Open","SAGE OPEN","SAGE PUBLICATIONS INC","2158-2440","2158-2440","SOCIAL SCIENCES, INTERDISCIPLINARY","SSCI","13,921","2","Q1","0.99","97.72"%,
"DISABILITY & SOCIETY","DISABIL SOC","ROUTLEDGE JOURNALS, TAYLOR & FRANCIS LTD","0968-7599","1360-0508","SOCIAL SCIENCES, INTERDISCIPLINARY","SSCI","5,250","2","Q1","0.96","37.65"%,
"EVALUATION AND PROGRAM PLANNING","EVAL PROGRAM PLANN","PERGAMON-ELSEVIER SCIENCE LTD","0149-7189","1873-7870","SOCIAL SCIENCES, INTERDISCIPLINARY","SSCI","3,179","2","Q1","0.96","25.94"%,
"JOURNAL OF HOMOSEXUALITY","J HOMOSEXUAL","ROUTLEDGE JOURNALS, TAYLOR & FRANCIS LTD","0091-8369","1540-3602","SOCIAL SCIENCES, INTERDISCIPLINARY","SSCI","5,300","2","Q1","0.96","13.99"%,
"Economic and Political Studies-EPS","ECON POLIT STUD-EPS","TAYLOR & FRANCIS LTD","2095-4816","2470-4024","SOCIAL SCIENCES, INTERDISCIPLINARY","ESCI","394","2","Q1","0.81","5.97"%,
"International Journal of Design","INT J DES","NATL TAIWAN UNIV SCI & TECHNOL","1991-3761","1994-036X","SOCIAL SCIENCES, INTERDISCIPLINARY","SSCI","947","1.9","Q1","1.26","0"%,
"SPACE POLICY","SPACE POLICY","ELSEVIER SCI LTD","0265-9646","1879-338X","SOCIAL SCIENCES, INTERDISCIPLINARY","SSCI","847","1.9","Q1","1.04","20.59"%,
"World","WORLD-BASEL","MDPI","N/A","2673-4060","SOCIAL SCIENCES, INTERDISCIPLINARY","ESCI","356","1.9","Q1","0.93","100"%,
"Journal of Bisexuality","J BISEXUALITY","ROUTLEDGE JOURNALS, TAYLOR & FRANCIS LTD","1529-9716","1529-9724","SOCIAL SCIENCES, INTERDISCIPLINARY","ESCI","877","1.9","Q1","0.9","11.39"%,
"YOUTH & SOCIETY","YOUTH SOC","SAGE PUBLICATIONS INC","0044-118X","1552-8499","SOCIAL SCIENCES, INTERDISCIPLINARY","SSCI","2,419","1.9","Q1","0.86","16.77"%,
"CROSS-CULTURAL RESEARCH","CROSS-CULT RES","SAGE PUBLICATIONS INC","1069-3971","1552-3578","SOCIAL SCIENCES, INTERDISCIPLINARY","SSCI","1,017","1.8","Q2","1.11","20.63"%,
"Journal of LGBT Youth","J LGBT YOUTH","ROUTLEDGE JOURNALS, TAYLOR & FRANCIS LTD","1936-1653","1936-1661","SOCIAL SCIENCES, INTERDISCIPLINARY","ESCI","1,101","1.8","Q2","1.09","10.2"%,
"Gender Technology & Development","GEND TECHNOL DEV","ROUTLEDGE JOURNALS, TAYLOR & FRANCIS LTD","0971-8524","0973-0656","SOCIAL SCIENCES, INTERDISCIPLINARY","ESCI","563","1.8","Q2","0.76","21.43"%,
"QUALITATIVE INQUIRY","QUAL INQ","SAGE PUBLICATIONS INC","1077-8004","1552-7565","SOCIAL SCIENCES, INTERDISCIPLINARY","SSCI","10,285","1.8","Q2","0.76","34.93"%,
"SYSTEMS RESEARCH AND BEHAVIORAL SCIENCE","SYST RES BEHAV SCI","WILEY","1092-7026","1099-1743","SOCIAL SCIENCES, INTERDISCIPLINARY","SSCI","1,801","1.8","Q2","0.65","32.88"%,
"International Journal of Heritage Studies","INT J HERIT STUD","ROUTLEDGE JOURNALS, TAYLOR & FRANCIS LTD","1352-7258","1470-3610","SOCIAL SCIENCES, INTERDISCIPLINARY","SSCI","2,522","1.7","Q2","2.26","37.64"%,
"JOURNAL OF RISK RESEARCH","J RISK RES","ROUTLEDGE JOURNALS, TAYLOR & FRANCIS LTD","1366-9877","1466-4461","SOCIAL SCIENCES, INTERDISCIPLINARY","SSCI","3,405","1.7","Q2","1.15","32.38"%,
"Journal of Education Culture and Society","J EDUC CULT SOC","UNIV WROCLAW","N/A","2081-1640","SOCIAL SCIENCES, INTERDISCIPLINARY","ESCI","508","1.7","Q2","0.95","17.23"%,
"Social Sciences-Basel","SOC SCI-BASEL","MDPI","N/A","2076-0760","SOCIAL SCIENCES, INTERDISCIPLINARY","ESCI","5,737","1.7","Q2","0.92","100"%,
"Risk Management-An International Journal","RISK MANAG-UK","PALGRAVE MACMILLAN LTD","1460-3799","1743-4637","SOCIAL SCIENCES, INTERDISCIPLINARY","SSCI","403","1.7","Q2","0.91","27.59"%,
"Emotion Space and Society","EMOT SPACE SOC","ELSEVIER SCI LTD","1755-4586","1878-0040","SOCIAL SCIENCES, INTERDISCIPLINARY","SSCI","1,468","1.7","Q2","0.86","40.86"%,
"Jamba-Journal of Disaster Risk Studies","JAMBA-J DISASTER RIS","AOSIS","1996-1421","2072-845X","SOCIAL SCIENCES, INTERDISCIPLINARY","ESCI","825","1.7","Q2","0.77","99.2"%,
"CHILDHOOD-A GLOBAL JOURNAL OF CHILD RESEARCH","CHILDHOOD","SAGE PUBLICATIONS LTD","0907-5682","1461-7013","SOCIAL SCIENCES, INTERDISCIPLINARY","SSCI","1,700","1.7","Q2","0.69","47.06"%,
"Novye Issledovaniya Tuvy-New Research of Tuva","NOVYE ISSLED TUVY","CH K LAMAZHAA","N/A","2079-8482","SOCIAL SCIENCES, INTERDISCIPLINARY","ESCI","387","1.6","Q2","2.07","100"%,
"Fudan Journal of the Humanities and Social Sciences","FUDAN J HUM SOC SCI","SPRINGER HEIDELBERG","1674-0750","2198-2600","SOCIAL SCIENCES, INTERDISCIPLINARY","ESCI","356","1.6","Q2","1.07","15.46"%,
"TIME & SOCIETY","TIME SOC","SAGE PUBLICATIONS LTD","0961-463X","1461-7463","SOCIAL SCIENCES, INTERDISCIPLINARY","SSCI","1,170","1.6","Q2","0.96","42.31"%,
"Evaluation","EVALUATION-US","SAGE PUBLICATIONS INC","1356-3890","1461-7153","SOCIAL SCIENCES, INTERDISCIPLINARY","SSCI","1,228","1.6","Q2","0.9","40.23"%,
"Surveillance & Society","SURVEILL SOC","SURVEILLANCE STUDIES NETWORK","1477-7487","1477-7487","SOCIAL SCIENCES, INTERDISCIPLINARY","ESCI","1,314","1.6","Q2","0.86","17"%,
"Cogent Social Sciences","COGENT SOC SCI","TAYLOR & FRANCIS LTD","2331-1886","2331-1886","SOCIAL SCIENCES, INTERDISCIPLINARY","ESCI","3,060","1.6","Q2","0.82","99.09"%,
"Journal of Poverty and Social Justice","J POVERTY SOC JUSTIC","POLICY PRESS","1759-8273","1759-8281","SOCIAL SCIENCES, INTERDISCIPLINARY","SSCI","410","1.6","Q2","0.78","21.21"%,
"Qualitative Report","QUAL REP","NOVA SOUTHEASTERN UNIV","1052-0147","2160-3715","SOCIAL SCIENCES, INTERDISCIPLINARY","ESCI","6,202","1.6","Q2","0.76","98.74"%,
"Kotuitui-New Zealand Journal of Social Sciences Online","KOTUITUI","ROUTLEDGE JOURNALS, TAYLOR & FRANCIS LTD","N/A","1177-083X","SOCIAL SCIENCES, INTERDISCIPLINARY","ESCI","410","1.6","Q2","0.74","96.88"%,
"International Journal of Emergency Services","INT J EMERG SERV","EMERALD GROUP PUBLISHING LTD","2047-0894","2047-0908","SOCIAL SCIENCES, INTERDISCIPLINARY","ESCI","291","1.6","Q2","0.7","12.7"%,
"JOURNAL OF GENDER STUDIES","J GENDER STUD","ROUTLEDGE JOURNALS, TAYLOR & FRANCIS LTD","0958-9236","1465-3869","SOCIAL SCIENCES, INTERDISCIPLINARY","SSCI","1,808","1.5","Q2","0.82","28.3"%,
"Youth","YOUTH-BASEL","MDPI","N/A","2673-995X","SOCIAL SCIENCES, INTERDISCIPLINARY","ESCI","256","1.5","Q2","0.82","100"%,
"AMERICAN BEHAVIORAL SCIENTIST","AM BEHAV SCI","SAGE PUBLICATIONS INC","0002-7642","1552-3381","SOCIAL SCIENCES, INTERDISCIPLINARY","SSCI","7,969","1.5","Q2","0.79","16.52"%,
"Sexuality & Culture-An Interdisciplinary Journal","SEX CULT","SPRINGER","1095-5143","1936-4822","SOCIAL SCIENCES, INTERDISCIPLINARY","ESCI","1,887","1.5","Q2","0.71","37.04"%,
"Network Science","NETW SCI","CAMBRIDGE UNIV PRESS","2050-1242","2050-1250","SOCIAL SCIENCES, INTERDISCIPLINARY","ESCI","868","1.5","Q2","0.57","74.24"%,
"She Ji-The Journal of Design Economics and Innovation","SHE JI","ELSEVIER","2405-8726","2405-8718","SOCIAL SCIENCES, INTERDISCIPLINARY","ESCI","484","1.4","Q2","2.32","93.94"%,
"Race and Social Problems","RACE SOC PROBL","SPRINGER","1867-1748","1867-1756","SOCIAL SCIENCES, INTERDISCIPLINARY","SSCI","1,037","1.4","Q2","1.23","18.18"%,
"SOCIAL & LEGAL STUDIES","SOC LEGAL STUD","SAGE PUBLICATIONS LTD","0964-6639","1461-7390","SOCIAL SCIENCES, INTERDISCIPLINARY","SSCI","1,401","1.4","Q2","1.11","62.41"%,
"Journal of Lesbian Studies","J LESBIAN STUD","ROUTLEDGE JOURNALS, TAYLOR & FRANCIS LTD","1089-4160","1540-3548","SOCIAL SCIENCES, INTERDISCIPLINARY","ESCI","786","1.4","Q2","0.82","13.76"%,
"Field Methods","FIELD METHOD","SAGE PUBLICATIONS INC","1525-822X","1552-3969","SOCIAL SCIENCES, INTERDISCIPLINARY","SSCI","3,630","1.4","Q2","0.81","30.77"%,
"International Journal of Testing","INT J TEST","ROUTLEDGE JOURNALS, TAYLOR & FRANCIS LTD","1530-5058","1532-7574","SOCIAL SCIENCES, INTERDISCIPLINARY","ESCI","1,022","1.4","Q2","0.75","19.15"%,
"SOCIETY","SOCIETY","SPRINGER","0147-2011","1936-4725","SOCIAL SCIENCES, INTERDISCIPLINARY","SSCI","1,222","1.4","Q2","0.65","27.54"%,
"Qualitative Research Journal","QUAL RES J","EMERALD GROUP PUBLISHING LTD","1443-9883","1448-0980","SOCIAL SCIENCES, INTERDISCIPLINARY","ESCI","1,860","1.4","Q2","0.62","10.71"%,
"Electronic Journal of Information Systems in Developing Countries","ELECTR J INF SYS DEV","WILEY","1681-4835","1681-4835","SOCIAL SCIENCES, INTERDISCIPLINARY","ESCI","1,052","1.4","Q2","0.55","22.69"%,
"Aboriginal Policy Studies","ABORIG POLICY STUD","UNIV ALBERTA","1923-3299","1923-3299","SOCIAL SCIENCES, INTERDISCIPLINARY","ESCI","86","1.4","Q2","0.42","100"%,
"Cultural Trends","CULT TRENDS","ROUTLEDGE JOURNALS, TAYLOR & FRANCIS LTD","0954-8963","1469-3690","SOCIAL SCIENCES, INTERDISCIPLINARY","SSCI","825","1.3","Q2","1.74","39.17"%,
"Young","YOUNG","SAGE PUBLICATIONS LTD","1103-3088","1741-3222","SOCIAL SCIENCES, INTERDISCIPLINARY","SSCI","805","1.3","Q2","0.95","80.46"%,
"Quantitative Methods for Psychology","QUANT METH PSYCHOL","UNIV MONTREAL, DEPT PSYCHOLOGIE","1913-4126","2292-1354","SOCIAL SCIENCES, INTERDISCIPLINARY","ESCI","835","1.3","Q2","0.68","100"%,
"International Journal of Care and Caring","INT J CARE CARING","POLICY PRESS","2397-8821","2397-883X","SOCIAL SCIENCES, INTERDISCIPLINARY","ESCI","426","1.3","Q2","0.67","22.73"%,
"SOCIAL SCIENCE INFORMATION SUR LES SCIENCES SOCIALES","SOC SCI INFORM","SAGE PUBLICATIONS LTD","0539-0184","1461-7412","SOCIAL SCIENCES, INTERDISCIPLINARY","SSCI","1,879","1.3","Q2","0.64","35.82"%,
"CRIME LAW AND SOCIAL CHANGE","CRIME LAW SOCIAL CH","SPRINGER","0925-4994","1573-0751","SOCIAL SCIENCES, INTERDISCIPLINARY","SSCI","1,555","1.3","Q2","0.62","41.03"%,
"ADAPTIVE BEHAVIOR","ADAPT BEHAV","SAGE PUBLICATIONS LTD","1059-7123","1741-2633","SOCIAL SCIENCES, INTERDISCIPLINARY","SSCI","833","1.3","Q2","0.42","29.55"%,
"JOURNAL OF CONSCIOUSNESS STUDIES","J CONSCIOUSNESS STUD","IMPRINT ACADEMIC","1355-8250","N/A","SOCIAL SCIENCES, INTERDISCIPLINARY","SSCI","2,096","1.2","Q2","1.44","12.09"%,
"SEMIOTICA","SEMIOTICA","WALTER DE GRUYTER GMBH","0037-1998","1613-3692","SOCIAL SCIENCES, INTERDISCIPLINARY","SSCI","1,441","1.2","Q2","1.2","27.93"%,
"Asian Journal of Social Science","ASIAN J SOC SCI","ELSEVIER","1568-4849","1568-5314","SOCIAL SCIENCES, INTERDISCIPLINARY","SSCI","547","1.2","Q2","0.8","4.88"%,
"Clothing and Textiles Research Journal","CLOTH TEXT RES J","SAGE PUBLICATIONS INC","0887-302X","1940-2473","SOCIAL SCIENCES, INTERDISCIPLINARY","SSCI","1,072","1.2","Q2","0.74","2.44"%,
"Social Inclusion","SOC INCL","COGITATIO PRESS","N/A","2183-2803","SOCIAL SCIENCES, INTERDISCIPLINARY","SSCI","1,731","1.2","Q2","0.65","96.83"%,
"Fat Studies-An Interdisciplinary Journal of Body Weight and Society","FAT STUD","ROUTLEDGE JOURNALS, TAYLOR & FRANCIS LTD","2160-4851","2160-486X","SOCIAL SCIENCES, INTERDISCIPLINARY","ESCI","310","1.2","Q2","0.55","24.59"%,
"International Journal of Play","INT J PLAY","TAYLOR & FRANCIS LTD","2159-4937","2159-4953","SOCIAL SCIENCES, INTERDISCIPLINARY","ESCI","343","1.2","Q2","0.55","17.78"%,
"New Perspectives on Turkey","NEW PERSPECT TURK","CAMBRIDGE UNIV PRESS","0896-6346","1305-3299","SOCIAL SCIENCES, INTERDISCIPLINARY","SSCI","388","1.1","Q2","1.05","46.81"%,
"INTERDISCIPLINARY SCIENCE REVIEWS","INTERDISCIPL SCI REV","SAGE PUBLICATIONS INC","0308-0188","1743-2790","SOCIAL SCIENCES, INTERDISCIPLINARY","SSCI","572","1.1","Q2","0.66","26.32"%,
"International and Multidisciplinary Journal of Social Sciences-RIMCIS","INT MULTIDISCIP J SO","HIPATIA PRESS","2014-3680","2014-3680","SOCIAL SCIENCES, INTERDISCIPLINARY","ESCI","128","1.1","Q2","0.59","97.37"%,
"Conflict Resolution Quarterly","CONFL RESOLUT Q","WILEY PERIODICALS, INC","1536-5581","1541-1508","SOCIAL SCIENCES, INTERDISCIPLINARY","ESCI","511","1.1","Q2","0.48","37.23"%,
"Journal of Behavioral Science","J BEHAV SCI","BEHAVIORAL SCIENCE RESEARCH INST, SRINAKHARINWIROT UNIV","1906-4675","1906-4675","SOCIAL SCIENCES, INTERDISCIPLINARY","ESCI","286","1.1","Q2","0.46","1.33"%,
"SCIENCE & SOCIETY","SCI SOC","GUILFORD PUBLICATIONS INC","0036-8237","1943-2801","SOCIAL SCIENCES, INTERDISCIPLINARY","SSCI","693","1.1","Q2","0.41","0"%,
"Acta Informatica Pragensia","ACTA INFORM PRAG","Prague Univ Economics and Business","N/A","1805-4951","SOCIAL SCIENCES, INTERDISCIPLINARY","ESCI","106","1.1","Q2","0.31","98.67"%,
"Mortality","MORTALITY-UK","ROUTLEDGE JOURNALS, TAYLOR & FRANCIS LTD","1357-6275","1469-9885","SOCIAL SCIENCES, INTERDISCIPLINARY","ESCI","598","1","Q2","1.38","37.34"%,
"Creative Industries Journal","CREATIVE IND J","TAYLOR & FRANCIS LTD","1751-0694","1751-0708","SOCIAL SCIENCES, INTERDISCIPLINARY","ESCI","370","1","Q2","1.33","32.38"%,
"Critical African Studies","CRIT AFR STUD","TAYLOR & FRANCIS LTD","2168-1392","2040-7211","SOCIAL SCIENCES, INTERDISCIPLINARY","ESCI","341","1","Q2","0.81","26.87"%,
"International Journal of Childrens Rights","INT J CHILD RIGHTS","BRILL","0927-5568","1571-8182","SOCIAL SCIENCES, INTERDISCIPLINARY","ESCI","685","1","Q2","0.55","31.07"%,
"FWU Journal of Social Sciences","FWU J SOC SCI","SHAHEED BENAZIR BHUTTO WOMEN UNIV","1995-1272","1995-1272","SOCIAL SCIENCES, INTERDISCIPLINARY","ESCI","268","1","Q2","0.51","97.17"%,
"AMERICAN JOURNAL OF EVALUATION","AM J EVAL","SAGE PUBLICATIONS INC","1098-2140","1557-0878","SOCIAL SCIENCES, INTERDISCIPLINARY","SSCI","2,248","1","Q2","0.49","11.22"%,
"Measurement-Interdisciplinary Research and Perspectives","MEAS-INTERDISCIP RES","ROUTLEDGE JOURNALS, TAYLOR & FRANCIS LTD","1536-6367","1536-6359","SOCIAL SCIENCES, INTERDISCIPLINARY","ESCI","724","1","Q2","0.44","5.32"%,
"International Indigenous Policy Journal","INT INDIG POLICY J","UNIV WESTERN ONTARIO","1916-5781","1916-5781","SOCIAL SCIENCES, INTERDISCIPLINARY","ESCI","530","1","Q2","0.42","74.07"%,
"Revista de Estudios Sociales","REV ESTUD SOC","UNIV ANDES","0123-885X","1900-5180","SOCIAL SCIENCES, INTERDISCIPLINARY","SSCI","549","1","Q2","0.33","100"%,
"Law Technology and Humans","LAW TECHNOL HUMANS","QUEENSLAND UNIV TECHNOLOGY","N/A","2652-4074","SOCIAL SCIENCES, INTERDISCIPLINARY","ESCI","91","0.9","Q3","0.95","95.83"%,
"GLQ-A JOURNAL OF LESBIAN AND GAY STUDIES","GLQ-J LESBIAN GAY ST","DUKE UNIV PRESS","1064-2684","1527-9375","SOCIAL SCIENCES, INTERDISCIPLINARY","SSCI","1,572","0.9","Q3","0.93","0"%,
"INTERNATIONAL JOURNAL FOR THE SEMIOTICS OF LAW-REVUE INTERNATIONALE DE SEMIOTIQUE JURIDIQUE","INT J SEMIOTIC LAW","SPRINGER","0952-8059","1572-8722","SOCIAL SCIENCES, INTERDISCIPLINARY","ESCI","564","0.9","Q3","0.9","52.29"%,
"Sexes","SEXES","MDPI","N/A","2411-5118","SOCIAL SCIENCES, INTERDISCIPLINARY","ESCI","146","0.9","Q3","0.5","100"%,
"Subjectivity","SUBJECTIVITY","PALGRAVE MACMILLAN LTD","1755-6341","1755-635X","SOCIAL SCIENCES, INTERDISCIPLINARY","ESCI","508","0.9","Q3","0.46","31.48"%,
"Universitas-Revista de Ciencias Sociales y Humanas","UNIVERSITAS","UNIV POLITECNICA SALESIANA ECUADOR-SALESIAN POLYTECNIC UNIV","1390-3837","1390-8634","SOCIAL SCIENCES, INTERDISCIPLINARY","ESCI","129","0.9","Q3","0.32","98.33"%,
"Zeitschrift fur Sexualforschung","Z SEXUALFORSCH","GEORG THIEME VERLAG KG","0932-8114","1438-9460","SOCIAL SCIENCES, INTERDISCIPLINARY","SSCI","135","0.9","Q3","0.32","0"%,
"Prisma Social","PRISM SOC","FUNDACION IS&D INVESTIGACION SOCIAL AVANZADA","1989-3469","1989-3469","SOCIAL SCIENCES, INTERDISCIPLINARY","ESCI","364","0.9","Q3","0.12","1.28"%,
"New Global Studies","NEW GLOB STUD","WALTER DE GRUYTER GMBH","1940-0004","1940-0004","SOCIAL SCIENCES, INTERDISCIPLINARY","ESCI","117","0.8","Q3","1","11.11"%,
"Social Science Japan Journal","SOC SCI JPN J","OXFORD UNIV PRESS","1369-1465","1468-2680","SOCIAL SCIENCES, INTERDISCIPLINARY","SSCI","220","0.8","Q3","0.85","26.83"%,
"Longitudinal and Life Course Studies","LONGITUD LIFE COURSE","BRISTOL UNIV PRESS & POLICY PRESS","1757-9597","1757-9597","SOCIAL SCIENCES, INTERDISCIPLINARY","SSCI","506","0.8","Q3","0.52","23.44"%,
"Voluntary Sector Review","VOLUNT SECT REV","POLICY PRESS","2040-8056","2040-8064","SOCIAL SCIENCES, INTERDISCIPLINARY","ESCI","352","0.8","Q3","0.46","21.35"%,
"Settler Colonial Studies","SETTL COLON STUD","TAYLOR & FRANCIS AUSTRALIA","2201-473X","1838-0743","SOCIAL SCIENCES, INTERDISCIPLINARY","ESCI","785","0.8","Q3","0.43","18.84"%,
"JOURNAL OF BLACK STUDIES","J BLACK STUD","SAGE PUBLICATIONS INC","0021-9347","1552-4566","SOCIAL SCIENCES, INTERDISCIPLINARY","SSCI","1,559","0.8","Q3","0.36","13.27"%,
"TD-The Journal for Transdisciplinary Research in Southern Africa","TD-J TRANSDISCIPL RE","AOSIS","1817-4434","2415-2005","SOCIAL SCIENCES, INTERDISCIPLINARY","ESCI","228","0.8","Q3","0.23","100"%,
"Island Studies Journal","ISL STUD J","Island Studies Journal","N/A","1715-2593","SOCIAL SCIENCES, INTERDISCIPLINARY","SSCI","599","0.7","Q3","0.61","94.68"%,
"Jurnal Ilmiah Peuradeun","J ILM PEURADEUN","SCAD INDEPENDENT","2338-8617","2443-2067","SOCIAL SCIENCES, INTERDISCIPLINARY","ESCI","169","0.7","Q3","0.33","99.41"%,
"Pertanika Journal of Social Science and Humanities","PERTANIKA J SOC SCI","UNIV PUTRA MALAYSIA PRESS","0128-7702","2231-8534","SOCIAL SCIENCES, INTERDISCIPLINARY","ESCI","976","0.7","Q3","0.29","82.64"%,
"Revista Portuguesa de Investigacao Comportamental e Social","REV PORT INVESTIG CO","INST SUPERIOR MIGUEL TORGA","2183-4938","2183-4938","SOCIAL SCIENCES, INTERDISCIPLINARY","ESCI","73","0.7","Q3","0.26","98.18"%,
"Electronic Government- an International Journal","ELECTRON GOV-INT J","INDERSCIENCE ENTERPRISES LTD","1740-7494","1740-7508","SOCIAL SCIENCES, INTERDISCIPLINARY","ESCI","69","0.7","Q3","0.24","2.08"%,
"OBETS-Revista de Ciencias Sociales","OBETS-REV CIENC SOC","UNIV ALICANTE, INST UNIV DESARROLLO SOCIAL & PAZ-IUDESP","1989-1385","1989-1385","SOCIAL SCIENCES, INTERDISCIPLINARY","ESCI","127","0.7","Q3","0.24","97.96"%,
"Revista Virtual Universidad Catolica del Norte","REV VIRTUAL UNIV CAT","FUNDACION UNIV CATOLICA NORTE","0124-5821","2389-7333","SOCIAL SCIENCES, INTERDISCIPLINARY","ESCI","191","0.7","Q3","0.19","97.96"%,
"Social Sciences in China","SOC SCI CHINA","ROUTLEDGE JOURNALS, TAYLOR & FRANCIS LTD","0252-9203","1940-5952","SOCIAL SCIENCES, INTERDISCIPLINARY","ESCI","918","0.7","Q3","0.19","0.84"%,
"DADOS-REVISTA DE CIENCIAS SOCIAIS","DADOS-REV CIENC SOC","INST UNIV PESQUISAS RIO DE JANEIRO-IUPERJ","0011-5258","1678-4588","SOCIAL SCIENCES, INTERDISCIPLINARY","SSCI","459","0.7","Q3","0.16","98.78"%,
"HUMAN ORGANIZATION","HUM ORGAN","TAYLOR & FRANCIS LTD","0018-7259","1938-3525","SOCIAL SCIENCES, INTERDISCIPLINARY","SSCI","1,411","0.6","Q3","0.56","8.28"%,
"Somatechnics","SOMATECHNICS","EDINBURGH UNIV PRESS","2044-0138","2044-0146","SOCIAL SCIENCES, INTERDISCIPLINARY","ESCI","169","0.6","Q3","0.43","0"%,
"Interdisciplinary Description of Complex Systems","INTERDISCIP DESCR CO","CROATIAN INTERDISCIPLINARY SOC","1334-4684","1334-4676","SOCIAL SCIENCES, INTERDISCIPLINARY","ESCI","261","0.6","Q3","0.31","98.03"%,
"Journal of Human Values","J HUM VALUES","SAGE PUBLICATIONS INDIA PVT LTD","0971-6858","0973-0737","SOCIAL SCIENCES, INTERDISCIPLINARY","ESCI","245","0.6","Q3","0.31","9.86"%,
"NEGOTIATION JOURNAL","NEGOTIATION J","MIT PRESS","0748-4526","1571-9979","SOCIAL SCIENCES, INTERDISCIPLINARY","SSCI","398","0.6","Q3","0.28","51.06"%,
"SOCIAL RESEARCH","SOC RES","JOHNS HOPKINS UNIV PRESS","0037-783X","0037-783X","SOCIAL SCIENCES, INTERDISCIPLINARY","SSCI","2,533","0.6","Q3","0.28","0"%,
"Girlhood Studies-An Interdisciplinary Journal","GIRLHOOD STUD","BERGHAHN JOURNALS","1938-8209","1938-8322","SOCIAL SCIENCES, INTERDISCIPLINARY","ESCI","258","0.6","Q3","0.27","1.3"%,
"Human Affairs-Postdisciplinary Humanities & Social Sciences Quarterly","HUM AFF","WALTER DE GRUYTER GMBH","1210-3055","1337-401X","SOCIAL SCIENCES, INTERDISCIPLINARY","ESCI","310","0.6","Q3","0.27","24.79"%,
"Zeitschrift fuer Technikfolgenabschaetzung in Theorie und Praxis - TATuP","Z TECHN THEOR PRAX","OEKOM VERLAG GMBH","2568-020X","2567-8833","SOCIAL SCIENCES, INTERDISCIPLINARY","ESCI","94","0.6","Q3","0.26","87.67"%,
"AKADEMIKA","AKADEMIKA-MALAYSIA","PENERBIT UNIV KEBANGSAAN MALAYSIA","0126-5008","0126-8694","SOCIAL SCIENCES, INTERDISCIPLINARY","ESCI","256","0.6","Q3","0.24","77.14"%,
"Panorama","PANORAMA","INST UNIV POLITECNICO GRANCOLOMBIANO","1909-7433","2145-308X","SOCIAL SCIENCES, INTERDISCIPLINARY","ESCI","133","0.6","Q3","0.05","40"%,
"Historical Social Research-Historische Sozialforschung","HIST SOC RES","GESIS LEIBNIZ INST SOCIAL SCIENCES","0172-6404","N/A","SOCIAL SCIENCES, INTERDISCIPLINARY","SSCI","1,239","0.5","Q3","1.46","0"%,
"TRAMES-Journal of the Humanities and Social Sciences","TRAMES-J HUMANIT SOC","ESTONIAN ACAD PUBLISHERS","1406-0922","1736-7514","SOCIAL SCIENCES, INTERDISCIPLINARY","SSCI","182","0.5","Q3","0.55","100"%,
"American Journal of Play","AM J PLAY","STRONG","1938-0399","1938-0402","SOCIAL SCIENCES, INTERDISCIPLINARY","ESCI","398","0.5","Q3","0.23","0"%,
"Movimento","MOVIMENTO-PORTO ALEG","UNIV FED RIO GRANDE DO SUL, ESCOLA EDUC FISICA","0104-754X","1982-8918","SOCIAL SCIENCES, INTERDISCIPLINARY","SSCI","589","0.5","Q3","0.21","94.76"%,
"Laboratorium-Russian Review of Social Research","LAB-RUSS REV SOC RES","INST EUROPEAN RUSSIAN AND EURASIAN STUDIES","2076-8214","2078-1938","SOCIAL SCIENCES, INTERDISCIPLINARY","ESCI","100","0.5","Q3","0.18","100"%,
"Perfiles Latinoamericanos","PERFILES LATINOAM","FLACSO-MEXICO","0188-7653","2309-4982","SOCIAL SCIENCES, INTERDISCIPLINARY","SSCI","206","0.5","Q3","0.18","100"%,
"Revista Cientifica General Jose Maria Cordova","REV CIENT GEN JOSE","ESCUELA MILITAR CADETES GENERAL JOSE MARIA CORDOVA","1900-6586","2500-7645","SOCIAL SCIENCES, INTERDISCIPLINARY","ESCI","134","0.5","Q3","0.18","98.69"%,
"Athenea Digital","ATHENEA DIGIT","UNIV AUTONOMA BARCELONA","1578-8946","1578-8946","SOCIAL SCIENCES, INTERDISCIPLINARY","ESCI","291","0.5","Q3","0.15","97.67"%,
"Media & Jornalismo","MEDIA JORNAL","COIMBRA UNIV PRESS","1645-5681","2183-5462","SOCIAL SCIENCES, INTERDISCIPLINARY","ESCI","91","0.5","Q3","0.15","95.24"%,
"SCIENCES SOCIALES ET SANTE","SCI SOC SANTE","JLE","0294-0337","1777-5914","SOCIAL SCIENCES, INTERDISCIPLINARY","SSCI","152","0.5","Q3","0.13","0"%,
"Iconos","ICONOS","FAC LATINOAMERICANA CIENCIAS SOCIALES-FLACSO, ECUADOR","1390-1249","1390-8065","SOCIAL SCIENCES, INTERDISCIPLINARY","ESCI","243","0.5","Q3","0.09","97.78"%,
"Travail Genre et Societes","TRAV GENRE SOC","EDITIONS LA DECOUVERTE","1294-6303","1294-6303","SOCIAL SCIENCES, INTERDISCIPLINARY","SSCI","126","0.5","Q3","0.07","2.22"%,
"Canadian Journal of Program Evaluation","CAN J PROGRAM EVAL","UNIV TORONTO PRESS INC","0834-1516","0834-1516","SOCIAL SCIENCES, INTERDISCIPLINARY","ESCI","439","0.4","Q3","0.56","1.18"%,
"Global Perspectives","GLOB PERSPECT-US","UNIV CALIFORNIA PRESS","N/A","2575-7350","SOCIAL SCIENCES, INTERDISCIPLINARY","ESCI","144","0.4","Q3","0.39","34.07"%,
"Journal of Psychosocial Studies","J PSYCHOSOCIAL STUD","BRISTOL UNIV PRESS & POLICY PRESS","1478-6737","1478-6737","SOCIAL SCIENCES, INTERDISCIPLINARY","ESCI","85","0.4","Q3","0.29","10.53"%,
"Shima-The International Journal of Research into Island Cultures","SHIMA","MACQUARIE UNIV, DIV HUMANITIES","1834-6049","1834-6057","SOCIAL SCIENCES, INTERDISCIPLINARY","ESCI","196","0.4","Q3","0.28","83.51"%,
"International Journal of Asia Pacific Studies","INT J ASIA PAC STUD","PENERBIT UNIV SAINS MALAYSIA","1823-6243","1823-6243","SOCIAL SCIENCES, INTERDISCIPLINARY","ESCI","99","0.4","Q3","0.26","97.87"%,
"International Journal of Happiness and Development","INT J HAPPINESS DEV","INDERSCIENCE ENTERPRISES LTD","2049-2790","2049-2804","SOCIAL SCIENCES, INTERDISCIPLINARY","ESCI","131","0.4","Q3","0.26","0"%,
"Psychoanalysis Culture & Society","PSYCHOANAL CULT SOC","PALGRAVE MACMILLAN LTD","1088-0763","1543-3390","SOCIAL SCIENCES, INTERDISCIPLINARY","ESCI","246","0.4","Q3","0.25","23.4"%,
"CULTURAL DYNAMICS","CULT DYN","SAGE PUBLICATIONS LTD","0921-3740","1461-7048","SOCIAL SCIENCES, INTERDISCIPLINARY","ESCI","287","0.4","Q3","0.24","3.33"%,
"Critical Horizons","CRIT HORIZ","ROUTLEDGE JOURNALS, TAYLOR & FRANCIS LTD","1440-9917","1568-5160","SOCIAL SCIENCES, INTERDISCIPLINARY","ESCI","198","0.4","Q3","0.23","36.51"%,
"Gateways-International Journal of Community Research and Engagement","GATEWAYS","UNIV TECHNOLOGY, SYDNEY-UTS EPRESS","1836-3393","1836-3393","SOCIAL SCIENCES, INTERDISCIPLINARY","ESCI","87","0.4","Q3","0.22","100"%,
"International Journal of the Inclusive Museum","INT J INCL MUS","Common Ground Research Networks","1835-2014","1835-2022","SOCIAL SCIENCES, INTERDISCIPLINARY","ESCI","98","0.4","Q3","0.22","27.78"%,
"TIDSSKRIFT FOR SAMFUNNSFORSKNING","TIDSSKR SAMFUNNSFOR","UNIVERSITETSFORLAGET","0040-716X","1504-291X","SOCIAL SCIENCES, INTERDISCIPLINARY","SSCI","102","0.4","Q3","0.19","83.33"%,
"Geografia-Malaysian Journal of Society & Space","GEOGRAFIA-MALAYSIA","UNIV KEBANGSAAN MALAYSIA, FAC SOCIAL SCIENCES & HUMANITIES","2180-2491","2682-7727","SOCIAL SCIENCES, INTERDISCIPLINARY","ESCI","437","0.4","Q3","0.17","0"%,
"GHANA SOCIAL SCIENCE JOURNAL","GHANA SOC SCI J","UNIV GHANA","0855-4730","0855-4730","SOCIAL SCIENCES, INTERDISCIPLINARY","ESCI","55","0.4","Q3","0.17","0"%,
"Apuntes-Revista de Ciencias Sociales","APUNTES-REV CIENC SO","UNIV PACIFICO - PERU","0252-1865","2223-1757","SOCIAL SCIENCES, INTERDISCIPLINARY","ESCI","91","0.4","Q3","0.14","96.43"%,
"INTERNATIONAL JOURNAL OF IBERIAN STUDIES","INT J IBER STUD","INTELLECT LTD","1364-971X","1758-9150","SOCIAL SCIENCES, INTERDISCIPLINARY","ESCI","84","0.4","Q3","0.13","0"%,
"Empiria","EMPIRIA","UNIV NACL EDUCACION & DISTANCIA-UNED, FAC CIENCIAS POLITICAS & SOCIOLOGIA","1139-5737","2174-0682","SOCIAL SCIENCES, INTERDISCIPLINARY","ESCI","228","0.4","Q3","0.09","43.28"%,
"Sri Lanka Journal of Social Sciences","SRI LANKA J SOC SCI","NATL SCIENCE FOUNDATION SRI LANKA","0258-9710","2478-1169","SOCIAL SCIENCES, INTERDISCIPLINARY","ESCI","48","0.4","Q3","0.05","95.65"%,
"Revue d Anthropologie des Connaissances","REV ANTHROPOL CONNAI","SOC ANTHROPOLOGIE CONNAISSANCES","1760-5393","1760-5393","SOCIAL SCIENCES, INTERDISCIPLINARY","ESCI","279","0.4","Q3","0.04","63.25"%,
"Journal of Open Humanities Data","J OPEN HUMANIT DATA","UBIQUITY PRESS LTD","N/A","2059-481X","SOCIAL SCIENCES, INTERDISCIPLINARY","ESCI","93","0.3","Q3","0.37","97.48"%,
"Makara Hubs-Asia","MAKARA HUBS-ASIA","UNIV INDONESIA","2355-794X","2406-9183","SOCIAL SCIENCES, INTERDISCIPLINARY","ESCI","60","0.3","Q3","0.31","91.43"%,
"Social Philosophy and Policy","SOC PHILOS POLICY","CAMBRIDGE UNIV PRESS","0265-0525","1471-6437","SOCIAL SCIENCES, INTERDISCIPLINARY","SSCI","680","0.3","Q3","0.26","36.84"%,
"TELOS-Revista de Estudios Interdisciplinarios en Ciencias Sociales","TELOS-VEN","UNIV DR RAFAEL BELLOSO CHACIN","2343-5763","1317-0570","SOCIAL SCIENCES, INTERDISCIPLINARY","ESCI","128","0.3","Q3","0.16","94.34"%,
"TEORIJA IN PRAKSA","TEOR PRAKSA","UNIV LJUBLJANA, FAC SOCIAL SCIENCES","0040-3598","0040-3598","SOCIAL SCIENCES, INTERDISCIPLINARY","ESCI","178","0.3","Q3","0.16","0"%,
"Contemporary Voice of Dalit","CONTEMP VOICE DALIT","SAGE PUBLICATIONS INC","2455-328X","2456-0502","SOCIAL SCIENCES, INTERDISCIPLINARY","ESCI","171","0.3","Q3","0.15","1.98"%,
"Departures in Critical Qualitative Research","DEPART CRIT QUAL RES","UNIV CALIFORNIA PRESS, JOURNALS DIV","N/A","2333-9497","SOCIAL SCIENCES, INTERDISCIPLINARY","ESCI","102","0.3","Q3","0.15","2.13"%,
"Masyarakat Kebudayaan dan Politik","MASYARAKAT KEBUDAYAA","Univ Airlangga LIPJPHKI","2086-7050","2528-6013","SOCIAL SCIENCES, INTERDISCIPLINARY","ESCI","61","0.3","Q3","0.13","92.86"%,
"Zbornik Veleucilista u Rijeci-Journal of the Polytechnics of Rijeka","ZB VELEUC RIJECI","POLYTECHNIC RIJEKA","1848-1299","1849-1723","SOCIAL SCIENCES, INTERDISCIPLINARY","ESCI","41","0.3","Q3","0.13","98.57"%,
"Journal for New Generation Sciences","J NEW GENER SCI","CENTRAL UNIV TECHNOLOGY, FREE STATE","1684-4998","1684-4998","SOCIAL SCIENCES, INTERDISCIPLINARY","ESCI","45","0.3","Q3","0.12","0"%,
"Aposta-Revista de Ciencias Sociales","APOSTA","APOSTA","1696-7348","1696-7348","SOCIAL SCIENCES, INTERDISCIPLINARY","ESCI","101","0.3","Q3","0.11","2.74"%,
"Przeglad Socjologii Jakosciowej","PRZEGL SOC JAKOSC","LODZ UNIV PRESS","N/A","1733-8069","SOCIAL SCIENCES, INTERDISCIPLINARY","ESCI","66","0.3","Q3","0.1","100"%,
"Revista Mexicana de Ciencias Politicas y Sociales","REV MEX CIENC POLIT","UNAM, FAC CIENCIAS POLITICAS & SOCIALES","0185-1918","0185-1918","SOCIAL SCIENCES, INTERDISCIPLINARY","ESCI","278","0.3","Q3","0.1","99.23"%,
"Journal of the Statistical and Social Inquiry Society of Ireland","J STAT SOC INQ SO I","STATISTICAL & SOCIAL INQUIRY SOC IRELAND","0081-4776","0081-4776","SOCIAL SCIENCES, INTERDISCIPLINARY","ESCI","81","0.3","Q3","0.09","0"%,
"Revista Universidad y Sociedad","REV UNIV SOC","UNIV CIENFUEGOS","2218-3620","2218-3620","SOCIAL SCIENCES, INTERDISCIPLINARY","ESCI","705","0.3","Q3","0.09","0.1"%,
"Acciones e Investigaciones Sociales","ACCIONES INVEST SOC","UNIV ZARAGOZA, ESCUELA UNIV ESTUDIOS SOCIALES","1132-192X","2340-4507","SOCIAL SCIENCES, INTERDISCIPLINARY","ESCI","33","0.3","Q3","0.07","96.88"%,
"Revista Critica de Ciencias Sociais","REV CRIT CIENC SOC","CENTRO ESTUDOS SOCIAIS, FAC ECONOMIA","0254-1106","2182-7435","SOCIAL SCIENCES, INTERDISCIPLINARY","ESCI","287","0.3","Q3","0.07","86.89"%,
"ReiDoCrea-Revista Eectronica de Investigacion y Docencia Creativa","REIDOCREA","UNIV GRANADA, FAC CIENCIAS EDUCACION","2254-5883","2254-5883","SOCIAL SCIENCES, INTERDISCIPLINARY","ESCI","116","0.3","Q3","0.06","1.34"%,
"Astrolabio-Nueva Epoca","ASTROLABIO-NUEVA EPO","UNIV NAC CORDOBA, CENTRO ESTUDIOS AVANZADOS","1668-7515","1668-7515","SOCIAL SCIENCES, INTERDISCIPLINARY","ESCI","85","0.3","Q3","0.04","58.82"%,
"Revista Latinoamericana de Metodologia de las Ciencias Sociales","REV LATINOAM METOD S","UNIV NAC LA PLATA, FAC HUMANIDADES & CIENCIAS EDUC","1853-7863","1853-7863","SOCIAL SCIENCES, INTERDISCIPLINARY","ESCI","57","0.3","Q3","0.04","100"%,
"Revista Rupturas","REV RUPTURAS","UNIV ESTATAL DISTANCIA","2215-2466","2215-2466","SOCIAL SCIENCES, INTERDISCIPLINARY","ESCI","43","0.3","Q3","0.01","13.64"%,
"Grounded Theory Review","GROUNDED THEORY REV","SOCIOLOGY PRESS","1556-1550","1556-1550","SOCIAL SCIENCES, INTERDISCIPLINARY","ESCI","210","0.2","Q4","0.2","9.38"%,
"SOUTH AFRICAN JOURNAL FOR RESEARCH IN SPORT PHYSICAL EDUCATION AND RECREATION","S AFR J RES SPORT PH","STELLENBOSCH UNIV","0379-9069","N/A","SOCIAL SCIENCES, INTERDISCIPLINARY","SSCI","251","0.2","Q4","0.18","10"%,
"Journal of Nonprofit Education and Leadership","J NONPROFIT ED LEARN","SAGAMORE PUBLISHING LLC","2374-7838","2157-0604","SOCIAL SCIENCES, INTERDISCIPLINARY","ESCI","122","0.2","Q4","0.17","0"%,
"Zeitschrift fur Evaluation","Z EVAL","WAXMANN VERLAG GMBH","1619-5515","1619-5515","SOCIAL SCIENCES, INTERDISCIPLINARY","SSCI","28","0.2","Q4","0.11","0"%,
"ASR Chiang Mai University Journal of Social Sciences and Humanities","ASR CHIANG MAI UNIV","CHIANG MAI UNIV, FAC SCIENCE","2408-1469","2408-1469","SOCIAL SCIENCES, INTERDISCIPLINARY","ESCI","26","0.2","Q4","0.1","96.72"%,
"Economia Sociedad y Territorio","ECON SOC TERRIT","COLEGIO MEXIQUENSE AC","1405-8421","2448-6183","SOCIAL SCIENCES, INTERDISCIPLINARY","ESCI","202","0.2","Q4","0.09","99.08"%,
"Noesis-Revista de Ciencias Sociales y Humanidades","NOESIS-REV CIENC SOC","UNIV AUTONOMA CIUDAD JUAREZ, INST CIENCIAS SOCIALES & ADM","0188-9834","2395-8669","SOCIAL SCIENCES, INTERDISCIPLINARY","ESCI","60","0.2","Q4","0.08","97.22"%,
"Revista Tecnologia e Sociedade","REV TECNOL SOC","UNIV TECNOLOGICA FED PARANA-UTFPR","1809-0044","1984-3526","SOCIAL SCIENCES, INTERDISCIPLINARY","ESCI","105","0.2","Q4","0.08","84.62"%,
"Andamios","ANDAMIOS","UNIV AUTONOMA CIUDAD MEXICO","1870-0063","2594-1917","SOCIAL SCIENCES, INTERDISCIPLINARY","SSCI","221","0.2","Q4","0.06","92.86"%,
"Insan & Toplum-The Journal of Humanity & Society","INSAN TOPLUM","ILEM","2146-7099","2602-2745","SOCIAL SCIENCES, INTERDISCIPLINARY","ESCI","48","0.2","Q4","0.06","98.15"%,
"Novos Cadernos NAEA","NOVOS CAD NAEA","UNIV FEDERAL PARA","1516-6481","2179-7536","SOCIAL SCIENCES, INTERDISCIPLINARY","ESCI","95","0.2","Q4","0.06","0"%,
"ACTES DE LA RECHERCHE EN SCIENCES SOCIALES","ACTES RECH SCI SOC","EDITIONS SEUIL","0335-5322","1955-2564","SOCIAL SCIENCES, INTERDISCIPLINARY","SSCI","775","0.2","Q4","0.05","0"%,
"Ciencia UNEMI","CIENC UNEMI","UNIV ESTATAL MILAGRO, DEPT INVESTIGACION DESARROLLO & INNOVACION","1390-4272","2528-7737","SOCIAL SCIENCES, INTERDISCIPLINARY","ESCI","52","0.2","Q4","0.05","55.7"%,
"Revista San Gregorio","REV SAN GREGORIO","UNIV SAN GREGORIO PORTOVIEJO","1390-7247","2528-7907","SOCIAL SCIENCES, INTERDISCIPLINARY","ESCI","97","0.2","Q4","0.05","60.22"%,
"Revue Europeenne des Sciences Sociales","REV EUR SCI SOC","LIBRAIRIE DROZ SA","0048-8046","1663-4446","SOCIAL SCIENCES, INTERDISCIPLINARY","ESCI","106","0.2","Q4","0.05","50"%,
"Areas-Revista Internacional de Ciencias Sociales","AREAS","UNIV MURCIA","0211-6707","1989-6190","SOCIAL SCIENCES, INTERDISCIPLINARY","ESCI","46","0.2","Q4","0.04","97.67"%,
"Debats-Revista de Cultura Poder i Societat","DEBATS","INST ALFONS MAGNANIM, CENTRE VALENCIA ESTUDIS INVESTIGACIO","0212-0585","2530-3074","SOCIAL SCIENCES, INTERDISCIPLINARY","ESCI","55","0.2","Q4","0.04","92.31"%,
"EurAmerica","EURAMERICA","INST EUROPEAN & AMER STUDIES","1021-3058","1991-7864","SOCIAL SCIENCES, INTERDISCIPLINARY","ESCI","40","0.2","Q4","0.04","0"%,
"Logos Ciencia & Tecnologia","LOGOS CIENC TECNOL","POLICIA NAC COLOMBIA","2145-549X","2422-4200","SOCIAL SCIENCES, INTERDISCIPLINARY","ESCI","95","0.2","Q4","0.03","75.28"%,
"Revista Ra Ximhai","REV RA XIMHAI","UNIV AUTONOMA INDIGENA MEXICO","1665-0441","1665-0441","SOCIAL SCIENCES, INTERDISCIPLINARY","ESCI","199","0.2","Q4","0.03","97.26"%,
"Ciencia Ergo-Sum","CIENC ERGO-SUM","UNIV AUTONOMA ESTADO MEXICO","1405-0269","2395-8782","SOCIAL SCIENCES, INTERDISCIPLINARY","ESCI","131","0.2","Q4","0.02","48.25"%,
"Australasian Journal of Regional Studies","AUSTRALAS J REG STUD","REGIONAL SCIENCE ASSOC, AUSTRALIAN & NEW ZEALAND SECTION","1030-7923","1030-7923","SOCIAL SCIENCES, INTERDISCIPLINARY","ESCI","91","0.1","Q4","0.12","0"%,
"JATI-Journal of Southeast Asian Studies","JATI-J SE ASIAN STUD","UNIV MALAYA, DEPT SOUTHEAST ASIAN STUDIES, FAC ARTS & SOCIAL SCIENCES","1823-4127","2600-8653","SOCIAL SCIENCES, INTERDISCIPLINARY","ESCI","49","0.1","Q4","0.12","97.3"%,
"Theory in Action","THEORY ACTION","TRANSFORMATIVE STUDIES INST","1937-0229","1937-0237","SOCIAL SCIENCES, INTERDISCIPLINARY","ESCI","72","0.1","Q4","0.12","95.45"%,
"St Theresa Journal of Humanities and Social Sciences","ST THERESA J HUMANIT","ST THERESA INT COLL","2408-2120","2539-5947","SOCIAL SCIENCES, INTERDISCIPLINARY","ESCI","28","0.1","Q4","0.1","0"%,
"Etudes Ricoeuriennes-Ricoeur Studies","ETUDES RICOEURIENNE","UNIV PITTSBURGH, UNIV LIBRARY SYSTEM","2156-7808","2156-7808","SOCIAL SCIENCES, INTERDISCIPLINARY","ESCI","50","0.1","Q4","0.08","98.04"%,
"Vestnik Tomskogo Gosudarstvennogo Universiteta-Filosofiya-Sotsiologiya-Politologiya-Tomsk State University Journal of Philosophy Sociology and Political Science","VESTN TOMSK U-FILOS","TOMSK STATE UNIV","1998-863X","2311-2395","SOCIAL SCIENCES, INTERDISCIPLINARY","ESCI","114","0.1","Q4","0.08","6.78"%,
"Khazar Journal of Humanities and Social Sciences","KHAZAR J HUMANITIES","KHAZAR UNIV","2223-2613","2223-2621","SOCIAL SCIENCES, INTERDISCIPLINARY","ESCI","65","0.1","Q4","0.07","98.72"%,
"STAPS-Sciences et Techniques des Activites Physiques et Sportives","STAPS-SCI TECH ACT P","DE BOECK UNIV","0247-106X","1782-1568","SOCIAL SCIENCES, INTERDISCIPLINARY","ESCI","151","0.1","Q4","0.06","0"%,
"Espacio Abierto","ESPACIO ABIERTO","UNIV ZULIA, CONSEJO DESARROLLO CIENTIFICO & HUMANISTICO","1315-0006","1315-0006","SOCIAL SCIENCES, INTERDISCIPLINARY","ESCI","134","0.1","Q4","0.05","0"%,
"Revista Colombiana de Ciencias Sociales","REV COLOMB CIENC SOC","UNIV CATOLICA LUIS AMIGO","2216-1201","2216-1201","SOCIAL SCIENCES, INTERDISCIPLINARY","ESCI","76","0.1","Q4","0.05","96.3"%,
"Revista Cientifica da Faculdade de Educacao e Meio Ambiente","REV CIENT FAC EDUC M","FAEMA-FAC EDUCACAO & MEIO AMBIENTE","2179-4200","2179-4200","SOCIAL SCIENCES, INTERDISCIPLINARY","ESCI","14","0.1","Q4","0.03","68.29"%,
"Revista Pensamiento Americano","REV PENSAM AM","CORP UNIV AMER","2027-2448","2027-2448","SOCIAL SCIENCES, INTERDISCIPLINARY","ESCI","9","0.1","Q4","0.03","93.33"%,
"Cultura y Droga","CULT DROGA","UNIV CALDAS","0122-8455","2590-7840","SOCIAL SCIENCES, INTERDISCIPLINARY","ESCI","24","0.1","Q4","0.02","100"%,
"Papeles de Trabajo","PAPEL TRAB","UNIV NACL SAN MARTIN, INST ALTOS ESTUDIOS SOCIALES-IDAES","1851-2577","1851-2577","SOCIAL SCIENCES, INTERDISCIPLINARY","ESCI","49","0.1","Q4","0.02","0"%,
"Revista de Ciencias Sociales-Costa Rica","REV CIENC SOC-COSTA","UNIV COSTA RICA, FAC SOCIAL SCIENCES","2215-2601","2215-2601","SOCIAL SCIENCES, INTERDISCIPLINARY","ESCI","30","0.1","Q4","0.02","27.37"%,
"Revista Latinoamericana de Metodologia de la Investigacion Social","REV LATINOAM METODOL","ESTUDIOS SOCIOLOGICOS EDITORA","1853-6190","1853-6190","SOCIAL SCIENCES, INTERDISCIPLINARY","ESCI","46","0.1","Q4","0.02","0"%,
"Dialogo","DIALOGO","CENTRO UNIV LA SALLE","1519-3640","2238-9024","SOCIAL SCIENCES, INTERDISCIPLINARY","ESCI","45","0.1","Q4","0","28.79"%,
"Journal of New Zealand Studies","J N Z STUD","VICTORIA UNIV WELLINGTON, LAW FAC","1176-306X","2324-3740","SOCIAL SCIENCES, INTERDISCIPLINARY","ESCI","72","<0.1","Q4","0.12","100"%,
"Boyhood Studies-An Interdisciplinary Journal","BOYHOOD STUD","BERGHAHN JOURNALS","2375-9240","2375-9267","SOCIAL SCIENCES, INTERDISCIPLINARY","ESCI","92","<0.1","Q4","0.1","2.94"%,
"Hungarian Cultural Studies","HUNG CULT STUD","UNIV PITTSBURGH, UNIV LIBRARY SYSTEM","2471-965X","2471-965X","SOCIAL SCIENCES, INTERDISCIPLINARY","ESCI","18","<0.1","Q4","0.05","100"%,
"Revista Mad-Revista del Magister en Analisis Sistemico Aplicado a la Sociedad","REV MAD","UNIV CHILE, FAC CIENCIAS SOCIALES, DEPT ANTROPOLOGIA","0718-0527","0718-0527","SOCIAL SCIENCES, INTERDISCIPLINARY","ESCI","32","<0.1","Q4","0.05","7.89"%,
"Simbiotica","SIMBIOTICA","UNIV FEDERAL ESPIRITO SANTO","2316-1620","2316-1620","SOCIAL SCIENCES, INTERDISCIPLINARY","ESCI","428","<0.1","Q4","0.03","100"%,
"Barataria-Revista Castellano-Manchega de Ciencias Sociales","BARATARIA","ASOC CASTELLANO-MANCHEGA DE SOCIOLOGIA","1575-0825","2172-3184","SOCIAL SCIENCES, INTERDISCIPLINARY","ESCI","42","<0.1","Q4","0.02","59.38"%,
"Revista Cientifica Hermes","REV CIENT HERMES","FAC INST PAULISTA ENSINO-FIPEN","2175-0556","2175-0556","SOCIAL SCIENCES, INTERDISCIPLINARY","ESCI","12","<0.1","Q4","0.02","48.89"%,
"Trans-pasando Fronteras","TRANS-PASANDO FRONT","UNIV ICESI","2248-7212","2322-9152","SOCIAL SCIENCES, INTERDISCIPLINARY","ESCI","7","<0.1","Q4","0.02","85.71"%,
"Limite-Revista de Filosofia y Psicologia","LTE-REV INTERDISCIP","UNIV TARAPACA, DEPT FILOSOFIA & PSICOLOGIA","0718-1361","0718-5065","SOCIAL SCIENCES, INTERDISCIPLINARY","ESCI","20","<0.1","Q4","0.01","28.57"%,
"Revista Brasileira de Historia & Ciencias Sociais","REV BRAS HIST CIENC","UNIV VALE DORIO SINOS-UNISINOS","2175-3423","2175-3423","SOCIAL SCIENCES, INTERDISCIPLINARY","ESCI","28","<0.1","Q4","0.01","35.19"%,
"Revista Pos Ciencias Sociais","REV POS CIENC SOC","UNIV FEDERAL MARANHAO","1983-4527","2236-9473","SOCIAL SCIENCES, INTERDISCIPLINARY","ESCI","21","<0.1","Q4","0","65.43"%,

Copyright (c) 2026 Clarivate 
By exporting the selected data; you agree to the data usage policy set forth in the Terms of Use 
