"Journal Data Filtered By:  Selected Categories: ENVIRONMENTAL STUDIES Selected Editions: SCIE;SSCI;AHCI;ESCI Selected JCR Year: 2024 Selected Category Schema: WOS Selected Open Access: N Indicator: Default"

Journal name,JCR Abbreviation,Publisher,ISSN,eISSN,Category,Edition,Total Citations,2024 JIF,JIF Quartile,2024 JCI,% of Citable OA
"Nature Climate Change","NAT CLIM CHANGE","NATURE PORTFOLIO","1758-678X","1758-6798","ENVIRONMENTAL STUDIES","SSCI","53,557","27.1","Q1","5.83","29.52"%,
"Nature Sustainability","NAT SUSTAIN","NATURE PORTFOLIO","2398-9629","2398-9629","ENVIRONMENTAL STUDIES","SSCI","24,660","27.1","Q1","5.22","22.81"%,
"Annual Review of Environment and Resources","ANNU REV ENV RESOUR","ANNUAL REVIEWS","1543-5938","1545-2050","ENVIRONMENTAL STUDIES","SSCI","8,211","16","Q1","1.55","100"%,
"One Earth","ONE EARTH","CELL PRESS","2590-3330","2590-3322","ENVIRONMENTAL STUDIES","SSCI","8,018","15.3","Q1","1.89","40.25"%,
"Business Strategy and the Environment","BUS STRATEG ENVIRON","WILEY","0964-4733","1099-0836","ENVIRONMENTAL STUDIES","SSCI","30,263","13.3","Q1","2.76","41.48"%,
"Tourism Management","TOURISM MANAGE","ELSEVIER SCI LTD","0261-5177","1879-3193","ENVIRONMENTAL STUDIES","SSCI","34,184","12.4","Q1","2.95","21.66"%,
"Environmental Impact Assessment Review","ENVIRON IMPACT ASSES","ELSEVIER SCIENCE INC","0195-9255","1873-6432","ENVIRONMENTAL STUDIES","SSCI","13,886","11.2","Q1","2.42","15.07"%,
"Wiley Interdisciplinary Reviews-Climate Change","WIRES CLIM CHANGE","WILEY","1757-7780","1757-7799","ENVIRONMENTAL STUDIES","SSCI","8,692","10.3","Q1","1.54","76.03"%,
"Sustainable Production and Consumption","SUSTAIN PROD CONSUMP","ELSEVIER","2352-5509","2352-5509","ENVIRONMENTAL STUDIES","SSCI","15,572","9.6","Q1","2.06","38.52"%,
"LANDSCAPE AND URBAN PLANNING","LANDSCAPE URBAN PLAN","ELSEVIER","0169-2046","1872-6062","ENVIRONMENTAL STUDIES","SSCI","32,710","9.2","Q1","2.4","40.92"%,
"Energy Policy","ENERG POLICY","ELSEVIER SCI LTD","0301-4215","1873-6777","ENVIRONMENTAL STUDIES","SSCI","68,208","9.2","Q1","2.09","33.62"%,
"GLOBAL ENVIRONMENTAL CHANGE-HUMAN AND POLICY DIMENSIONS","GLOBAL ENVIRON CHANG","ELSEVIER SCI LTD","0959-3780","1872-9495","ENVIRONMENTAL STUDIES","SSCI","26,254","9.1","Q1","2.37","61.47"%,
"Corporate Social Responsibility and Environmental Management","CORP SOC RESP ENV MA","WILEY","1535-3958","1535-3966","ENVIRONMENTAL STUDIES","SSCI","15,559","9.1","Q1","1.98","26.7"%,
"npj Urban Sustainability","NPJ URBAN SUSTAIN","SPRINGERNATURE","N/A","2661-8001","ENVIRONMENTAL STUDIES","SSCI","1,371","8.8","Q1","2.29","100"%,
"Annual Review of Resource Economics","ANNU REV RESOUR ECON","ANNUAL REVIEWS","1941-1340","1941-1359","ENVIRONMENTAL STUDIES","SSCI","2,316","8.4","Q1","1.3","56.16"%,
"COMPUTERS ENVIRONMENT AND URBAN SYSTEMS","COMPUT ENVIRON URBAN","ELSEVIER SCI LTD","0198-9715","1873-7587","ENVIRONMENTAL STUDIES","SSCI","8,300","8.3","Q1","1.64","36.33"%,
"Resources Environment and Sustainability","RESOUR ENVIRON SUST","ELSEVIER","2666-9161","2666-9161","ENVIRONMENTAL STUDIES","ESCI","1,266","7.8","Q1","1.88","100"%,
"TRANSPORTATION RESEARCH PART D-TRANSPORT AND ENVIRONMENT","TRANSPORT RES D-TR E","PERGAMON-ELSEVIER SCIENCE LTD","1361-9209","1879-2340","ENVIRONMENTAL STUDIES","SSCI","25,282","7.7","Q1","1.69","29.95"%,
"Energy Research & Social Science","ENERGY RES SOC SCI","ELSEVIER","2214-6296","2214-6326","ENVIRONMENTAL STUDIES","SSCI","22,343","7.4","Q1","1.31","59.85"%,
"ORGANIZATION & ENVIRONMENT","ORGAN ENVIRON","SAGE PUBLICATIONS INC","1086-0266","1552-7417","ENVIRONMENTAL STUDIES","SSCI","3,374","7.3","Q1","1.19","48.28"%,
"Sustainability Accounting Management and Policy Journal","SUSTAIN ACCOUNT MANA","EMERALD GROUP PUBLISHING LTD","2040-8021","2040-803X","ENVIRONMENTAL STUDIES","SSCI","2,906","7.2","Q1","1.39","14.59"%,
"JOURNAL OF ENVIRONMENTAL PSYCHOLOGY","J ENVIRON PSYCHOL","ACADEMIC PRESS LTD- ELSEVIER SCIENCE LTD","0272-4944","1522-9610","ENVIRONMENTAL STUDIES","SSCI","20,719","7","Q1","1.85","43.97"%,
"HABITAT INTERNATIONAL","HABITAT INT","PERGAMON-ELSEVIER SCIENCE LTD","0197-3975","1873-5428","ENVIRONMENTAL STUDIES","SSCI","12,035","7","Q1","1.71","20.13"%,
"URBAN FORESTRY & URBAN GREENING","URBAN FOR URBAN GREE","ELSEVIER GMBH","1618-8667","1610-8167","ENVIRONMENTAL STUDIES","SSCI","20,098","6.7","Q1","1.88","31.16"%,
"Review of Environmental Economics and Policy","REV ENV ECON POLICY","UNIV CHICAGO PRESS","1750-6816","1750-6824","ENVIRONMENTAL STUDIES","SSCI","2,428","6.6","Q1","1.89","3.51"%,
"Ecosystem Services","ECOSYST SERV","ELSEVIER","2212-0416","2212-0416","ENVIRONMENTAL STUDIES","SSCI","10,896","6.6","Q1","1.34","45.58"%,
"ECOLOGICAL ECONOMICS","ECOL ECON","ELSEVIER","0921-8009","1873-6106","ENVIRONMENTAL STUDIES","SSCI","35,499","6.3","Q1","1.57","45.45"%,
"Environmental Innovation and Societal Transitions","ENVIRON INNOV SOC TR","ELSEVIER","2210-4224","2210-4232","ENVIRONMENTAL STUDIES","SSCI","5,965","6.1","Q1","1.2","75.17"%,
"ENVIRONMENTAL POLITICS","ENVIRON POLIT","ROUTLEDGE JOURNALS, TAYLOR & FRANCIS LTD","0964-4016","1743-8934","ENVIRONMENTAL STUDIES","SSCI","5,424","5.9","Q1","1.91","44.89"%,
"JOURNAL OF ENVIRONMENTAL ECONOMICS AND MANAGEMENT","J ENVIRON ECON MANAG","ACADEMIC PRESS INC ELSEVIER SCIENCE","0095-0696","1096-0449","ENVIRONMENTAL STUDIES","SSCI","12,038","5.9","Q1","1.45","38.79"%,
"LAND USE POLICY","LAND USE POLICY","ELSEVIER SCI LTD","0264-8377","1873-5754","ENVIRONMENTAL STUDIES","SSCI","35,259","5.9","Q1","1.41","29.9"%,
"Global Sustainability","GLOB SUSTAIN","CAMBRIDGE UNIV PRESS","N/A","2059-4798","ENVIRONMENTAL STUDIES","ESCI","1,172","5.8","Q1","0.68","100"%,
"PROGRESS IN PLANNING","PROG PLANN","PERGAMON-ELSEVIER SCIENCE LTD","0305-9006","1873-4510","ENVIRONMENTAL STUDIES","SSCI","1,416","5.7","Q1","1.3","38.89"%,
"Environmental and Sustainability Indicators","ENVIRON SUSTAIN IND","ELSEVIER","2665-9727","2665-9727","ENVIRONMENTAL STUDIES","ESCI","2,035","5.6","Q1","1.09","98.18"%,
"Cleaner and Responsible Consumption","CLEAN RESPONS CONSUM","ELSEVIER","2666-7843","2666-7843","ENVIRONMENTAL STUDIES","ESCI","957","5.3","Q1","0.94","98.97"%,
"CLIMATE POLICY","CLIM POLICY","TAYLOR & FRANCIS LTD","1469-3062","1752-7457","ENVIRONMENTAL STUDIES","SSCI","6,353","5.2","Q1","1.66","34.74"%,
"PLOS Climate","PLOS CLIM","PUBLIC LIBRARY SCIENCE","N/A","2767-3200","ENVIRONMENTAL STUDIES","ESCI","1,000","5.1","Q1","0.77","99.65"%,
"Climate Risk Management","CLIM RISK MANAG","ELSEVIER","2212-0963","2212-0963","ENVIRONMENTAL STUDIES","SSCI","3,225","5","Q1","1.09","100"%,
"Cleaner Environmental Systems","CLEAN ENVIRON SYST","ELSEVIER","2666-7894","2666-7894","ENVIRONMENTAL STUDIES","ESCI","1,042","4.9","Q1","0.91","98.88"%,
"Energy & Environment","ENERG ENVIRON-UK","SAGE PUBLICATIONS LTD","0958-305X","2048-4070","ENVIRONMENTAL STUDIES","SSCI","3,967","4.8","Q1","1.09","3.05"%,
"Sustainability-Science Practice and Policy","SUSTAINABILITY-SCI P","TAYLOR & FRANCIS LTD","N/A","1548-7733","ENVIRONMENTAL STUDIES","ESCI","1,287","4.8","Q1","0.95","99.29"%,
"Chinese Journal of Population Resources and Environment","CHIN J POPUL RESOUR","KEAI PUBLISHING LTD","2096-9589","2325-4262","ENVIRONMENTAL STUDIES","ESCI","1,110","4.8","Q1","0.9","97.48"%,
"Earth System Governance","EARTH SYST GOV-NETH","ELSEVIER","2589-8116","2589-8116","ENVIRONMENTAL STUDIES","ESCI","797","4.6","Q1","2.01","100"%,
"ENVIRONMENT AND BEHAVIOR","ENVIRON BEHAV","SAGE PUBLICATIONS INC","0013-9165","1552-390X","ENVIRONMENTAL STUDIES","SSCI","8,819","4.6","Q1","1.2","40.68"%,
"Regional Sustainability","REG SUSTAIN","KEAI PUBLISHING LTD","2097-0129","2666-660X","ENVIRONMENTAL STUDIES","ESCI","540","4.6","Q1","0.98","99.04"%,
"PLOS Sustainability and Transformation","PLOS SUSTAIN TRANSF","PUBLIC LIBRARY SCIENCE","N/A","2767-3197","ENVIRONMENTAL STUDIES","ESCI","323","4.6","Q1","0.75","99.01"%,
"Climate Services","CLIM SERV","ELSEVIER","2405-8807","2405-8807","ENVIRONMENTAL STUDIES","SSCI","1,691","4.5","Q1","0.91","99.15"%,
"Utilities Policy","UTIL POLICY","ELSEVIER SCI LTD","0957-1787","1878-4356","ENVIRONMENTAL STUDIES","SSCI","3,517","4.4","Q1","0.97","28.89"%,
"Extractive Industries and Society","EXTRACT IND SOC","ELSEVIER SCI LTD","2214-790X","2214-7918","ENVIRONMENTAL STUDIES","SSCI","4,272","4.3","Q2","0.93","34.39"%,
"REGIONAL STUDIES","REG STUD","ROUTLEDGE JOURNALS, TAYLOR & FRANCIS LTD","0034-3404","1360-0591","ENVIRONMENTAL STUDIES","SSCI","11,305","4.2","Q2","1.12","29.37"%,
"Business Strategy and Development","BUS STRATEGY DEV","WILEY","N/A","2572-3170","ENVIRONMENTAL STUDIES","ESCI","1,384","4.2","Q2","0.95","17.8"%,
"Environmental Communication-A Journal of Nature and Culture","ENVIRON COMMUN","ROUTLEDGE JOURNALS, TAYLOR & FRANCIS LTD","1752-4032","1752-4040","ENVIRONMENTAL STUDIES","SSCI","2,929","4.1","Q2","1.11","25.93"%,
"URBAN STUDIES","URBAN STUD","SAGE PUBLICATIONS LTD","0042-0980","1360-063X","ENVIRONMENTAL STUDIES","SSCI","16,324","4.1","Q2","1.05","42.4"%,
"Management of Environmental Quality","MANAG ENVIRON QUAL","EMERALD GROUP PUBLISHING LTD","1477-7835","1758-6119","ENVIRONMENTAL STUDIES","ESCI","3,188","4.1","Q2","1.01","1.53"%,
"Frontiers in Climate","FRONT CLIM","FRONTIERS MEDIA SA","N/A","2624-9553","ENVIRONMENTAL STUDIES","ESCI","2,889","4.1","Q2","0.7","100"%,
"Global Environmental Politics","GLOBAL ENVIRON POLIT","MIT PRESS","1526-3800","1536-0091","ENVIRONMENTAL STUDIES","SSCI","2,243","4","Q2","1.86","30.3"%,
"Environment and Planning A-Economy and Space","ENVIRON PLANN A","SAGE PUBLICATIONS INC","0308-518X","1472-3409","ENVIRONMENTAL STUDIES","SSCI","11,477","4","Q2","1.14","49.66"%,
"Energy Efficiency","ENERG EFFIC","SPRINGER","1570-646X","1570-6478","ENVIRONMENTAL STUDIES","SSCI","2,911","4","Q2","0.64","37.41"%,
"Environmental Policy and Governance","ENVIRON POLICY GOV","WILEY PERIODICALS, INC","1756-932X","1756-9338","ENVIRONMENTAL STUDIES","SSCI","1,804","3.9","Q2","0.75","68.67"%,
"International Journal of Sustainable Transportation","INT J SUSTAIN TRANSP","TAYLOR & FRANCIS INC","1556-8318","1556-8334","ENVIRONMENTAL STUDIES","SSCI","3,424","3.9","Q2","0.62","19.3"%,
"ENVIRONMENT","ENVIRONMENT","ROUTLEDGE JOURNALS, TAYLOR & FRANCIS LTD","0013-9157","1939-9154","ENVIRONMENTAL STUDIES","SSCI","1,562","3.9","Q2","0.61","31.91"%,
"Forest Policy and Economics","FOREST POLICY ECON","ELSEVIER","1389-9341","1872-7050","ENVIRONMENTAL STUDIES","SSCI","7,125","3.8","Q2","1.17","37.24"%,
"Progress in Disaster Science","PROG DISASTER SCI","ELSEVIER","2590-0617","2590-0617","ENVIRONMENTAL STUDIES","ESCI","1,281","3.8","Q2","0.79","98.33"%,
"City and Environment Interactions","CITY ENVIRON INTERAC","ELSEVIER","2590-2520","2590-2520","ENVIRONMENTAL STUDIES","ESCI","475","3.8","Q2","0.77","100"%,
"Current Research in Environmental Sustainability","CURR RES ENVIRON SUS","ELSEVIER","2666-0490","2666-0490","ENVIRONMENTAL STUDIES","ESCI","1,022","3.8","Q2","0.76","100"%,
"Marine Policy","MAR POLICY","ELSEVIER SCI LTD","0308-597X","1872-9460","ENVIRONMENTAL STUDIES","SSCI","17,081","3.7","Q2","1.45","35.79"%,
"Research in Globalization","RES GLOB","ELSEVIER","N/A","2590-051X","ENVIRONMENTAL STUDIES","ESCI","760","3.7","Q2","1.24","98.91"%,
"Ecosystems and People","ECOSYST PEOPLE","TAYLOR & FRANCIS LTD","N/A","2639-5916","ENVIRONMENTAL STUDIES","ESCI","1,048","3.7","Q2","0.92","98.75"%,
"NATURAL RESOURCES FORUM","NAT RESOUR FORUM","WILEY","N/A","1477-8947","ENVIRONMENTAL STUDIES","SSCI","2,067","3.7","Q2","0.84","13.58"%,
"Global Social Challenges Journal","GLOB SOC CHALL J","BRISTOL UNIV PRESS & POLICY PRESS","N/A","2752-3349","ENVIRONMENTAL STUDIES","ESCI","123","3.6","Q2","1.4","96"%,
"Regional Environmental Change","REG ENVIRON CHANGE","SPRINGER HEIDELBERG","1436-3798","1436-378X","ENVIRONMENTAL STUDIES","SSCI","8,304","3.6","Q2","0.78","51.85"%,
"Water Alternatives-An Interdisciplinary Journal on Water Politics and Development","WATER ALTERN","WATER ALTERNATIVES ASSOC","1965-0175","1965-0175","ENVIRONMENTAL STUDIES","SSCI","1,479","3.6","Q2","0.68","0"%,
"Journal of Human Rights and the Environment","J HUM RIGHTS ENVIRON","EDWARD ELGAR PUBLISHING LTD","1759-7188","1759-7196","ENVIRONMENTAL STUDIES","ESCI","346","3.5","Q2","1.98","2.56"%,
"International Journal of Climate Change Strategies and Management","INT J CLIM CHANG STR","EMERALD GROUP PUBLISHING LTD","1756-8692","1756-8706","ENVIRONMENTAL STUDIES","SSCI","1,526","3.5","Q2","0.78","100"%,
"Anthropocene Review","ANTHROPOCENE REV","SAGE PUBLICATIONS INC","2053-0196","2053-020X","ENVIRONMENTAL STUDIES","SSCI","1,206","3.5","Q2","0.69","41.86"%,
"Environment and Society-Advances in Research","ENVIRON SOC","BERGHAHN JOURNALS","2150-6779","2150-6787","ENVIRONMENTAL STUDIES","ESCI","591","3.5","Q2","0.5","94.44"%,
"ENVIRONMENTAL & RESOURCE ECONOMICS","ENVIRON RESOUR ECON","SPRINGER","0924-6460","1573-1502","ENVIRONMENTAL STUDIES","SSCI","6,498","3.4","Q2","0.91","51.74"%,
"Climate and Development","CLIM DEV","TAYLOR & FRANCIS LTD","1756-5529","1756-5537","ENVIRONMENTAL STUDIES","SSCI","3,128","3.4","Q2","0.75","20.29"%,
"Oxford Open Energy","OXF OPEN ENERGY","OXFORD UNIV PRESS","N/A","2752-5082","ENVIRONMENTAL STUDIES","ESCI","117","3.4","Q2","0.59","100"%,
"Transnational Environmental Law","TRANSNATL ENVIRON LA","CAMBRIDGE UNIV PRESS","2047-1025","2047-1033","ENVIRONMENTAL STUDIES","SSCI","715","3.3","Q2","2.2","72.73"%,
"Consumption and Society","CONSUM SOC","BRISTOL UNIV PRESS & POLICY PRESS","N/A","2752-8499","ENVIRONMENTAL STUDIES","ESCI","139","3.3","Q2","1.19","20.75"%,
"Sustainability","SUSTAINABILITY-BASEL","MDPI","N/A","2071-1050","ENVIRONMENTAL STUDIES","SSCI","283,527","3.3","Q2","0.67","99.99"%,
"Environment and Planning E-Nature and Space","ENVIRON PLAN E-NAT","SAGE PUBLICATIONS INC","2514-8486","2514-8494","ENVIRONMENTAL STUDIES","SSCI","2,214","3.2","Q2","1","42.11"%,
"Journal of the Association of Environmental and Resource Economists","J ASSOC ENVIRON RESO","UNIV CHICAGO PRESS","2333-5955","2333-5963","ENVIRONMENTAL STUDIES","SSCI","1,867","3.2","Q2","0.95","0.73"%,
"ECOLOGY AND SOCIETY","ECOL SOC","Resilience Alliance","1708-3087","N/A","ENVIRONMENTAL STUDIES","SSCI","13,977","3.2","Q2","0.88","98.87"%,
"Land","LAND-BASEL","MDPI","N/A","2073-445X","ENVIRONMENTAL STUDIES","SSCI","25,153","3.2","Q2","0.77","99.97"%,
"EUROPEAN PLANNING STUDIES","EUR PLAN STUD","ROUTLEDGE JOURNALS, TAYLOR & FRANCIS LTD","0965-4313","1469-5944","ENVIRONMENTAL STUDIES","SSCI","5,819","3.2","Q2","0.75","37.92"%,
"Carbon Management","CARBON MANAG","TAYLOR & FRANCIS LTD","1758-3004","1758-3012","ENVIRONMENTAL STUDIES","SSCI","1,958","3.2","Q2","0.53","100"%,
"Environmental Research: Infrastructure and Sustainability","ENVIRON RES-INFRASTR","IOP Publishing Ltd","N/A","2634-4505","ENVIRONMENTAL STUDIES","ESCI","518","3.2","Q2","0.52","100"%,
"International Environmental Agreements-Politics Law and Economics","INT ENVIRON AGREEM-P","SPRINGER","1567-9764","1573-1553","ENVIRONMENTAL STUDIES","SSCI","1,323","3.1","Q2","1.64","65.91"%,
"Environmental Education Research","ENVIRON EDUC RES","ROUTLEDGE JOURNALS, TAYLOR & FRANCIS LTD","1350-4622","1469-5871","ENVIRONMENTAL STUDIES","SSCI","6,131","3.1","Q2","1.03","29.68"%,
"Environment and Planning B-Urban Analytics and City Science","ENVIRON PLAN B-URBAN","SAGE PUBLICATIONS LTD","2399-8083","2399-8091","ENVIRONMENTAL STUDIES","SSCI","6,639","3.1","Q2","0.76","28.54"%,
"RESOURCE AND ENERGY ECONOMICS","RESOUR ENERGY ECON","ELSEVIER","0928-7655","1873-0221","ENVIRONMENTAL STUDIES","SSCI","2,512","3.1","Q2","0.66","40.4"%,
"INTERNATIONAL JOURNAL OF URBAN SCIENCES","INT J URBAN SCI","ROUTLEDGE JOURNALS, TAYLOR & FRANCIS LTD","1226-5934","2161-6779","ENVIRONMENTAL STUDIES","SSCI","1,104","3","Q2","0.74","8.2"%,
"Discover Sustainability","DISCOV SUSTAIN","SPRINGERNATURE","N/A","2662-9984","ENVIRONMENTAL STUDIES","ESCI","908","3","Q2","0.51","99.84"%,
"REGIONAL SCIENCE AND URBAN ECONOMICS","REG SCI URBAN ECON","ELSEVIER","0166-0462","1879-2308","ENVIRONMENTAL STUDIES","SSCI","4,813","2.9","Q2","0.96","22.93"%,
"Urban Science","URBAN SCI","MDPI","N/A","2413-8851","ENVIRONMENTAL STUDIES","ESCI","1,949","2.9","Q2","0.7","99.79"%,
"HOUSING STUDIES","HOUSING STUD","ROUTLEDGE JOURNALS, TAYLOR & FRANCIS LTD","0267-3037","1466-1810","ENVIRONMENTAL STUDIES","SSCI","4,544","2.9","Q2","0.59","37.17"%,
"Pastoralism-Research Policy and Practice","PASTORALISM","FRONTIERS MEDIA SA","2041-7136","2041-7136","ENVIRONMENTAL STUDIES","ESCI","795","2.9","Q2","0.48","100"%,
"Frontiers in Sustainability","FRONT SUSTAIN","FRONTIERS MEDIA SA","N/A","2673-4524","ENVIRONMENTAL STUDIES","ESCI","1,219","2.9","Q2","0.42","99.18"%,
"Local Environment","LOCAL ENVIRON","ROUTLEDGE JOURNALS, TAYLOR & FRANCIS LTD","1354-9839","1469-6711","ENVIRONMENTAL STUDIES","SSCI","3,645","2.8","Q3","0.63","27.24"%,
"Environmental Sociology","ENVIRON SOCIOL","ROUTLEDGE JOURNALS, TAYLOR & FRANCIS LTD","2325-1042","2325-1042","ENVIRONMENTAL STUDIES","ESCI","994","2.8","Q3","0.53","22.41"%,
"JOURNAL OF ENVIRONMENTAL LAW","J ENVIRON LAW","OXFORD UNIV PRESS","0952-8873","1464-374X","ENVIRONMENTAL STUDIES","SSCI","935","2.7","Q3","1.2","53.95"%,
"JOURNAL OF REGIONAL SCIENCE","J REGIONAL SCI","WILEY","0022-4146","1467-9787","ENVIRONMENTAL STUDIES","SSCI","3,212","2.7","Q3","0.7","37.91"%,
"DISASTERS","DISASTERS","WILEY","0361-3666","1467-7717","ENVIRONMENTAL STUDIES","SSCI","3,142","2.6","Q3","1.09","59.75"%,
"Journal of Agricultural Education & Extension","J AGRIC EDUC EXT","ROUTLEDGE JOURNALS, TAYLOR & FRANCIS LTD","1389-224X","1750-8622","ENVIRONMENTAL STUDIES","SSCI","1,208","2.6","Q3","0.9","32.26"%,
"EUROPEAN URBAN AND REGIONAL STUDIES","EUR URBAN REG STUD","SAGE PUBLICATIONS LTD","0969-7764","1461-7145","ENVIRONMENTAL STUDIES","SSCI","1,655","2.6","Q3","0.77","40.26"%,
"International Journal of Housing Policy","INT J HOUS POLICY","ROUTLEDGE JOURNALS, TAYLOR & FRANCIS LTD","1949-1247","1949-1255","ENVIRONMENTAL STUDIES","SSCI","999","2.6","Q3","0.53","32.73"%,
"POPULATION AND ENVIRONMENT","POPUL ENVIRON","SPRINGER","0199-0039","1573-7810","ENVIRONMENTAL STUDIES","SSCI","1,967","2.5","Q3","1.03","40.79"%,
"ENVIRONMENT AND PLANNING D-SOCIETY & SPACE","ENVIRON PLANN D","SAGE PUBLICATIONS LTD","0263-7758","1472-3433","ENVIRONMENTAL STUDIES","SSCI","5,787","2.5","Q3","0.77","48.24"%,
"Climate Change Economics","CLIM CHANG ECON","WORLD SCIENTIFIC PUBL CO PTE LTD","2010-0078","2010-0086","ENVIRONMENTAL STUDIES","SSCI","606","2.4","Q3","0.89","11.36"%,
"JOURNAL OF ENVIRONMENTAL EDUCATION","J ENVIRON EDUC","ROUTLEDGE JOURNALS, TAYLOR & FRANCIS LTD","0095-8964","1940-1892","ENVIRONMENTAL STUDIES","SSCI","2,424","2.4","Q3","0.85","18.89"%,
"ENERGY JOURNAL","ENERG J","SAGE PUBLICATIONS INC","0195-6574","1944-9089","ENVIRONMENTAL STUDIES","SSCI","3,266","2.4","Q3","0.66","10.73"%,
"ENVIRONMENT AND URBANIZATION","ENVIRON URBAN","SAGE PUBLICATIONS LTD","0956-2478","1746-0301","ENVIRONMENTAL STUDIES","SSCI","2,678","2.4","Q3","0.58","44.3"%,
"International Journal of Urban Sustainable Development","INT J URBAN SUSTAIN","TAYLOR & FRANCIS LTD","1946-3138","1946-3146","ENVIRONMENTAL STUDIES","ESCI","666","2.4","Q3","0.53","94.52"%,
"Review of European Comparative & International Environmental Law","REV EUR COMP INT ENV","WILEY","2050-0386","2050-0394","ENVIRONMENTAL STUDIES","SSCI","816","2.3","Q3","1.73","64"%,
"Science and Public Policy","SCI PUBL POLICY","OXFORD UNIV PRESS","0302-3427","1471-5430","ENVIRONMENTAL STUDIES","SSCI","3,140","2.3","Q3","0.74","39.26"%,
"PAPERS IN REGIONAL SCIENCE","PAP REG SCI","ELSEVIER SCI LTD","1056-8190","1435-5957","ENVIRONMENTAL STUDIES","SSCI","2,881","2.3","Q3","0.64","70.77"%,
"Maritime Studies","MARIT STUD","SPRINGER HEIDELBERG","1872-7859","2212-9790","ENVIRONMENTAL STUDIES","ESCI","775","2.3","Q3","0.55","60.48"%,
"Journal of Political Ecology","J POLIT ECOL","UNIV ARIZONA LIBRARIES","1073-0451","1073-0451","ENVIRONMENTAL STUDIES","ESCI","1,267","2.3","Q3","0.48","8.89"%,
"Journal of Environmental Studies and Sciences","J ENVIRON STUD SCI","SPRINGER","2190-6483","2190-6491","ENVIRONMENTAL STUDIES","ESCI","1,360","2.3","Q3","0.43","28.44"%,
"Environment and Planning C-Politics and Space","ENVIRON PLAN C-POLIT","SAGE PUBLICATIONS LTD","2399-6544","2399-6552","ENVIRONMENTAL STUDIES","SSCI","3,544","2.2","Q3","0.62","43.01"%,
"Natural Hazards Review","NAT HAZARDS REV","ASCE-AMER SOC CIVIL ENGINEERS","1527-6988","1527-6996","ENVIRONMENTAL STUDIES","SSCI","2,482","2.2","Q3","0.5","10.33"%,
"Journal of Energy & Natural Resources Law","J ENERGY NAT RESO LA","TAYLOR & FRANCIS LTD","0264-6811","2376-4538","ENVIRONMENTAL STUDIES","SSCI","498","2.1","Q3","1.19","27.27"%,
"ANNALS OF REGIONAL SCIENCE","ANN REGIONAL SCI","SPRINGER","0570-1864","1432-0592","ENVIRONMENTAL STUDIES","SSCI","2,558","2.1","Q3","0.6","41.36"%,
"Journal of Housing and the Built Environment","J HOUS BUILT ENVIRON","SPRINGER","1566-4910","1573-7772","ENVIRONMENTAL STUDIES","SSCI","2,197","2.1","Q3","0.51","38.66"%,
"INTERNATIONAL REGIONAL SCIENCE REVIEW","INT REGIONAL SCI REV","SAGE PUBLICATIONS INC","0160-0176","1552-6925","ENVIRONMENTAL STUDIES","SSCI","1,385","2.1","Q3","0.48","15.71"%,
"Frontiers in Sustainable Cities","FRONT SUSTAIN CITIES","FRONTIERS MEDIA SA","N/A","2624-9634","ENVIRONMENTAL STUDIES","ESCI","1,551","2.1","Q3","0.47","99.25"%,
"Conservation & Society","CONSERV SOC","WOLTERS KLUWER MEDKNOW PUBLICATIONS","0972-4923","0975-3133","ENVIRONMENTAL STUDIES","SSCI","1,380","2.1","Q3","0.4","67.14"%,
"Housing Theory & Society","HOUS THEORY SOC","ROUTLEDGE JOURNALS, TAYLOR & FRANCIS LTD","1403-6096","1651-2278","ENVIRONMENTAL STUDIES","SSCI","1,431","2","Q3","0.56","46.46"%,
"Journal of Environment & Development","J ENVIRON DEV","SAGE PUBLICATIONS INC","1070-4965","1552-5465","ENVIRONMENTAL STUDIES","SSCI","1,022","2","Q3","0.51","15.56"%,
"Disaster Prevention and Management","DISASTER PREV MANAG","EMERALD GROUP PUBLISHING LTD","0965-3562","1758-6100","ENVIRONMENTAL STUDIES","SSCI","1,682","2","Q3","0.48","13.82"%,
"SOCIETY & NATURAL RESOURCES","SOC NATUR RESOUR","TAYLOR & FRANCIS INC","0894-1920","1521-0723","ENVIRONMENTAL STUDIES","SSCI","4,500","1.9","Q3","0.63","17.2"%,
"Water Resources and Economics","WATER RESOUR ECON","ELSEVIER","2212-4284","2212-4284","ENVIRONMENTAL STUDIES","SSCI","463","1.9","Q3","0.54","31.67"%,
"Applied Spatial Analysis and Policy","APPL SPAT ANAL POLIC","SPRINGER","1874-463X","1874-4621","ENVIRONMENTAL STUDIES","SSCI","893","1.9","Q3","0.5","28.82"%,
"Weather Climate and Society","WEATHER CLIM SOC","AMER METEOROLOGICAL SOC","1948-8327","1948-8335","ENVIRONMENTAL STUDIES","SSCI","1,878","1.9","Q3","0.45","2.76"%,
"International Journal of the Commons","INT J COMMONS","UBIQUITY PRESS LTD","1875-0281","1875-0281","ENVIRONMENTAL STUDIES","SSCI","1,108","1.9","Q3","0.44","98"%,
"Impact Assessment and Project Appraisal","IMPACT ASSESS PROJ A","ROUTLEDGE JOURNALS, TAYLOR & FRANCIS LTD","1461-5517","1471-5465","ENVIRONMENTAL STUDIES","SSCI","1,301","1.9","Q3","0.43","19.01"%,
"GAIA-Ecological Perspectives for Science and Society","GAIA","OEKOM VERLAG GMBH","0940-5550","2625-5413","ENVIRONMENTAL STUDIES","SSCI","1,153","1.9","Q3","0.33","81.73"%,
"COASTAL MANAGEMENT","COAST MANAGE","TAYLOR & FRANCIS INC","0892-0753","1521-0421","ENVIRONMENTAL STUDIES","SSCI","1,266","1.9","Q3","0.32","11.67"%,
"Polar Journal","POLAR J-UK","TAYLOR & FRANCIS LTD","2154-896X","2154-8978","ENVIRONMENTAL STUDIES","ESCI","378","1.8","Q3","0.71","39.06"%,
"HUMAN ECOLOGY","HUM ECOL","SPRINGER/PLENUM PUBLISHERS","0300-7839","1572-9915","ENVIRONMENTAL STUDIES","SSCI","3,213","1.7","Q3","0.82","34.86"%,
"Marine Resource Economics","MAR RESOUR ECON","UNIV CHICAGO PRESS","0738-1360","2334-5985","ENVIRONMENTAL STUDIES","SSCI","821","1.7","Q3","0.57","3.45"%,
"Asia-Pacific Journal of Regional Science","ASIA-PAC J REG SCI","SPRINGERNATURE","2509-7946","2509-7954","ENVIRONMENTAL STUDIES","ESCI","391","1.7","Q3","0.47","9.63"%,
"Forests Trees and Livelihoods","FOR TREES LIVELIHOOD","TAYLOR & FRANCIS LTD","1472-8028","2164-3075","ENVIRONMENTAL STUDIES","ESCI","376","1.7","Q3","0.45","15.52"%,
"Urban Policy and Research","URBAN POLICY RES","ROUTLEDGE JOURNALS, TAYLOR & FRANCIS LTD","0811-1146","1476-7244","ENVIRONMENTAL STUDIES","SSCI","869","1.7","Q3","0.44","32.53"%,
"Environmental Hazards-Human and Policy Dimensions","ENVIRON HAZARDS-UK","TAYLOR & FRANCIS LTD","1747-7891","1878-0059","ENVIRONMENTAL STUDIES","SSCI","1,198","1.7","Q3","0.42","18.18"%,
"Open House International-Sustainable & Smart Architecture and Urban Studies","OPEN HOUSE INT","EMERALD GROUP PUBLISHING LTD","0168-2601","2633-9838","ENVIRONMENTAL STUDIES","SSCI","607","1.6","Q4","1","2.19"%,
"ENVIRONMENTAL VALUES","ENVIRON VALUE","SAGE PUBLICATIONS INC","0963-2719","1752-7015","ENVIRONMENTAL STUDIES","SSCI","1,399","1.6","Q4","0.74","17.76"%,
"LAND ECONOMICS","LAND ECON","UNIV WISCONSIN PRESS","0023-7639","1543-8325","ENVIRONMENTAL STUDIES","SSCI","2,728","1.6","Q4","0.42","14.02"%,
"ENVIRONMENT AND DEVELOPMENT ECONOMICS","ENVIRON DEV ECON","CAMBRIDGE UNIV PRESS","1355-770X","1469-4395","ENVIRONMENTAL STUDIES","SSCI","1,965","1.5","Q4","0.55","38.36"%,
"CULTURAL GEOGRAPHIES","CULT GEOGR","SAGE PUBLICATIONS LTD","1474-4740","1477-0881","ENVIRONMENTAL STUDIES","SSCI","1,786","1.5","Q4","0.53","59.32"%,
"Landscape Research","LANDSCAPE RES","ROUTLEDGE JOURNALS, TAYLOR & FRANCIS LTD","0142-6397","1469-9710","ENVIRONMENTAL STUDIES","SSCI","2,201","1.5","Q4","0.45","32.7"%,
"Australasian Journal of Environmental Management","AUSTRALAS J ENV MAN","TAYLOR & FRANCIS LTD","1448-6563","2159-5356","ENVIRONMENTAL STUDIES","SSCI","602","1.5","Q4","0.32","26.76"%,
"Environmental Economics","ENVIRON ECON","LLC CPC BUSINESS PERSPECTIVES","1998-6041","1998-605X","ENVIRONMENTAL STUDIES","ESCI","173","1.3","Q4","0.37","100"%,
"Environmental Justice","ENVIRON JUSTICE","MARY ANN LIEBERT, INC","1939-4071","1937-5174","ENVIRONMENTAL STUDIES","ESCI","1,019","1.3","Q4","0.33","14.56"%,
"Water Economics and Policy","WATER ECON POLICY","WORLD SCIENTIFIC PUBL CO PTE LTD","2382-624X","2382-6258","ENVIRONMENTAL STUDIES","SSCI","250","1.3","Q4","0.32","3.75"%,
"Journal of Environmental Economics and Policy","J ENVIRON ECON POLIC","ROUTLEDGE JOURNALS, TAYLOR & FRANCIS LTD","2160-6544","2160-6552","ENVIRONMENTAL STUDIES","ESCI","505","1.2","Q4","0.37","12.33"%,
"Economics of Energy & Environmental Policy","ECON ENERGY ENV POL","INT ASSOC ENERGY ECONOMICS","2160-5882","2160-5890","ENVIRONMENTAL STUDIES","SSCI","407","1.2","Q4","0.35","10.91"%,
"Environmental & Socio-Economic Studies","ENVIRON SOCIO-ECON S","SCIENDO","2354-0079","2354-0079","ENVIRONMENTAL STUDIES","ESCI","269","1.2","Q4","0.21","97.3"%,
"ENVIRONMENTAL ETHICS","ENVIRON ETHICS","ENVIRONMENTAL PHILOSOPHY INC","0163-4275","2153-7895","ENVIRONMENTAL STUDIES","SSCI","708","1.1","Q4","0.34","0"%,
"Problemy Ekorozwoju","PROBL EKOROZW","POLITECHNIKA LUBELSKA","1895-6912","2080-1971","ENVIRONMENTAL STUDIES","SSCI","344","1.1","Q4","0.29","80.65"%,
"Geografisk Tidsskrift-Danish Journal of Geography","GEOGR TIDSSKR-DEN","ROYAL DANISH GEOGRAPHICAL SOC","0016-7223","1903-2471","ENVIRONMENTAL STUDIES","SSCI","361","1.1","Q4","0.28","0"%,
"International Journal of Disaster Resilience in the Built Environment","INT J DISASTER RESIL","EMERALD GROUP PUBLISHING LTD","1759-5908","1759-5916","ENVIRONMENTAL STUDIES","ESCI","686","1.1","Q4","0.24","0.89"%,
"Economics and Environment","ECON ENVIRON-POL","FUNDACJA EKONOMISTOW SRODOWISKA & ZASOBOW NATURALNYCH","2957-0387","2957-0395","ENVIRONMENTAL STUDIES","ESCI","354","1","Q4","0.18","96.67"%,
"NATURAL RESOURCES JOURNAL","NAT RESOUR J","UNIV NEW MEXICO, SCH LAW","0028-0739","0028-0739","ENVIRONMENTAL STUDIES","SSCI","446","0.9","Q4","0.49","0"%,
"Ethics Policy & Environment","ETHICS POLICY ENV","ROUTLEDGE JOURNALS, TAYLOR & FRANCIS LTD","2155-0085","2155-0093","ENVIRONMENTAL STUDIES","ESCI","521","0.9","Q4","0.31","37.37"%,
"Environment and Urbanization ASIA","ENVIRON URBAN ASIA","SAGE PUBLICATIONS LTD","0975-4253","0976-3546","ENVIRONMENTAL STUDIES","ESCI","377","0.9","Q4","0.28","4.69"%,
"HARVARD ENVIRONMENTAL LAW REVIEW","HARVARD ENVIRON LAW","HARVARD LAW SCHOOL","0147-8257","0147-8257","ENVIRONMENTAL STUDIES","SSCI","346","0.9","Q4","0.28","0"%,
"International Journal of Environment and Sustainable Development","INT J ENVIRON SUSTAI","INDERSCIENCE ENTERPRISES LTD","1474-6778","1478-7466","ENVIRONMENTAL STUDIES","ESCI","382","0.9","Q4","0.16","1.33"%,
"ENVIRONMENTAL HISTORY","ENVIRON HIST-US","UNIV CHICAGO PRESS","1084-5453","1930-8892","ENVIRONMENTAL STUDIES","SSCI","895","0.8","Q4","1.13","3.49"%,
"Chinese Journal of Environmental Law","CHINESE J ENV LAW","BRILL","2468-6034","2468-6042","ENVIRONMENTAL STUDIES","ESCI","69","0.8","Q4","0.47","33.33"%,
"Psyecology-Bilingual Journal of Environmental Psychology-Revista Bilingue de Psicologia Ambiental","PSYECOLOGY","SAGE PUBLICATIONS INC","2171-1976","1989-9386","ENVIRONMENTAL STUDIES","ESCI","183","0.8","Q4","0.24","18.18"%,
"Sustainability and Climate Change","SUSTAIN CLIM CHANGE","MARY ANN LIEBERT, INC","N/A","2692-2932","ENVIRONMENTAL STUDIES","ESCI","79","0.8","Q4","0.12","1.14"%,
"ENVIRONMENT AND HISTORY","ENVIRON HIST-UK","WHITE HORSE PRESS","0967-3407","1752-7023","ENVIRONMENTAL STUDIES","SSCI","482","0.6","Q4","1.35","7.59"%,
"Climate Law","CLIM LAW","BRILL","1878-6553","1878-6561","ENVIRONMENTAL STUDIES","ESCI","167","0.6","Q4","0.58","41.38"%,
"Case Studies in the Environment","CASE STUD ENVIRON","UNIV CALIFORNIA PRESS","2473-9510","2473-9510","ENVIRONMENTAL STUDIES","ESCI","144","0.6","Q4","0.28","0"%,
"INTERNATIONAL JOURNAL OF GLOBAL ENERGY ISSUES","INT J GLOBAL ENERGY","INDERSCIENCE ENTERPRISES LTD","0954-7118","1741-5128","ENVIRONMENTAL STUDIES","ESCI","236","0.6","Q4","0.14","0"%,
"Nature + Culture","NAT CULT","BERGHAHN JOURNALS","1558-6073","1558-5468","ENVIRONMENTAL STUDIES","SSCI","484","0.6","Q4","0.14","6.98"%,
"Ocean Yearbook","OCEAN YEARB","BRILL","0191-8575","2211-6001","ENVIRONMENTAL STUDIES","ESCI","137","0.6","Q4","0.12","12.5"%,
"Visions for Sustainability","VISIONS SUST","UNIVERSITA DEGLI STUDI DI TORINO","2384-8677","2384-8677","ENVIRONMENTAL STUDIES","ESCI","83","0.5","Q4","0.11","0"%,
"Revista Brasileira de Ciencias Ambientais","REV BRAS CIENC AMBIE","ASSOCIACAO BRASILEIRA DE ENGENHARIA SANITARIA E AMBIENTAL","1808-4524","2176-9478","ENVIRONMENTAL STUDIES","ESCI","141","0.5","Q4","0.1","100"%,
"Global Environment","GLOB ENVIRON","WHITE HORSE PRESS","1973-3739","2053-7352","ENVIRONMENTAL STUDIES","ESCI","132","0.4","Q4","0.6","37.1"%,
"Human Ecology Review","HUM ECOL REV","ANU PRESS","1074-4827","2204-0919","ENVIRONMENTAL STUDIES","SSCI","920","0.4","Q4","0.18","100"%,
"ECOLOGY LAW QUARTERLY","ECOL LAW QUART","UNIV CALIFORNIA, BERKELEY SCH LAW","0046-1121","0046-1121","ENVIRONMENTAL STUDIES","SSCI","352","0.3","Q4","0.21","0"%,
"Revista de Estudios Regionales","REV ESTUD REG","ASOC UNIV PUBLICAS ANDALUCIA-AUPA","0213-7585","0213-7585","ENVIRONMENTAL STUDIES","ESCI","133","0.3","Q4","0.02","0"%,
"Asia Pacific Journal of Environmental Law","ASIA PAC J ENVIRON","EDWARD ELGAR PUBLISHING LTD","1385-2140","1875-8258","ENVIRONMENTAL STUDIES","ESCI","69","0.2","Q4","0.15","3.45"%,
"Desenvolvimento e Meio Ambiente","DESENVOLV MEIO AMBIE","UNIV FEDERAL PARANA, EDITORA","1518-952X","2176-9109","ENVIRONMENTAL STUDIES","ESCI","445","0.2","Q4","0.05","92.23"%,
"Letras Verdes","LET VERDES","FAC LATINOAMERICANA CIENCIAS SOCIALES-FLACSO, ECUADOR","1390-6631","1390-6631","ENVIRONMENTAL STUDIES","ESCI","53","0.2","Q4","0.03","100"%,
"Revista Eletronica em Gestao Educacao e Tecnologia Ambiental","REV ELECTRON GEST ED","UNIV FEDERAL SANTA MARIA","2236-1170","2236-1170","ENVIRONMENTAL STUDIES","ESCI","124","0.2","Q4","0.03","96.77"%,
"Observatorio Medioambiental","OBS MEDIOAMBIENT","UNIV COMPLUTENSE MADRID, SERVICIO PUBLICACIONES","1139-1987","1988-3277","ENVIRONMENTAL STUDIES","ESCI","36","0.1","Q4","0.02","97.22"%,
"M+A-Revista Electronica de Medio Ambiente","M A-REV ELECTRON MED","UNIV COMPLUTENSE MADRID, SERVICIO PUBLICACIONES","1886-3329","1886-3329","ENVIRONMENTAL STUDIES","ESCI","14","0.1","Q4","0.01","0"%,
"Trumpeter-Journal of Ecosophy","TRUMPETER","ATHABASCA UNIV PRESS","0832-6193","0832-6193","ENVIRONMENTAL STUDIES","ESCI","81","0.1","Q4","0.01","0"%,

Copyright (c) 2026 Clarivate 
By exporting the selected data; you agree to the data usage policy set forth in the Terms of Use 
