"Journal Data Filtered By:  Selected Categories: MANAGEMENT Selected Editions: SCIE;SSCI;AHCI;ESCI Selected JCR Year: 2024 Selected Category Schema: WOS Selected Open Access: N Indicator: Default"

Journal name,JCR Abbreviation,Publisher,ISSN,eISSN,Category,Edition,Total Citations,2024 JIF,JIF Quartile,2024 JCI,% of Citable OA
"Annual Review of Organizational Psychology and Organizational Behavior","ANNU REV ORGAN PSYCH","ANNUAL REVIEWS","2327-0608","2327-0616","MANAGEMENT","SSCI","6,408","31.1","Q1","8.73","68.42"%,
"Academy of Management Annals","ACAD MANAG ANN","ACAD MANAGEMENT","1941-6520","1941-6067","MANAGEMENT","SSCI","10,376","16.5","Q1","3.06","1.49"%,
"Journal of Innovation & Knowledge","J INNOV KNOWL","ELSEVIER ESPANA","2530-7614","2444-569X","MANAGEMENT","SSCI","6,367","15.5","Q1","3.81","99.36"%,
"ACADEMY OF MANAGEMENT REVIEW","ACAD MANAGE REV","ACAD MANAGEMENT","0363-7425","1930-3807","MANAGEMENT","SSCI","41,552","13.9","Q1","3.82","1.98"%,
"Business Strategy and the Environment","BUS STRATEG ENVIRON","WILEY","0964-4733","1099-0836","MANAGEMENT","SSCI","30,263","13.3","Q1","2.76","41.48"%,
"HUMAN RESOURCE MANAGEMENT REVIEW","HUM RESOUR MANAGE R","ELSEVIER","1053-4822","1873-7889","MANAGEMENT","SSCI","7,242","13","Q1","2.15","28.89"%,
"Tourism Management","TOURISM MANAGE","ELSEVIER SCI LTD","0261-5177","1879-3193","MANAGEMENT","SSCI","34,184","12.4","Q1","2.95","21.66"%,
"JOURNAL OF STRATEGIC INFORMATION SYSTEMS","J STRATEGIC INF SYST","ELSEVIER","0963-8687","1873-1198","MANAGEMENT","SSCI","4,480","11.8","Q1","2.05","53.23"%,
"Journal of Hospitality Marketing & Management","J HOSP MARKET MANAG","ROUTLEDGE JOURNALS, TAYLOR & FRANCIS LTD","1936-8623","1936-8631","MANAGEMENT","SSCI","4,617","11","Q1","2.63","3.7"%,
"TECHNOVATION","TECHNOVATION","ELSEVIER","0166-4972","1879-2383","MANAGEMENT","SSCI","12,805","10.9","Q1","2.29","39.44"%,
"INTERNATIONAL JOURNAL OF MANAGEMENT REVIEWS","INT J MANAG REV","WILEY","1460-8545","1468-2370","MANAGEMENT","SSCI","7,239","10.8","Q1","1.44","60"%,
"ACADEMY OF MANAGEMENT JOURNAL","ACAD MANAGE J","ACAD MANAGEMENT","0001-4273","1948-0989","MANAGEMENT","SSCI","47,303","10.5","Q1","2.42","2.06"%,
"JOURNAL OF OPERATIONS MANAGEMENT","J OPER MANAG","WILEY","0272-6963","1873-1317","MANAGEMENT","SSCI","11,777","10.4","Q1","1.77","27.21"%,
"Journal of Supply Chain Management","J SUPPLY CHAIN MANAG","WILEY","1523-2409","1745-493X","MANAGEMENT","SSCI","3,677","9.9","Q1","2.4","40.48"%,
"LEADERSHIP QUARTERLY","LEADERSHIP QUART","ELSEVIER SCIENCE INC","1048-9843","1873-3409","MANAGEMENT","SSCI","14,229","9.7","Q1","2.9","19.69"%,
"Review of Managerial Science","REV MANAG SCI","SPRINGER HEIDELBERG","1863-6683","1863-6691","MANAGEMENT","SSCI","4,697","9.6","Q1","1.58","62.91"%,
"Journal of Knowledge Management","J KNOWL MANAG","EMERALD GROUP PUBLISHING LTD","1367-3270","1758-7484","MANAGEMENT","SSCI","10,791","9.5","Q1","2.08","6.8"%,
"Corporate Social Responsibility and Environmental Management","CORP SOC RESP ENV MA","WILEY","1535-3958","1535-3966","MANAGEMENT","SSCI","15,559","9.1","Q1","1.98","26.7"%,
"Management Review Quarterly","MANAG REV Q","SPRINGERNATURE","2198-1620","2198-1639","MANAGEMENT","ESCI","2,206","9","Q1","2.41","49.42"%,
"International Journal of Contemporary Hospitality Management","INT J CONTEMP HOSP M","EMERALD GROUP PUBLISHING LTD","0959-6119","1757-1049","MANAGEMENT","SSCI","16,716","9","Q1","2.25","2.86"%,
"HUMAN RESOURCE MANAGEMENT","HUM RESOUR MANAGE-US","WILEY PERIODICALS, INC","0090-4848","1099-050X","MANAGEMENT","SSCI","6,718","9","Q1","2.14","43.71"%,
"JOURNAL OF MANAGEMENT","J MANAGE","SAGE PUBLICATIONS INC","0149-2063","1557-1211","MANAGEMENT","SSCI","37,269","9","Q1","1.91","21.28"%,
"JOURNAL OF INTERNATIONAL BUSINESS STUDIES","J INT BUS STUD","PALGRAVE MACMILLAN LTD","0047-2506","1478-6990","MANAGEMENT","SSCI","18,881","9","Q1","1.61","36.74"%,
"Journal of Purchasing and Supply Management","J PURCH SUPPLY MANAG","ELSEVIER SCI LTD","1478-4092","1873-6505","MANAGEMENT","SSCI","2,679","8.7","Q1","1.73","37.93"%,
"EUROPEAN JOURNAL OF INFORMATION SYSTEMS","EUR J INFORM SYST","TAYLOR & FRANCIS LTD","0960-085X","1476-9344","MANAGEMENT","SSCI","6,394","8.6","Q1","1.96","21.49"%,
"SUPPLY CHAIN MANAGEMENT-AN INTERNATIONAL JOURNAL","SUPPLY CHAIN MANAG","EMERALD GROUP PUBLISHING LTD","1359-8546","1758-6852","MANAGEMENT","SSCI","7,401","8.4","Q1","1.64","13.74"%,
"INFORMATION & MANAGEMENT","INFORM MANAGE-AMSTER","ELSEVIER","0378-7206","1872-7530","MANAGEMENT","SSCI","14,434","8.2","Q1","2.29","15.61"%,
"RESEARCH POLICY","RES POLICY","ELSEVIER","0048-7333","1873-7625","MANAGEMENT","SSCI","34,282","8","Q1","1.83","51.39"%,
"JOURNAL OF PRODUCT INNOVATION MANAGEMENT","J PROD INNOVAT MANAG","WILEY","0737-6782","1540-5885","MANAGEMENT","SSCI","9,238","8","Q1","1.63","63.78"%,
"Journal of Service Management","J SERV MANAGE","EMERALD GROUP PUBLISHING LTD","1757-5818","1757-5826","MANAGEMENT","SSCI","4,433","7.9","Q1","1.8","20.97"%,
"Journal of Hospitality and Tourism Management","J HOSP TOUR MANAG","ELSEVIER","1447-6770","1839-5260","MANAGEMENT","SSCI","8,403","7.8","Q1","1.98","0.84"%,
"HARVARD BUSINESS REVIEW","HARVARD BUS REV","HARVARD BUSINESS SCHOOL PUBLISHING CORPORATION","0017-8012","0017-8012","MANAGEMENT","SSCI","19,526","7.8","Q1","0.22","0"%,
"ORGANIZATIONAL RESEARCH METHODS","ORGAN RES METHODS","SAGE PUBLICATIONS INC","1094-4281","1552-7425","MANAGEMENT","SSCI","13,561","7.6","Q1","2.19","25.81"%,
"INTERNATIONAL JOURNAL OF PROJECT MANAGEMENT","INT J PROJ MANAG","ELSEVIER SCI LTD","0263-7863","1873-4634","MANAGEMENT","SSCI","11,612","7.5","Q1","1.66","50.29"%,
"INDUSTRIAL MARKETING MANAGEMENT","IND MARKET MANAG","ELSEVIER SCIENCE INC","0019-8501","1873-2062","MANAGEMENT","SSCI","18,688","7.5","Q1","1.63","43.45"%,
"International Journal of Management Education","INT J MANAG EDUC-OXF","ELSEVIER SCI LTD","1472-8117","2352-3565","MANAGEMENT","SSCI","4,616","7.4","Q1","2.41","26.13"%,
"Journal of Destination Marketing & Management","J DESTIN MARK MANAGE","ELSEVIER","2212-571X","2212-5752","MANAGEMENT","SSCI","5,512","7.4","Q1","2.13","25.81"%,
"Journal of Business Logistics","J BUS LOGIST","WILEY","0735-3766","2158-1592","MANAGEMENT","SSCI","3,632","7.4","Q1","1.99","33.33"%,
"SERVICE INDUSTRIES JOURNAL","SERV IND J","ROUTLEDGE JOURNALS, TAYLOR & FRANCIS LTD","0264-2069","1743-9507","MANAGEMENT","SSCI","4,401","7.4","Q1","1.82","4.38"%,
"INTERNATIONAL JOURNAL OF OPERATIONS & PRODUCTION MANAGEMENT","INT J OPER PROD MAN","EMERALD GROUP PUBLISHING LTD","0144-3577","1758-6593","MANAGEMENT","SSCI","10,068","7.4","Q1","1.78","16.72"%,
"European Management Journal","EUR MANAG J","ELSEVIER SCI LTD","0263-2373","1873-5681","MANAGEMENT","SSCI","7,114","7.3","Q1","1.77","33.9"%,
"INTERNATIONAL JOURNAL OF PHYSICAL DISTRIBUTION & LOGISTICS MANAGEMENT","INT J PHYS DISTR LOG","EMERALD GROUP PUBLISHING LTD","0960-0035","1758-664X","MANAGEMENT","SSCI","5,468","7.3","Q1","1.55","20.3"%,
"NEW TECHNOLOGY WORK AND EMPLOYMENT","NEW TECH WORK EMPLOY","WILEY","0268-1072","1468-005X","MANAGEMENT","SSCI","1,935","7.3","Q1","1.42","70"%,
"CALIFORNIA MANAGEMENT REVIEW","CALIF MANAGE REV","SAGE PUBLICATIONS INC","0008-1256","2162-8564","MANAGEMENT","SSCI","8,024","7.3","Q1","1.4","53.16"%,
"ORGANIZATION & ENVIRONMENT","ORGAN ENVIRON","SAGE PUBLICATIONS INC","1086-0266","1552-7417","MANAGEMENT","SSCI","3,374","7.3","Q1","1.19","48.28"%,
"OMEGA-INTERNATIONAL JOURNAL OF MANAGEMENT SCIENCE","OMEGA-INT J MANAGE S","PERGAMON-ELSEVIER SCIENCE LTD","0305-0483","1873-5274","MANAGEMENT","SSCI","13,678","7.2","Q1","1.55","21.03"%,
"STRATEGIC MANAGEMENT JOURNAL","STRATEGIC MANAGE J","WILEY","0143-2095","1097-0266","MANAGEMENT","SSCI","46,042","7.2","Q1","1.5","43.12"%,
"Sustainability Accounting Management and Policy Journal","SUSTAIN ACCOUNT MANA","EMERALD GROUP PUBLISHING LTD","2040-8021","2040-803X","MANAGEMENT","SSCI","2,906","7.2","Q1","1.39","14.59"%,
"Digital Business","DIGIT BUS","ELSEVIER","N/A","2666-9544","MANAGEMENT","ESCI","514","7.2","Q1","1.34","100"%,
"INTERNATIONAL JOURNAL OF FORECASTING","INT J FORECASTING","ELSEVIER","0169-2070","1872-8200","MANAGEMENT","SSCI","9,948","7.1","Q1","2.18","35.69"%,
"Organizational Psychology Review","ORGAN PSYCHOL REV","SAGE PUBLICATIONS INC","2041-3866","2041-3874","MANAGEMENT","SSCI","1,385","7.1","Q1","1.46","26.23"%,
"Tourism Management Perspectives","TOUR MANAG PERSPECT","ELSEVIER","2211-9736","2211-9744","MANAGEMENT","SSCI","7,562","6.9","Q1","1.87","21.36"%,
"Electronic Markets","ELECTRON MARK","SPRINGER HEIDELBERG","1019-6781","1422-8890","MANAGEMENT","SSCI","4,285","6.8","Q1","1.65","68.16"%,
"JOURNAL OF ORGANIZATIONAL BEHAVIOR","J ORGAN BEHAV","WILEY","0894-3796","1099-1379","MANAGEMENT","SSCI","19,524","6.8","Q1","1.38","36.04"%,
"Journal of Intellectual Capital","J INTELLECT CAP","EMERALD GROUP PUBLISHING LTD","1469-1930","1758-7468","MANAGEMENT","SSCI","4,697","6.8","Q1","1.28","8.94"%,
"ADMINISTRATIVE SCIENCE QUARTERLY","ADMIN SCI QUART","SAGE PUBLICATIONS INC","0001-8392","1930-3815","MANAGEMENT","SSCI","20,693","6.5","Q1","1.63","33.77"%,
"European Research on Management and Business Economics","EUR RES MANAG BUS EC","ELSEVIER SCI LTD","2444-8834","2444-8842","MANAGEMENT","SSCI","1,212","6.4","Q1","1.71","98.81"%,
"Journal of Enterprise Information Management","J ENTERP INF MANAG","EMERALD GROUP PUBLISHING LTD","1741-0398","1758-7409","MANAGEMENT","SSCI","4,418","6.4","Q1","1.68","2.31"%,
"PERSONNEL PSYCHOLOGY","PERS PSYCHOL","WILEY","0031-5826","1744-6570","MANAGEMENT","SSCI","10,445","6.4","Q1","1.63","28.89"%,
"International Journal of Logistics Management","INT J LOGIST MANAG","EMERALD GROUP PUBLISHING LTD","0957-4093","1758-6550","MANAGEMENT","SSCI","4,809","6.4","Q1","1.61","10.09"%,
"JOURNAL OF MANAGEMENT STUDIES","J MANAGE STUD","WILEY","0022-2380","1467-6486","MANAGEMENT","SSCI","17,466","6.4","Q1","1.4","63.55"%,
"Organization Theory","ORGAN THEOR","SAGE PUBLICATIONS INC","N/A","2631-7877","MANAGEMENT","ESCI","1,014","6.4","Q1","1.34","100"%,
"LONG RANGE PLANNING","LONG RANGE PLANN","ELSEVIER SCI LTD","0024-6301","1873-1872","MANAGEMENT","SSCI","8,824","6.3","Q1","1.8","43.1"%,
"Strategic Entrepreneurship Journal","STRATEG ENTREP J","WILEY","1932-4391","1932-443X","MANAGEMENT","SSCI","3,999","6.3","Q1","1.15","38.89"%,
"JOURNAL OF MANAGEMENT INFORMATION SYSTEMS","J MANAGE INFORM SYST","ROUTLEDGE JOURNALS, TAYLOR & FRANCIS LTD","0742-1222","1557-928X","MANAGEMENT","SSCI","8,788","6.2","Q1","1.62","8.2"%,
"Human Resource Management Journal","HUM RESOUR MANAG J","WILEY","0954-5395","1748-8583","MANAGEMENT","SSCI","4,354","6.2","Q1","1.53","60.71"%,
"JOURNAL OF APPLIED PSYCHOLOGY","J APPL PSYCHOL","AMER PSYCHOLOGICAL ASSOC","0021-9010","1939-1854","MANAGEMENT","SSCI","52,066","6.1","Q1","2.13","7.84"%,
"Journal of Family Business Strategy","J FAM BUS STRATEG","ELSEVIER","1877-8585","1877-8593","MANAGEMENT","SSCI","2,621","6.1","Q1","1.75","31.18"%,
"International Business Review","INT BUS REV","ELSEVIER","0969-5931","1873-6149","MANAGEMENT","SSCI","9,074","6.1","Q1","1.47","32.82"%,
"MIS QUARTERLY","MIS QUART","SOC INFORM MANAGE-MIS RES CENT","0276-7783","N/A","MANAGEMENT","SSCI","30,593","6","Q1","1.65","12.75"%,
"JOURNAL OF SMALL BUSINESS MANAGEMENT","J SMALL BUS MANAGE","TAYLOR & FRANCIS INC","0047-2778","1540-627X","MANAGEMENT","SSCI","7,399","6","Q1","1.55","19.58"%,
"Journal of Manufacturing Technology Management","J MANUF TECHNOL MANA","EMERALD GROUP PUBLISHING LTD","1741-038X","1758-7786","MANAGEMENT","SSCI","5,085","6","Q1","1.29","8.6"%,
"International Journal of Accounting Information Systems","INT J ACCOUNT INF SY","ELSEVIER","1467-0895","1873-4723","MANAGEMENT","SSCI","1,414","6","Q1","1.24","30.86"%,
"INTERNATIONAL JOURNAL OF HUMAN RESOURCE MANAGEMENT","INT J HUM RESOUR MAN","ROUTLEDGE JOURNALS, TAYLOR & FRANCIS LTD","0958-5192","1466-4399","MANAGEMENT","SSCI","12,774","5.9","Q1","1.07","24.6"%,
"Business Process Management Journal","BUS PROCESS MANAG J","EMERALD GROUP PUBLISHING LTD","1463-7154","1758-4116","MANAGEMENT","SSCI","4,279","5.8","Q1","1.23","6.65"%,
"Asia Pacific Journal of Management","ASIA PAC J MANAG","SPRINGER","0217-4561","1572-9958","MANAGEMENT","SSCI","4,600","5.8","Q1","1.09","18.75"%,
"Academy of Management Perspectives","ACAD MANAGE PERSPECT","ACAD MANAGEMENT","1558-9080","N/A","MANAGEMENT","SSCI","5,664","5.7","Q1","1.66","2.47"%,
"European Journal of Innovation Management","EUR J INNOV MANAG","EMERALD GROUP PUBLISHING LTD","1460-1060","1758-7115","MANAGEMENT","SSCI","5,369","5.7","Q1","1.19","12.84"%,
"Journal of Product and Brand Management","J PROD BRAND MANAG","EMERALD GROUP PUBLISHING LTD","1061-0421","2054-1643","MANAGEMENT","SSCI","5,489","5.7","Q1","1.18","4.72"%,
"R & D MANAGEMENT","R&D MANAGE","WILEY","0033-6807","1467-9310","MANAGEMENT","SSCI","4,888","5.7","Q1","1.18","50.58"%,
"BRITISH JOURNAL OF MANAGEMENT","BRIT J MANAGE","WILEY","1045-3172","1467-8551","MANAGEMENT","SSCI","8,921","5.7","Q1","1.07","59.72"%,
"Asia Pacific Management Review","ASIA PAC MANAG REV","ELSEVIER TAIWAN","1029-3132","1029-3132","MANAGEMENT","ESCI","1,355","5.6","Q1","1.48","94.74"%,
"International Journal of Retail & Distribution Management","INT J RETAIL DISTRIB","EMERALD GROUP PUBLISHING LTD","0959-0552","1758-6690","MANAGEMENT","SSCI","4,933","5.5","Q1","1.12","12.86"%,
"CORPORATE GOVERNANCE-AN INTERNATIONAL REVIEW","CORP GOV-OXFORD","WILEY","0964-8410","1467-8683","MANAGEMENT","SSCI","5,275","5.5","Q1","0.95","29.37"%,
"HUMAN RELATIONS","HUM RELAT","SAGE PUBLICATIONS LTD","0018-7267","1741-282X","MANAGEMENT","SSCI","12,747","5.4","Q1","1.87","45.93"%,
"SOCIO-ECONOMIC PLANNING SCIENCES","SOCIO-ECON PLAN SCI","ELSEVIER SCIENCE INC","0038-0121","1873-6041","MANAGEMENT","SSCI","6,421","5.4","Q1","1.69","24.24"%,
"JOURNAL OF INFORMATION TECHNOLOGY","J INF TECHNOL-UK","SAGE PUBLICATIONS LTD","0268-3962","1466-4437","MANAGEMENT","SSCI","2,730","5.4","Q1","1.39","40.79"%,
"ORGANIZATION SCIENCE","ORGAN SCI","INFORMS","1047-7039","N/A","MANAGEMENT","SSCI","24,780","5.4","Q1","1.21","1.77"%,
"Operations Management Research","OPER MANAGE RES","SPRINGER","1936-9735","1936-9743","MANAGEMENT","SSCI","2,115","5.3","Q1","1.6","21.15"%,
"International Journal of Innovation Studies","INT J INNOV STUD","KEAI PUBLISHING LTD","2096-2487","2589-2975","MANAGEMENT","ESCI","557","5.3","Q1","1.42","95.77"%,
"Spanish Journal of Marketing-ESIC","SPAN J MARK-ESIC","EMERALD GROUP PUBLISHING LTD","2444-9695","2444-9709","MANAGEMENT","ESCI","891","5.3","Q1","1.27","98.88"%,
"Academy of Management Learning & Education","ACAD MANAG LEARN EDU","ACAD MANAGEMENT","1537-260X","N/A","MANAGEMENT","SSCI","3,601","5.2","Q1","1.85","0"%,
"ORGANIZATION STUDIES","ORGAN STUD","SAGE PUBLICATIONS LTD","0170-8406","1741-3044","MANAGEMENT","SSCI","11,167","5.2","Q1","1.12","47.25"%,
"IEEE TRANSACTIONS ON ENGINEERING MANAGEMENT","IEEE T ENG MANAGE","IEEE-INST ELECTRICAL ELECTRONICS ENGINEERS INC","0018-9391","1558-0040","MANAGEMENT","SSCI","11,920","5.2","Q1","1.11","5.88"%,
"INFORMATION SYSTEMS RESEARCH","INFORM SYST RES","INFORMS","1047-7047","1526-5536","MANAGEMENT","SSCI","13,881","5.1","Q1","1.33","0.36"%,
"MANAGEMENT DECISION","MANAGE DECIS","EMERALD GROUP PUBLISHING LTD","0025-1747","1758-6070","MANAGEMENT","SSCI","11,054","5.1","Q1","1.13","8.35"%,
"Public Management Review","PUBLIC MANAG REV","ROUTLEDGE JOURNALS, TAYLOR & FRANCIS LTD","1471-9037","1471-9045","MANAGEMENT","SSCI","8,033","4.9","Q1","1.44","29.41"%,
"Journal of International Management","J INT MANAG","ELSEVIER","1075-4253","1873-0620","MANAGEMENT","SSCI","3,221","4.9","Q1","1.31","43.01"%,
"Journal of Leadership & Organizational Studies","J LEADERSH ORG STUD","SAGE PUBLICATIONS INC","1548-0518","1939-7089","MANAGEMENT","SSCI","2,503","4.9","Q1","1.19","25.76"%,
"International Journal of Accounting and Information Management","INT J ACCOUNT INF MA","EMERALD GROUP PUBLISHING LTD","1834-7649","1758-9037","MANAGEMENT","ESCI","1,418","4.9","Q1","1.09","3.45"%,
"MANAGEMENT SCIENCE","MANAGE SCI","INFORMS","0025-1909","1526-5501","MANAGEMENT","SSCI","50,198","4.9","Q1","1.09","0.97"%,
"International Journal of Logistics-Research and Applications","INT J LOGIST-RES APP","TAYLOR & FRANCIS LTD","1367-5567","1469-848X","MANAGEMENT","SSCI","3,355","4.9","Q1","1.05","10.63"%,
"SMALL BUSINESS ECONOMICS","SMALL BUS ECON","SPRINGER","0921-898X","1573-0913","MANAGEMENT","SSCI","14,548","4.8","Q1","1.37","58.16"%,
"Academy of Management Discoveries","ACAD MANAG DISCOV","ACAD MANAGEMENT","N/A","2168-1007","MANAGEMENT","SSCI","1,359","4.8","Q1","1.07","1.25"%,
"TOTAL QUALITY MANAGEMENT & BUSINESS EXCELLENCE","TOTAL QUAL MANAG BUS","ROUTLEDGE JOURNALS, TAYLOR & FRANCIS LTD","1478-3363","1478-3371","MANAGEMENT","SSCI","4,544","4.8","Q1","0.88","9.63"%,
"Information and Organization","INFORM ORGAN-UK","ELSEVIER SCI LTD","1471-7727","1873-7919","MANAGEMENT","SSCI","1,721","4.7","Q2","1.55","36.84"%,
"Global Strategy Journal","GLOB STRATEG J","WILEY","2042-5791","2042-5805","MANAGEMENT","SSCI","2,135","4.7","Q2","1.2","50.63"%,
"INTERNATIONAL JOURNAL OF ENTREPRENEURIAL BEHAVIOR & RESEARCH","INT J ENTREP BEHAV R","EMERALD GROUP PUBLISHING LTD","1355-2554","1758-6534","MANAGEMENT","SSCI","5,573","4.7","Q2","0.98","19.06"%,
"Electronic Commerce Research","ELECTRON COMMER RES","SPRINGER","1389-5753","1572-9362","MANAGEMENT","SSCI","2,975","4.7","Q2","0.94","17.85"%,
"Human Resource Development Review","HUM RESOUR DEV REV","SAGE PUBLICATIONS INC","1534-4843","1552-6712","MANAGEMENT","SSCI","2,328","4.6","Q2","0.73","15.94"%,
"Asia Pacific Journal of Human Resources","ASIA PAC J HUM RESOU","WILEY","1038-4111","1744-7941","MANAGEMENT","SSCI","1,472","4.5","Q2","1.25","17.5"%,
"Journal of Management Analytics","J MANAG ANAL","ROUTLEDGE JOURNALS, TAYLOR & FRANCIS LTD","2327-0012","2327-0039","MANAGEMENT","SSCI","949","4.5","Q2","1.06","2.94"%,
"Project Leadership and Society","PROJ LEADERSH SOC","ELSEVIER","N/A","2666-7215","MANAGEMENT","ESCI","509","4.5","Q2","0.9","96.36"%,
"Research in Transportation Business and Management","RES TRANSP BUS MANAG","ELSEVIER","2210-5395","2210-5409","MANAGEMENT","SSCI","3,352","4.4","Q2","1.14","23.82"%,
"TQM Journal","TQM J","EMERALD GROUP PUBLISHING LTD","1754-2731","1754-274X","MANAGEMENT","ESCI","3,640","4.4","Q2","1.12","10.68"%,
"Project Management Journal","PROJ MANAG J","SAGE PUBLICATIONS INC","8756-9728","1938-9507","MANAGEMENT","SSCI","3,376","4.4","Q2","1.04","26.87"%,
"Benchmarking-An International Journal","BENCHMARKING","EMERALD GROUP PUBLISHING LTD","1463-5771","1758-4094","MANAGEMENT","ESCI","6,166","4.4","Q2","1.02","2.2"%,
"Journal of Service Theory and Practice","J SERV THEOR PRACT","EMERALD GROUP PUBLISHING LTD","2055-6225","2055-6225","MANAGEMENT","SSCI","1,516","4.4","Q2","0.9","11.71"%,
"JOURNAL OF TECHNOLOGY TRANSFER","J TECHNOL TRANSFER","SPRINGER","0892-9912","1573-7047","MANAGEMENT","SSCI","5,624","4.3","Q2","0.91","48.47"%,
"IMA Journal of Management Mathematics","IMA J MANAG MATH","OXFORD UNIV PRESS","1471-678X","1471-6798","MANAGEMENT","SSCI","766","4.3","Q2","0.74","22.08"%,
"PERSONNEL REVIEW","PERS REV","EMERALD GROUP PUBLISHING LTD","0048-3486","1758-6933","MANAGEMENT","SSCI","5,871","4.2","Q2","1.2","6.35"%,
"Industry and Innovation","IND INNOV","ROUTLEDGE JOURNALS, TAYLOR & FRANCIS LTD","1366-2716","1469-8390","MANAGEMENT","SSCI","2,568","4.2","Q2","1.03","29.8"%,
"M&SOM-Manufacturing & Service Operations Management","M&SOM-MANUF SERV OP","INFORMS","1523-4614","1526-5498","MANAGEMENT","SSCI","7,136","4.2","Q2","0.99","2.51"%,
"Creativity and Innovation Management","CREAT INNOV MANAG","WILEY","0963-1690","1467-8691","MANAGEMENT","SSCI","2,832","4.2","Q2","0.93","45.39"%,
"Supply Chain Forum","SUPPLY CHAIN FORUM","TAYLOR & FRANCIS LTD","1625-8312","1624-6039","MANAGEMENT","ESCI","1,038","4.2","Q2","0.86","7.56"%,
"Journal of Responsible Innovation","J RESPONSIBLE INNOV","ROUTLEDGE JOURNALS, TAYLOR & FRANCIS LTD","2329-9460","2329-9037","MANAGEMENT","SSCI","1,384","4.1","Q2","2.02","99.19"%,
"Career Development International","CAREER DEV INT","EMERALD GROUP PUBLISHING LTD","1362-0436","1758-6003","MANAGEMENT","SSCI","3,038","4.1","Q2","1.02","13.39"%,
"Service Business","SERV BUS","SPRINGER HEIDELBERG","1862-8516","1862-8508","MANAGEMENT","SSCI","1,296","4.1","Q2","0.95","26.88"%,
"MANAGEMENT INTERNATIONAL REVIEW","MANAGE INT REV","SPRINGER HEIDELBERG","0938-8249","1861-8901","MANAGEMENT","SSCI","2,469","4.1","Q2","0.92","63.16"%,
"Journal of Brand Management","J BRAND MANAG","PALGRAVE MACMILLAN LTD","1350-231X","1479-1803","MANAGEMENT","SSCI","3,239","4.1","Q2","0.88","20.79"%,
"Social Responsibility Journal","SOC RESPONSIB J","EMERALD GROUP PUBLISHING LTD","1747-1117","1758-857X","MANAGEMENT","ESCI","3,354","4.1","Q2","0.87","4.9"%,
"Journal of Nursing Management","J NURS MANAGE","WILEY","0966-0429","1365-2834","MANAGEMENT","SSCI","9,939","4","Q2","1.37","60.62"%,
"Management Accounting Research","MANAGE ACCOUNT RES","ELSEVIER","1044-5005","1096-1224","MANAGEMENT","SSCI","2,344","4","Q2","0.93","40"%,
"Journal of Management and Governance","J MANAG GOV","SPRINGER","1385-3457","1572-963X","MANAGEMENT","ESCI","2,135","4","Q2","0.77","47.06"%,
"MIT SLOAN MANAGEMENT REVIEW","MIT SLOAN MANAGE REV","SLOAN MANAGEMENT REVIEW ASSOC, MIT SLOAN SCHOOL MANAGEMENT","1532-9194","1532-8937","MANAGEMENT","SSCI","3,704","4","Q2","0.28","0"%,
"International Entrepreneurship and Management Journal","INT ENTREP MANAG J","SPRINGER","1554-7191","1555-1938","MANAGEMENT","SSCI","4,572","3.9","Q2","1.02","39.52"%,
"HUMAN RESOURCE DEVELOPMENT INTERNATIONAL","HUM RESOUR DEV INT","ROUTLEDGE JOURNALS, TAYLOR & FRANCIS LTD","1367-8868","1469-8374","MANAGEMENT","ESCI","1,847","3.9","Q2","0.85","16.41"%,
"International Small Business Journal-Researching Entrepreneurship","INT SMALL BUS J","SAGE PUBLICATIONS LTD","0266-2426","1741-2870","MANAGEMENT","SSCI","4,534","3.9","Q2","0.84","49.51"%,
"JOURNAL OF ENGINEERING AND TECHNOLOGY MANAGEMENT","J ENG TECHNOL MANAGE","ELSEVIER","0923-4748","1879-1719","MANAGEMENT","SSCI","1,729","3.9","Q2","0.73","23.81"%,
"Engineering Construction and Architectural Management","ENG CONSTR ARCHIT MA","EMERALD GROUP PUBLISHING LTD","0969-9988","1365-232X","MANAGEMENT","SSCI","7,429","3.9","Q2","0.72","3.02"%,
"Journal of Global Responsibility","J GLOB RESPONSIB","EMERALD GROUP PUBLISHING LTD","2041-2568","2041-2576","MANAGEMENT","ESCI","953","3.9","Q2","0.71","2.15"%,
"International Journal of Quality and Service Sciences","INT J QUAL SERV SCI","EMERALD GROUP PUBLISHING LTD","1756-669X","1756-6703","MANAGEMENT","ESCI","943","3.9","Q2","0.68","4.62"%,
"Human Resource Development Quarterly","HUM RESOUR DEV Q","WILEY PERIODICALS, INC","1044-8004","1532-1096","MANAGEMENT","SSCI","2,150","3.8","Q2","1.27","32.61"%,
"ORGANIZATIONAL BEHAVIOR AND HUMAN DECISION PROCESSES","ORGAN BEHAV HUM DEC","ACADEMIC PRESS INC ELSEVIER SCIENCE","0749-5978","1095-9920","MANAGEMENT","SSCI","16,370","3.8","Q2","1.08","20"%,
"Strategic Organization","STRATEG ORGAN","SAGE PUBLICATIONS LTD","1476-1270","1741-315X","MANAGEMENT","SSCI","3,256","3.8","Q2","1","27.93"%,
"Sport Management Review","SPORT MANAG REV","TAYLOR & FRANCIS LTD","1441-3523","1839-2083","MANAGEMENT","SSCI","3,238","3.8","Q2","0.89","16.33"%,
"Knowledge Management Research & Practice","KNOWL MAN RES PRACT","TAYLOR & FRANCIS LTD","1477-8238","1477-8246","MANAGEMENT","SSCI","2,043","3.8","Q2","0.88","7.69"%,
"JOURNAL OF MANAGEMENT INQUIRY","J MANAGE INQUIRY","SAGE PUBLICATIONS INC","1056-4926","1552-6542","MANAGEMENT","SSCI","2,262","3.8","Q2","0.87","44.93"%,
"Journal of Management Science and Engineering","J MANAGE SCI ENG","KEAI PUBLISHING LTD","2096-2320","2589-5532","MANAGEMENT","ESCI","680","3.7","Q2","1.25","96.97"%,
"European Journal of Management and Business Economics","EUR J MANAG BUS ECON","EMERALD GROUP PUBLISHING LTD","2444-8451","2444-8494","MANAGEMENT","ESCI","861","3.7","Q2","1.16","100"%,
"European Sport Management Quarterly","EUR SPORT MANAG Q","ROUTLEDGE JOURNALS, TAYLOR & FRANCIS LTD","1618-4742","1746-031X","MANAGEMENT","SSCI","2,432","3.7","Q2","0.79","21.17"%,
"International Journal of Lean Six Sigma","INT J LEAN SIX SIG","EMERALD GROUP PUBLISHING LTD","2040-4166","2040-4174","MANAGEMENT","SSCI","1,813","3.7","Q2","0.72","8.74"%,
"LEADERSHIP & ORGANIZATION DEVELOPMENT JOURNAL","LEADERSHIP ORG DEV J","EMERALD GROUP PUBLISHING LTD","0143-7739","1472-5347","MANAGEMENT","SSCI","4,276","3.6","Q2","0.96","6.47"%,
"Logistics-Basel","LOGISTICS-BASEL","MDPI","N/A","2305-6290","MANAGEMENT","ESCI","1,487","3.6","Q2","0.75","100"%,
"Research in Organizational Behavior","RES ORGAN BEHAV","ELSEVIER SCIENCE INC","0191-3085","0191-3085","MANAGEMENT","SSCI","4,720","3.6","Q2","0.66","32"%,
"Journal of Management Control","J MANAG CONTROL","SPRINGER","2191-4761","2191-477X","MANAGEMENT","ESCI","579","3.6","Q2","0.65","72.34"%,
"Information Systems and E-Business Management","INF SYST E-BUS MANAG","SPRINGER HEIDELBERG","1617-9846","1617-9854","MANAGEMENT","SSCI","1,205","3.6","Q2","0.6","58.7"%,
"INTERNATIONAL JOURNAL OF MANPOWER","INT J MANPOWER","EMERALD GROUP PUBLISHING LTD","0143-7720","1758-6577","MANAGEMENT","SSCI","3,881","3.5","Q2","1.33","7.87"%,
"JOURNAL OF OCCUPATIONAL AND ORGANIZATIONAL PSYCHOLOGY","J OCCUP ORGAN PSYCH","WILEY","0963-1798","2044-8325","MANAGEMENT","SSCI","6,273","3.5","Q2","1.19","44.85"%,
"Eurasian Business Review","EURASIAN BUS REV","SPRINGER HEIDELBERG","1309-4297","2147-4281","MANAGEMENT","SSCI","856","3.5","Q2","1.03","42.53"%,
"JOURNAL OF SPORT MANAGEMENT","J SPORT MANAGE","HUMAN KINETICS PUBL INC","0888-4773","1543-270X","MANAGEMENT","SSCI","3,012","3.5","Q2","1.03","4.1"%,
"GROUP & ORGANIZATION MANAGEMENT","GROUP ORGAN MANAGE","SAGE PUBLICATIONS INC","1059-6011","1552-3993","MANAGEMENT","SSCI","4,010","3.5","Q2","1.01","19.32"%,
"German Journal of Human Resource Management-Zeitschrift fur Personalforschung","GER J HUM RESOUR MAN","SAGE PUBLICATIONS INC","2397-0022","2397-0030","MANAGEMENT","SSCI","478","3.5","Q2","0.88","42.31"%,
"International Journal of Productivity and Performance Management","INT J PRODUCT PERFOR","EMERALD GROUP PUBLISHING LTD","1741-0401","1758-6658","MANAGEMENT","ESCI","4,440","3.5","Q2","0.78","4.25"%,
"Journal of Science and Technology Policy Management","J SCI TECHNOL POLICY","EMERALD GROUP PUBLISHING LTD","2053-4620","1758-5538","MANAGEMENT","ESCI","1,454","3.5","Q2","0.73","1.68"%,
"Management Research Review","MANAG RES REV","EMERALD GROUP PUBLISHING LTD","2040-8269","2040-8277","MANAGEMENT","ESCI","3,286","3.5","Q2","0.71","7.26"%,
"Journal of Trust Research","J TRUST RES","ROUTLEDGE JOURNALS, TAYLOR & FRANCIS LTD","2151-5581","2151-559X","MANAGEMENT","ESCI","404","3.5","Q2","0.7","35.48"%,
"Strategy Science","STRATEG SCI","INFORMS","2333-2050","2333-2077","MANAGEMENT","ESCI","903","3.4","Q2","1.1","1.27"%,
"European Journal of Work and Organizational Psychology","EUR J WORK ORGAN PSY","ROUTLEDGE JOURNALS, TAYLOR & FRANCIS LTD","1359-432X","1464-0643","MANAGEMENT","SSCI","5,728","3.4","Q2","1.08","29.27"%,
"Journal of Organizational and End User Computing","J ORGAN END USER COM","IGI GLOBAL","1546-2234","1546-5012","MANAGEMENT","SSCI","1,217","3.4","Q2","1.06","99.18"%,
"Innovation & Management Review","INNOV MANAG REV","EMERALD GROUP PUBLISHING LTD","2515-8961","2515-8961","MANAGEMENT","ESCI","444","3.4","Q2","0.83","98.61"%,
"Journal of Family Business Management","J FAM BUS MANAG","EMERALD GROUP PUBLISHING LTD","2043-6238","2043-6246","MANAGEMENT","ESCI","1,358","3.4","Q2","0.81","12.87"%,
"BRQ-Business Research Quarterly","BRQ-BUS RES Q","SAGE PUBLICATIONS INC","2340-9444","2340-9444","MANAGEMENT","SSCI","1,199","3.4","Q2","0.68","91.94"%,
"International Journal of Construction Management","INT J CONSTR MANAG","TAYLOR & FRANCIS LTD","1562-3599","2331-2327","MANAGEMENT","ESCI","4,127","3.4","Q2","0.66","7.66"%,
"School Leadership & Management","SCH LEADERSH MANAG","ROUTLEDGE JOURNALS, TAYLOR & FRANCIS LTD","1363-2434","1364-2626","MANAGEMENT","ESCI","1,661","3.3","Q2","0.97","27.5"%,
"Journal of Organizational Effectiveness-People and Performance","J ORGAN EFF-PEOPLE P","EMERALD GROUP PUBLISHING LTD","2051-6614","2051-6622","MANAGEMENT","ESCI","1,030","3.3","Q2","0.8","6.88"%,
"Journal of Industrial Integration and Management-Innovation and Entrepreneurship","J IND INTEGR MANAG","WORLD SCIENTIFIC PUBL CO PTE LTD","2424-8622","2424-8630","MANAGEMENT","ESCI","598","3.3","Q2","0.77","0"%,
"International Journal of Energy Sector Management","INT J ENERGY SECT MA","EMERALD GROUP PUBLISHING LTD","1750-6220","1750-6239","MANAGEMENT","ESCI","1,442","3.3","Q2","0.72","1.19"%,
"Journal of Fashion Marketing and Management","J FASH MARK MANAG","EMERALD GROUP PUBLISHING LTD","1361-2026","1758-7433","MANAGEMENT","SSCI","2,554","3.3","Q2","0.71","2.72"%,
"EMPLOYEE RELATIONS","EMPL RELAT","EMERALD GROUP PUBLISHING LTD","0142-5455","1758-7069","MANAGEMENT","SSCI","3,161","3.2","Q2","1.05","10.13"%,
"Administrative Sciences","ADM SCI","MDPI","N/A","2076-3387","MANAGEMENT","ESCI","3,100","3.1","Q2","0.83","100"%,
"ORGANIZATION","ORGANIZATION","SAGE PUBLICATIONS LTD","1350-5084","1461-7323","MANAGEMENT","SSCI","4,722","3.1","Q2","0.72","42.77"%,
"Triple Helix","TRIPLE HELIX-NETH","BRILL","2590-0366","2197-1927","MANAGEMENT","ESCI","282","3.1","Q2","0.69","90.91"%,
"Qualitative Research in Accounting and Management","QUAL RES ACCOUNT MAN","EMERALD GROUP PUBLISHING LTD","1176-6093","1758-7654","MANAGEMENT","SSCI","863","3.1","Q2","0.68","16.47"%,
"JOURNAL OF MANAGEMENT DEVELOPMENT","J MANAG DEV","EMERALD GROUP PUBLISHING LTD","0262-1711","1758-7492","MANAGEMENT","ESCI","2,717","3.1","Q2","0.65","4.39"%,
"Vision-The Journal of Business Perspective","VISION-INDIA","SAGE PUBLICATIONS INDIA PVT LTD","0972-2629","2249-5304","MANAGEMENT","ESCI","1,038","3.1","Q2","0.59","4.73"%,
"International Journal of Managing Projects in Business","INT J MANAG PROJ BUS","EMERALD GROUP PUBLISHING LTD","1753-8378","1753-8386","MANAGEMENT","SSCI","1,898","3.1","Q2","0.57","16.15"%,
"GENDER WORK AND ORGANIZATION","GENDER WORK ORGAN","WILEY","0968-6673","1468-0432","MANAGEMENT","SSCI","5,544","3","Q2","1.39","62.26"%,
"Cornell Hospitality Quarterly","CORNELL HOSP Q","SAGE PUBLICATIONS INC","1938-9655","1938-9663","MANAGEMENT","SSCI","1,974","3","Q2","0.93","14.44"%,
"Journal of Strategy and Management","J STRATEGY MANAG","EMERALD GROUP PUBLISHING LTD","1755-425X","1755-425X","MANAGEMENT","ESCI","1,224","3","Q2","0.79","7.81"%,
"International Journal of Emerging Markets","INT J EMERG MARK","EMERALD GROUP PUBLISHING LTD","1746-8809","1746-8817","MANAGEMENT","SSCI","3,851","3","Q2","0.76","4.01"%,
"Journal of Marketing Management","J MARKET MANAG-UK","ROUTLEDGE JOURNALS, TAYLOR & FRANCIS LTD","0267-257X","1472-1376","MANAGEMENT","SSCI","5,487","3","Q2","0.69","21.74"%,
"International Journal of Quality & Reliability Management","INT J QUAL RELIAB MA","EMERALD GROUP PUBLISHING LTD","0265-671X","1758-6682","MANAGEMENT","ESCI","3,679","3","Q2","0.66","3.79"%,
"Management and Organization Review","MANAGE ORGAN REV","CAMBRIDGE UNIV PRESS","1740-8776","1740-8784","MANAGEMENT","SSCI","2,153","3","Q2","0.65","26.85"%,
"MANAGEMENT LEARNING","MANAGE LEARN","SAGE PUBLICATIONS LTD","1350-5076","1461-7307","MANAGEMENT","SSCI","2,219","3","Q2","0.61","51.28"%,
"Cross Cultural & Strategic Management","CROSS CULT STRATEG M","EMERALD GROUP PUBLISHING LTD","2059-5794","2059-5794","MANAGEMENT","SSCI","779","3","Q2","0.54","4.04"%,
"RESEARCH-TECHNOLOGY MANAGEMENT","RES TECHNOL MANAGE","TAYLOR & FRANCIS INC","0895-6308","1930-0166","MANAGEMENT","SSCI","1,731","3","Q2","0.31","23.23"%,
"VINE Journal of Information and Knowledge Management Systems","VINE J INF KNOWL MAN","EMERALD GROUP PUBLISHING LTD","2059-5891","2059-5905","MANAGEMENT","ESCI","1,293","2.9","Q2","0.83","4"%,
"Quality Management Journal","QUAL MANAG J","TAYLOR & FRANCIS LTD","1068-6967","2575-6222","MANAGEMENT","ESCI","426","2.9","Q2","0.79","8"%,
"MIS Quarterly Executive","MIS Q EXEC","INDIANA UNIV, OPER & DECISION TECHNOL DEPT","1540-1960","1540-1979","MANAGEMENT","SSCI","1,552","2.9","Q2","0.76","0"%,
"Information Technology & Management","INFORM TECHNOL MANAG","SPRINGER","1385-951X","1573-7667","MANAGEMENT","SSCI","888","2.9","Q2","0.66","12.09"%,
"International Journal of Organizational Analysis","INT J ORGAN ANAL","EMERALD GROUP PUBLISHING LTD","1934-8835","1758-8561","MANAGEMENT","ESCI","2,978","2.9","Q2","0.64","5.2"%,
"International Transactions in Operational Research","INT T OPER RES","WILEY","0969-6016","1475-3995","MANAGEMENT","SSCI","3,683","2.9","Q2","0.64","16.43"%,
"Central European Management Journal","CENT EUR MANAG J","EMERALD GROUP PUBLISHING LTD","2658-0845","2658-2430","MANAGEMENT","ESCI","290","2.9","Q2","0.53","99.07"%,
"IJISPM-International Journal of Information Systems and Project Management","IJISPM-INT J INF SYS","SCIKA","2182-7796","2182-7788","MANAGEMENT","ESCI","429","2.9","Q2","0.53","100"%,
"Journal of Management & Organization","J MANAGE ORGAN","CAMBRIDGE UNIV PRESS","1833-3672","1839-3527","MANAGEMENT","SSCI","3,000","2.8","Q2","0.8","28.77"%,
"European Management Review","EUR MANAG REV","WILEY PERIODICALS, INC","1740-4754","1740-4762","MANAGEMENT","SSCI","1,908","2.8","Q2","0.72","48.68"%,
"Journal of Humanitarian Logistics and Supply Chain Management","J HUMANIT LOGIST SUP","EMERALD GROUP PUBLISHING LTD","2042-6747","2042-6755","MANAGEMENT","ESCI","770","2.8","Q2","0.72","76.25"%,
"Managerial Auditing Journal","MANAG AUDIT J","EMERALD GROUP PUBLISHING LTD","0268-6902","1758-7735","MANAGEMENT","SSCI","2,543","2.8","Q2","0.71","1.63"%,
"TECHNOLOGY ANALYSIS & STRATEGIC MANAGEMENT","TECHNOL ANAL STRATEG","ROUTLEDGE JOURNALS, TAYLOR & FRANCIS LTD","0953-7325","1465-3990","MANAGEMENT","SSCI","5,546","2.8","Q2","0.63","4.92"%,
"FIIB Business Review","FIIB BUS REV","SAGE PUBLICATIONS INDIA PVT LTD","2319-7145","2455-2658","MANAGEMENT","ESCI","911","2.8","Q2","0.61","2.5"%,
"European Journal of Training and Development","EUR J TRAIN DEV","EMERALD GROUP PUBLISHING LTD","2046-9012","2046-9020","MANAGEMENT","ESCI","1,470","2.8","Q2","0.55","8.9"%,
"Asian Business & Management","ASIAN BUS MANAG","PALGRAVE MACMILLAN LTD","1472-4782","1476-9328","MANAGEMENT","SSCI","908","2.8","Q2","0.5","13.83"%,
"JOURNAL OF FORECASTING","J FORECASTING","WILEY","0277-6693","1099-131X","MANAGEMENT","SSCI","3,044","2.7","Q3","0.81","19.69"%,
"Journal of Managerial Psychology","J MANAGE PSYCHOL","EMERALD GROUP PUBLISHING LTD","0268-3946","1758-7778","MANAGEMENT","SSCI","4,862","2.7","Q3","0.79","5.81"%,
"MANAGERIAL AND DECISION ECONOMICS","MANAG DECIS ECON","JOHN WILEY & SONS LTD","0143-6570","1099-1468","MANAGEMENT","SSCI","4,177","2.7","Q3","0.75","8.02"%,
"Journal of Work-Applied Management","J WORK-APPL MANAGE","EMERALD GROUP PUBLISHING LTD","2205-2062","2205-149X","MANAGEMENT","ESCI","389","2.7","Q3","0.73","98.78"%,
"Journal of Global Operations and Strategic Sourcing","J GLOB OPER STRATEG","EMERALD GROUP PUBLISHING LTD","2398-5364","2398-5364","MANAGEMENT","ESCI","647","2.7","Q3","0.71","2.17"%,
"JOURNAL OF ORGANIZATIONAL CHANGE MANAGEMENT","J ORGAN CHANGE MANAG","EMERALD GROUP PUBLISHING LTD","0953-4814","1758-7816","MANAGEMENT","SSCI","3,137","2.7","Q3","0.71","9.5"%,
"Learning Organization","LEARN ORGAN","EMERALD GROUP PUBLISHING LTD","0969-6474","1758-7905","MANAGEMENT","ESCI","1,405","2.7","Q3","0.63","17.79"%,
"JOURNAL OF THE OPERATIONAL RESEARCH SOCIETY","J OPER RES SOC","TAYLOR & FRANCIS LTD","0160-5682","1476-9360","MANAGEMENT","SSCI","9,198","2.7","Q3","0.57","10.02"%,
"Journal of Facilities Management","J FACIL MANAG","EMERALD GROUP PUBLISHING LTD","1472-5967","1741-0983","MANAGEMENT","ESCI","1,057","2.7","Q3","0.55","7.2"%,
"Journal of Competitiveness","J COMPETITIVENESS","UNIV TOMASE BATI & ZLINE, FAK MANAGEMENTU EKONOMIKY","1804-171X","1804-1728","MANAGEMENT","SSCI","1,055","2.6","Q3","1.05","78.03"%,
"Gender in Management","GEND MANAG","EMERALD GROUP PUBLISHING LTD","1754-2413","1754-2421","MANAGEMENT","SSCI","2,244","2.6","Q3","0.86","9.66"%,
"Journal of Advances in Management Research","J ADV MANAG RES","EMERALD GROUP PUBLISHING LTD","0972-7981","2049-3207","MANAGEMENT","ESCI","977","2.6","Q3","0.65","1.69"%,
"OPERATIONS RESEARCH","OPER RES","INFORMS","0030-364X","N/A","MANAGEMENT","SSCI","15,475","2.6","Q3","0.54","1.61"%,
"Engineering Management Journal","ENG MANAG J","TAYLOR & FRANCIS LTD","1042-9247","2377-0643","MANAGEMENT","SSCI","882","2.6","Q3","0.39","2.2"%,
"Nankai Business Review International","NANKAI BUS REV NT","EMERALD GROUP PUBLISHING LTD","2040-8749","2040-8757","MANAGEMENT","ESCI","741","2.6","Q3","0.35","0"%,
"GROUP DECISION AND NEGOTIATION","GROUP DECIS NEGOT","SPRINGER","0926-2644","1572-9907","MANAGEMENT","SSCI","1,420","2.5","Q3","1.12","24.24"%,
"International Journal of Public Sector Management","INT J PUBLIC SECT MA","EMERALD GROUP PUBLISHING LTD","0951-3558","1758-6666","MANAGEMENT","ESCI","1,775","2.5","Q3","0.77","20"%,
"ORGANIZATIONAL DYNAMICS","ORGAN DYN","ELSEVIER SCIENCE INC","0090-2616","1873-3530","MANAGEMENT","SSCI","3,022","2.5","Q3","0.77","30.3"%,
"SYSTEM DYNAMICS REVIEW","SYST DYNAM REV","WILEY","0883-7066","1099-1727","MANAGEMENT","SSCI","1,625","2.5","Q3","0.73","53.62"%,
"Baltic Journal of Management","BALT J MANAG","EMERALD GROUP PUBLISHING LTD","1746-5265","1746-5273","MANAGEMENT","SSCI","1,128","2.5","Q3","0.65","15.32"%,
"DECISION SCIENCES","DECISION SCI","WILEY","0011-7315","1540-5915","MANAGEMENT","SSCI","4,702","2.5","Q3","0.59","25.37"%,
"Scandinavian Journal of Management","SCAND J MANAG","ELSEVIER SCI LTD","0956-5221","1873-3387","MANAGEMENT","SSCI","1,739","2.5","Q3","0.57","45.98"%,
"Journal of Co-operative Organization and Management","J CO-OP ORGAN MANAG","ELSEVIER","2213-297X","2213-2988","MANAGEMENT","ESCI","357","2.5","Q3","0.55","39.62"%,
"Management Communication Quarterly","MANAGE COMMUN Q","SAGE PUBLICATIONS INC","0893-3189","1552-6798","MANAGEMENT","SSCI","1,848","2.4","Q3","0.82","15.15"%,
"INTERNATIONAL JOURNAL OF SELECTION AND ASSESSMENT","INT J SELECT ASSESS","WILEY","0965-075X","1468-2389","MANAGEMENT","SSCI","1,925","2.4","Q3","0.73","44.54"%,
"JOURNAL OF APPLIED BEHAVIORAL SCIENCE","J APPL BEHAV SCI","SAGE PUBLICATIONS INC","0021-8863","1552-6879","MANAGEMENT","SSCI","2,534","2.4","Q3","0.72","36.26"%,
"International Journal of Disclosure and Governance","INT J DISCL GOV","PALGRAVE MACMILLAN LTD","1741-3591","1746-6539","MANAGEMENT","ESCI","769","2.4","Q3","0.61","14.79"%,
"Journal of Chinese Human Resources Management","J CHIN HUM RESOUR MA","WORLD SCI PUBL HOUSE","2040-8005","2040-8013","MANAGEMENT","ESCI","255","2.4","Q3","0.58","13.33"%,
"Maritime Business Review","MARIT BUS REV","EMERALD GROUP PUBLISHING LTD","2397-3757","2397-3765","MANAGEMENT","ESCI","364","2.4","Q3","0.58","100"%,
"International Journal of Cross Cultural Management","INT J CROSS CULT MAN","SAGE PUBLICATIONS INC","1470-5958","1741-2838","MANAGEMENT","ESCI","1,019","2.4","Q3","0.56","24.69"%,
"International Journal of Educational Management","INT J EDUC MANAG","EMERALD GROUP PUBLISHING LTD","0951-354X","1758-6518","MANAGEMENT","ESCI","2,622","2.4","Q3","0.56","5.78"%,
"Journal of Multi-Criteria Decision Analysis","J MULTI-CRITERIA DEC","WILEY","1057-9214","1099-1360","MANAGEMENT","ESCI","646","2.4","Q3","0.45","20"%,
"Tec Empresarial","TEC EMPRESARIAL","INST TECNOLOGICO COSTA RICA","1659-2395","1659-2395","MANAGEMENT","ESCI","124","2.4","Q3","0.4","91.67"%,
"Work Aging and Retirement","WORK AGING RETIRE","OXFORD UNIV PRESS","2054-4642","2054-4650","MANAGEMENT","SSCI","972","2.3","Q3","0.79","26.53"%,
"Science and Public Policy","SCI PUBL POLICY","OXFORD UNIV PRESS","0302-3427","1471-5430","MANAGEMENT","SSCI","3,140","2.3","Q3","0.74","39.26"%,
"Chinese Management Studies","CHIN MANAG STUD","EMERALD GROUP PUBLISHING LTD","1750-614X","1750-6158","MANAGEMENT","SSCI","1,483","2.3","Q3","0.48","0.9"%,
"Journal of Innovation Economics & Management","J INNOV ECON MANAG","DE BOECK UNIV","N/A","2032-5355","MANAGEMENT","ESCI","434","2.3","Q3","0.48","2.35"%,
"Journal of Professions and Organization","J PROF ORGAN","OXFORD UNIV PRESS","2051-8803","2051-8811","MANAGEMENT","ESCI","566","2.2","Q3","0.85","40.91"%,
"Equality Diversity and Inclusion","EQUAL DIVERS INCL","EMERALD GROUP PUBLISHING LTD","2040-7149","2040-7157","MANAGEMENT","ESCI","1,842","2.2","Q3","0.76","8.37"%,
"International Journal of Islamic and Middle Eastern Finance and Management","INT J ISLAMIC MIDDLE","EMERALD GROUP PUBLISHING LTD","1753-8394","1753-8408","MANAGEMENT","SSCI","1,507","2.2","Q3","0.67","2.38"%,
"Computational Economics","COMPUT ECON","SPRINGER","0927-7099","1572-9974","MANAGEMENT","SSCI","2,293","2.2","Q3","0.64","20.34"%,
"Journal of Contingencies and Crisis Management","J CONTING CRISIS MAN","WILEY","0966-0879","1468-5973","MANAGEMENT","SSCI","1,994","2.2","Q3","0.57","36.93"%,
"Leadership","LEADERSHIP-LONDON","SAGE PUBLICATIONS INC","1742-7150","1742-7169","MANAGEMENT","SSCI","1,399","2.2","Q3","0.5","44.3"%,
"Journal of Modelling in Management","J MODEL MANAG","EMERALD GROUP PUBLISHING LTD","1746-5664","1746-5672","MANAGEMENT","ESCI","1,321","2.2","Q3","0.48","0"%,
"Team Performance Management","TEAM PERFORM MANAG","EMERALD GROUP PUBLISHING LTD","1352-7592","1758-6860","MANAGEMENT","ESCI","679","2.2","Q3","0.47","5.45"%,
"RAUSP Management Journal","RAUSP MANAG J","EMERALD GROUP PUBLISHING LTD","2531-0488","2531-0488","MANAGEMENT","ESCI","514","2.2","Q3","0.36","96.88"%,
"JOURNAL OF CHANGE MANAGEMENT","J CHANG MANAG","ROUTLEDGE JOURNALS, TAYLOR & FRANCIS LTD","1469-7017","1479-1811","MANAGEMENT","ESCI","1,062","2.1","Q3","0.69","43.75"%,
"Action Research","ACTION RES-LONDON","SAGE PUBLICATIONS LTD","1476-7503","1741-2617","MANAGEMENT","SSCI","982","2.1","Q3","0.63","34.69"%,
"INDUSTRIAL AND COMMERCIAL TRAINING","IND COMMER TRAIN","EMERALD GROUP PUBLISHING LTD","0019-7858","1758-5767","MANAGEMENT","ESCI","842","2.1","Q3","0.63","0"%,
"EURO Journal on Decision Processes","EURO J DECIS PROCESS","ELSEVIER","2193-9438","2193-9446","MANAGEMENT","ESCI","199","2.1","Q3","0.62","100"%,
"Cuadernos de Gestion","CUAD GEST","UNIV PAIS VASCO, INST ECONOMIA APLICADA EMPRESA","1131-6837","1988-2157","MANAGEMENT","ESCI","222","2.1","Q3","0.45","100"%,
"AUSTRALIAN JOURNAL OF MANAGEMENT","AUST J MANAGE","SAGE PUBLICATIONS LTD","0312-8962","1327-2020","MANAGEMENT","SSCI","1,686","2.1","Q3","0.42","25.83"%,
"REGE-Revista de Gestao","REGE-REV GEST","EMERALD GROUP PUBLISHING LTD","1809-2276","2177-8736","MANAGEMENT","ESCI","431","2.1","Q3","0.4","97.01"%,
"International Journal of Knowledge Management","INT J KNOWL MANAG","IGI GLOBAL","1548-0666","1548-0658","MANAGEMENT","ESCI","274","2.1","Q3","0.38","100"%,
"INTERNATIONAL STUDIES OF MANAGEMENT & ORGANIZATION","INT STUD MANAG ORG","ROUTLEDGE JOURNALS, TAYLOR & FRANCIS LTD","0020-8825","1558-0911","MANAGEMENT","ESCI","803","2.1","Q3","0.36","15.87"%,
"Amfiteatru Economic","AMFITEATRU ECON","EDITURA ASE","1582-9146","2247-9104","MANAGEMENT","SSCI","966","2","Q3","0.54","91.4"%,
"Disaster Prevention and Management","DISASTER PREV MANAG","EMERALD GROUP PUBLISHING LTD","0965-3562","1758-6100","MANAGEMENT","SSCI","1,682","2","Q3","0.48","13.82"%,
"Journal of Global Mobility-The Home of Expatriate Management Research","J GLOB MOBIL","EMERALD GROUP PUBLISHING LTD","2049-8799","2049-8802","MANAGEMENT","ESCI","525","2","Q3","0.47","15.79"%,
"Evidence-based HRM-A Global Forum for Empirical Scholarship","EVID-BASED HRM","EMERALD GROUP PUBLISHING LTD","2049-3983","2049-3991","MANAGEMENT","ESCI","495","2","Q3","0.46","1.2"%,
"Journal of Global Sport Management","J GLOB SPORT MANAGE","TAYLOR & FRANCIS LTD","2470-4067","2470-4075","MANAGEMENT","ESCI","438","1.9","Q3","0.82","7.19"%,
"Nonprofit Management & Leadership","NONPROFIT MANAG LEAD","WILEY PERIODICALS, INC","1048-6682","1542-7854","MANAGEMENT","SSCI","1,506","1.9","Q3","0.73","25.42"%,
"SMALL GROUP RESEARCH","SMALL GR RES","SAGE PUBLICATIONS INC","1046-4964","1552-8278","MANAGEMENT","SSCI","2,118","1.9","Q3","0.71","28.89"%,
"Facilities","FACILITIES","EMERALD GROUP PUBLISHING LTD","0263-2772","1758-7131","MANAGEMENT","ESCI","1,677","1.9","Q3","0.44","14.81"%,
"Science Technology and Society","SCI TECHNOL SOC","SAGE PUBLICATIONS INDIA PVT LTD","0971-7218","0973-0796","MANAGEMENT","SSCI","562","1.9","Q3","0.44","6.52"%,
"Global Business Review","GLOB BUS REV","SAGE PUBLICATIONS LTD","0972-1509","0973-0664","MANAGEMENT","ESCI","3,057","1.9","Q3","0.4","3.73"%,
"Asia Pacific Business Review","ASIA PAC BUS REV","ROUTLEDGE JOURNALS, TAYLOR & FRANCIS LTD","1360-2381","1743-792X","MANAGEMENT","SSCI","1,314","1.9","Q3","0.38","6.38"%,
"Management","MANAGEMENT-FRANCE","ASSOC INT MANAGEMENT STRATEGIQUE-AIMS","1286-4692","1286-4692","MANAGEMENT","ESCI","1,211","1.9","Q3","0.22","94.44"%,
"Innovation-Organization & Management","INNOV-ORGAN MANAG","ROUTLEDGE JOURNALS, TAYLOR & FRANCIS LTD","1447-9338","2204-0226","MANAGEMENT","SSCI","1,203","1.8","Q3","0.66","37.5"%,
"SYSTEMS RESEARCH AND BEHAVIORAL SCIENCE","SYST RES BEHAV SCI","WILEY","1092-7026","1099-1743","MANAGEMENT","SSCI","1,801","1.8","Q3","0.65","32.88"%,
"INDUSTRIAL AND CORPORATE CHANGE","IND CORP CHANGE","OXFORD UNIV PRESS","0960-6491","1464-3650","MANAGEMENT","SSCI","4,338","1.8","Q3","0.64","20.97"%,
"Operations and Supply Chain Management-An International Journal","OPER SUPPLY CHAIN MA","OSCM FORUM","1979-3561","2579-9363","MANAGEMENT","ESCI","527","1.8","Q3","0.52","17.54"%,
"Managing Sport and Leisure","MANAG SPORT LEIS","ROUTLEDGE JOURNALS, TAYLOR & FRANCIS LTD","2375-0472","2375-0480","MANAGEMENT","ESCI","924","1.8","Q3","0.39","27.69"%,
"Qualitative Research in Organizations and Management","QUAL RES ORGAN MANAG","EMERALD GROUP PUBLISHING LTD","1746-5648","1746-5656","MANAGEMENT","ESCI","812","1.8","Q3","0.34","12.5"%,
"Annals of Corporate Governance","ANN CORP GOV","NOW PUBLISHERS INC","2381-6732","2381-6732","MANAGEMENT","ESCI","49","1.8","Q3","0.33","100"%,
"INFORMS Journal on Applied Analytics","INFORMS J APPL ANAL","INFORMS","2644-0865","2644-0873","MANAGEMENT","SSCI","277","1.8","Q3","0.31","0"%,
"Knowledge and Process Management","KNOWL PROCESS MANAG","WILEY","1092-4604","1099-1441","MANAGEMENT","ESCI","912","1.7","Q3","0.6","34.52"%,
"International Journal of Strategic Property Management","INT J STRATEG PROP M","VILNIUS GEDIMINAS TECH UNIV","1648-715X","1648-9179","MANAGEMENT","SSCI","695","1.7","Q3","0.41","97.78"%,
"Journal of Organization Design","J ORGAN DES","SPRINGERNATURE","N/A","2245-408X","MANAGEMENT","ESCI","547","1.7","Q3","0.39","57.69"%,
"Journal of Management History","J MANAG HIST","EMERALD GROUP PUBLISHING LTD","1751-1348","1758-7751","MANAGEMENT","ESCI","514","1.7","Q3","0.34","8.11"%,
"Organization Technology and Management in Construction","ORGAN TECHNOL MANAG","SCIENDO","1847-5450","1847-6228","MANAGEMENT","ESCI","207","1.7","Q3","0.32","100"%,
"International Journal of Human Capital and Information Technology Professionals","INT J HUM CAP INF TE","IGI GLOBAL","1947-3478","1947-3486","MANAGEMENT","ESCI","213","1.7","Q3","0.21","100"%,
"Management Revue","MANAG REVUE","NOMOS VERLAGSGESELLSCHAFT MBH & CO KG","0935-9915","1861-9908","MANAGEMENT","ESCI","836","1.7","Q3","0.11","3.85"%,
"Business Management and Economics Engineering","BUS MANAG ECON ENG","VILNIUS GEDIMINAS TECH UNIV","2669-2481","2669-249X","MANAGEMENT","ESCI","108","1.6","Q3","0.36","100"%,
"SYSTEMIC PRACTICE AND ACTION RESEARCH","SYST PRACT ACT RES","SPRINGER/PLENUM PUBLISHERS","1094-429X","1573-9295","MANAGEMENT","SSCI","753","1.6","Q3","0.34","53.21"%,
"Africa Journal of Management","AFR J MANAGE","ROUTLEDGE JOURNALS, TAYLOR & FRANCIS LTD","2332-2373","2332-2381","MANAGEMENT","ESCI","380","1.6","Q3","0.32","25.86"%,
"International Journal of Knowledge Management Studies","INT J KNOWL MAN STUD","INDERSCIENCE ENTERPRISES LTD","1743-8268","1743-8276","MANAGEMENT","ESCI","198","1.6","Q3","0.29","0"%,
"Journal of Research Administration","J RES ADMIN","SOC RESEARCH ADMIN INT","1539-1590","1539-1590","MANAGEMENT","ESCI","177","1.6","Q3","0.13","0"%,
"Decision Analysis","DECIS ANAL","INFORMS","1545-8490","1545-8504","MANAGEMENT","SSCI","516","1.5","Q3","0.43","0"%,
"Infrastructure Asset Management","INFRASTRUCT ASSET MA","EMERALD GROUP PUBLISHING LTD","2053-0242","2053-0250","MANAGEMENT","ESCI","174","1.5","Q3","0.39","7.55"%,
"International Journal of Training and Development","INT J TRAIN DEV","WILEY","1360-3736","1468-2419","MANAGEMENT","ESCI","904","1.5","Q3","0.36","56"%,
"Organizacija","ORGANIZACIJA","SCIENDO","1318-5454","1581-1832","MANAGEMENT","ESCI","352","1.5","Q3","0.36","100"%,
"Culture and Organization","CULT ORGAN","ROUTLEDGE JOURNALS, TAYLOR & FRANCIS LTD","1475-9551","1477-2760","MANAGEMENT","SSCI","670","1.5","Q3","0.33","47.27"%,
"Journal of the International Council for Small Business","J INT COUNC SMALL BU","TAYLOR & FRANCIS LTD","2643-7015","2643-7023","MANAGEMENT","ESCI","270","1.5","Q3","0.32","14.38"%,
"Property Management","PROP MANAG","EMERALD GROUP PUBLISHING LTD","0263-7472","1758-731X","MANAGEMENT","ESCI","782","1.5","Q3","0.32","5.17"%,
"Journal of Project Management","J PROJ MANAGE","GROWING SCIENCE","2371-8366","2371-8374","MANAGEMENT","ESCI","251","1.5","Q3","0.31","93.48"%,
"Journal of Creating Value","J CREAT VALUE","SAGE PUBLICATIONS INC","2394-9643","2454-213X","MANAGEMENT","ESCI","256","1.5","Q3","0.25","18.18"%,
"Management & Organizational History","MANAG ORGAN HIST","ROUTLEDGE JOURNALS, TAYLOR & FRANCIS LTD","1744-9359","1744-9367","MANAGEMENT","SSCI","346","1.4","Q3","1.69","35.71"%,
"INTERNATIONAL JOURNAL OF TECHNOLOGY MANAGEMENT","INT J TECHNOL MANAGE","INDERSCIENCE ENTERPRISES LTD","0267-5730","1741-5276","MANAGEMENT","SSCI","1,797","1.4","Q3","0.41","0.76"%,
"JOURNAL OF ECONOMICS & MANAGEMENT STRATEGY","J ECON MANAGE STRAT","WILEY","1058-6407","1530-9134","MANAGEMENT","SSCI","2,403","1.4","Q3","0.37","32.28"%,
"Academia-Revista Latinoamericana de Administracion","ACAD-REV LATINOAM AD","EMERALD GROUP PUBLISHING LTD","1012-8255","2056-5127","MANAGEMENT","SSCI","477","1.4","Q3","0.35","9.3"%,
"South African Journal of Economic and Management Sciences","S AFR J ECON MANAG S","AOSIS","1015-8812","2222-3436","MANAGEMENT","SSCI","702","1.4","Q3","0.35","100"%,
"South Asian Journal of Human Resource Management","S ASIAN J HUM RE MAN","SAGE PUBLICATIONS INDIA PVT LTD","2322-0937","2349-5790","MANAGEMENT","ESCI","242","1.4","Q3","0.34","7.46"%,
"INTERNATIONAL JOURNAL OF LEARNING AND INTELLECTUAL CAPITAL","INT J LEARN INTELL C","INDERSCIENCE ENTERPRISES LTD","1479-4853","1479-4861","MANAGEMENT","ESCI","392","1.4","Q3","0.32","0"%,
"SA Journal of Human Resource Management","SA J HUM RESOUR MANA","AOSIS","1683-7584","2071-078X","MANAGEMENT","ESCI","882","1.4","Q3","0.32","99.48"%,
"Strategic Management","STRATEG MANAG","UNIV NOVI SAD, FAC ECONOMICS SUBOTICA","1821-3448","2334-6191","MANAGEMENT","ESCI","1,848","1.4","Q3","0.26","94.94"%,
"Service Science","SERV SCI","INFORMS","2164-3962","2164-3970","MANAGEMENT","SSCI","532","1.3","Q4","0.4","5.45"%,
"HUMAN SYSTEMS MANAGEMENT","HUM SYST MANAGE","IOS PRESS","0167-2533","1875-8703","MANAGEMENT","ESCI","660","1.3","Q4","0.38","2.08"%,
"JOURNAL OF GENERAL MANAGEMENT","J GEN MANAG","SAGE PUBLICATIONS LTD","0306-3070","1759-6106","MANAGEMENT","ESCI","624","1.3","Q4","0.34","12.82"%,
"Intangible Capital","INTANG CAP","OMNIASCIENCE","2014-3214","1697-9818","MANAGEMENT","ESCI","376","1.3","Q4","0.32","100"%,
"Journal of Transport and Supply Chain Management","J TRANSP SUPPLY CHAI","AOSIS","2310-8789","1995-5235","MANAGEMENT","ESCI","251","1.3","Q4","0.31","96.63"%,
"International Journal of Innovation and Technology Management","INT J INNOV TECHNOL","WORLD SCIENTIFIC PUBL CO PTE LTD","0219-8770","1793-6950","MANAGEMENT","ESCI","1,223","1.3","Q4","0.29","2.17"%,
"Management Research-The Journal of the Iberoamerican Academy of Management","MANAG RES","EMERALD GROUP PUBLISHING LTD","1536-5433","1558-0946","MANAGEMENT","ESCI","411","1.3","Q4","0.28","9.46"%,
"JOURNAL OF ORGANIZATIONAL BEHAVIOR MANAGEMENT","J ORGAN BEHAV MANAGE","ROUTLEDGE JOURNALS, TAYLOR & FRANCIS LTD","0160-8061","1540-8604","MANAGEMENT","SSCI","597","1.2","Q4","0.47","5.66"%,
"E & M Ekonomie a Management","E M EKON MANAG","TECHNICAL UNIV LIBEREC","1212-3609","2336-5064","MANAGEMENT","SSCI","506","1.2","Q4","0.38","100"%,
"Quality Innovation Prosperity-Kvalita Inovacia Prosperita","QUAL INNOV PROSPER","TECHNICAL UNIV KOSICE","1335-1745","1338-984X","MANAGEMENT","ESCI","288","1.2","Q4","0.34","97.65"%,
"International Journal of Shipping and Transport Logistics","INT J SHIP TRANS LOG","INDERSCIENCE ENTERPRISES LTD","1756-6517","1756-6525","MANAGEMENT","SSCI","513","1.2","Q4","0.31","8.26"%,
"Marketing and Management of Innovations","MARK MANAG INNOV","SUMY STATE UNIV, DEPT MARKETING & MANAGEMENT INNOVATIVE ACTIVITY","2218-4511","2227-6718","MANAGEMENT","ESCI","541","1.2","Q4","0.31","97.65"%,
"International Journal of Innovation Management","INT J INNOV MANAG","WORLD SCIENTIFIC PUBL CO PTE LTD","1363-9196","1757-5877","MANAGEMENT","ESCI","2,271","1.2","Q4","0.3","8.18"%,
"European Journal of Family Business","EUR J FAM BUS","UNIV MALAGA","2444-8788","2444-877X","MANAGEMENT","ESCI","142","1.2","Q4","0.29","89.13"%,
"South African Journal of Business Management","S AFR J BUS MANAG","AOSIS","2078-5585","2078-5976","MANAGEMENT","SSCI","488","1.2","Q4","0.25","100"%,
"ENGINEERING ECONOMIST","ENG ECON","TAYLOR & FRANCIS INC","0013-791X","1547-2701","MANAGEMENT","SSCI","379","1.2","Q4","0.15","5.88"%,
"IIM Kozhikode Society & Management Review","IIM KOZHIKODE SOC MA","SAGE PUBLICATIONS INDIA PVT LTD","2277-9752","2321-029X","MANAGEMENT","ESCI","230","1.1","Q4","0.39","11.76"%,
"Construction Economics and Building","CONSTR ECON BUILD","UNIV TECHNOLOGY, SYDNEY-UTS EPRESS","1835-6354","1837-9133","MANAGEMENT","ESCI","672","1.1","Q4","0.35","96.43"%,
"Proceedings of the Institution of Civil Engineers-Management Procurement and Law","PROC INST CIV ENG-MA","EMERALD GROUP PUBLISHING LTD","1751-4304","1751-4312","MANAGEMENT","ESCI","267","1.1","Q4","0.31","1.49"%,
"Polish Journal of Management Studies","POL J MANAG STUD","CZESTOCHOWA UNIV TECHNOLOGY","2081-7452","2081-7452","MANAGEMENT","ESCI","995","1.1","Q4","0.29","99.27"%,
"Scientific Papers of the University of Pardubice-Series D-Faculty of Economics and Administration","SCI PAP U PARD-SER D","Univ Pardubice, Fac Economics Adm","1211-555X","1804-8048","MANAGEMENT","ESCI","145","1.1","Q4","0.28","98.88"%,
"Real Estate Management and Valuation","REAL ESTATE MANAGE V","WALTER DE GRUYTER GMBH","1733-2478","2300-5289","MANAGEMENT","ESCI","343","1.1","Q4","0.26","100"%,
"Journal of Corporate Real Estate","J CORP REAL ESTATE","EMERALD GROUP PUBLISHING LTD","1463-001X","1479-1048","MANAGEMENT","ESCI","497","1","Q4","0.46","30.77"%,
"IIMB Management Review","IIMB MANAG REV","ELSEVIER","0970-3896","2212-4446","MANAGEMENT","ESCI","668","1","Q4","0.32","96.43"%,
"Decision","DECISION-INDIA","SPRINGER","0304-0941","2197-1722","MANAGEMENT","ESCI","320","1","Q4","0.3","26.14"%,
"Foresight and STI Governance","FORESIGHT STI GOV","NATL RESEARCH UNIV HIGHER SCH ECONOMICS","1995-459X","2500-2597","MANAGEMENT","ESCI","332","1","Q4","0.3","86.36"%,
"LogForum","LOGFORUM","POZNAN SCH LOGISTICS","1895-2038","1734-459X","MANAGEMENT","ESCI","402","1","Q4","0.3","89.43"%,
"Philosophy of Management","PHILOS MANAG","SPRINGER INT PUBL AG","1740-3812","2052-9597","MANAGEMENT","ESCI","259","1","Q4","0.3","30.67"%,
"TRANSPORTATION JOURNAL","TRANSPORT J","WILEY","0041-1612","2157-328X","MANAGEMENT","SSCI","513","1","Q4","0.27","8.77"%,
"International Journal of Information Systems and Supply Chain Management","INT J INF SYST SUPPL","IGI GLOBAL","1935-5726","1935-5734","MANAGEMENT","ESCI","177","1","Q4","0.26","94.57"%,
"Journal of Organizational Ethnography","J ORGAN ETHNOGR","EMERALD GROUP PUBLISHING LTD","2046-6749","2046-6757","MANAGEMENT","ESCI","304","1","Q4","0.25","16.39"%,
"International Journal of Organizational Leadership","INT J ORGAN LEADERSH","CANADIAN INST KNOWLEDGE DEVELOPMENT - CIKD","2383-1103","2345-6744","MANAGEMENT","ESCI","329","1","Q4","0.23","84.13"%,
"Serbian Journal of Management","SERB J MANAG","UNIV BELGRADE, TECHNICAL FACULTY AT BOR","1452-4864","1452-4864","MANAGEMENT","ESCI","274","1","Q4","0.22","98.8"%,
"European Journal of International Management","EUR J INT MANAG","INDERSCIENCE ENTERPRISES LTD","1751-6757","1751-6765","MANAGEMENT","SSCI","922","0.9","Q4","0.3","3.74"%,
"CANADIAN JOURNAL OF ADMINISTRATIVE SCIENCES-REVUE CANADIENNE DES SCIENCES DE L ADMINISTRATION","CAN J ADM SCI","WILEY","0825-0383","1936-4490","MANAGEMENT","SSCI","1,101","0.9","Q4","0.23","14.89"%,
"Acta Logistica","ACTA LOGISTICA","4S go, s.r.o","N/A","1339-5629","MANAGEMENT","ESCI","178","0.9","Q4","0.2","98.05"%,
"South East Asian Journal of Management","S E ASIAN J MANAGE","UNIV INDONESIA","1978-1989","2355-6641","MANAGEMENT","ESCI","117","0.9","Q4","0.2","94.44"%,
"International Journal of Management Studies","INT J MANAG STUD","UNIV UTARA MALAYSIA PRESS","2232-1608","2180-2467","MANAGEMENT","ESCI","212","0.9","Q4","0.15","92.59"%,
"World Journal of Entrepreneurship Management and Sustainable Development","WORLD J ENTREP MANAG","WORLD ASSOC SUSTAINABLE DEVELOPMENT","2042-5961","2042-597X","MANAGEMENT","ESCI","570","0.8","Q4","0.34","0"%,
"International Journal of Entrepreneurial Venturing","INT J ENTREP VENTUR","INDERSCIENCE ENTERPRISES LTD","1742-5360","1742-5379","MANAGEMENT","ESCI","421","0.8","Q4","0.22","0"%,
"Iranian Journal of Management Studies","IRAN J MANAG STUD","UNIV TEHRAN","2008-7055","2345-3745","MANAGEMENT","ESCI","305","0.8","Q4","0.22","0"%,
"Asian Academy of Management Journal","ASIAN ACAD MANAG J","PENERBIT UNIV SAINS MALAYSIA","1394-2603","1985-8280","MANAGEMENT","ESCI","324","0.8","Q4","0.17","97.1"%,
"RBGN-Revista Brasileira de Gestao de Negocios","RBGN-REV BRAS GEST N","FUND ESCOLA COMERCIO ALVARES PENTEADO-FECAP","1806-4892","1983-0807","MANAGEMENT","SSCI","422","0.8","Q4","0.16","100"%,
"International Journal of Business Performance Management","INT J BUS PERFORM MA","INDERSCIENCE ENTERPRISES LTD","1368-4892","1741-5039","MANAGEMENT","ESCI","242","0.8","Q4","0.14","2.17"%,
"Latin American Business Review","LAT AM BUS REV","TAYLOR & FRANCIS LTD","1097-8526","1528-6932","MANAGEMENT","ESCI","169","0.7","Q4","0.3","0"%,
"REVIEW OF INDUSTRIAL ORGANIZATION","REV IND ORGAN","SPRINGER","0889-938X","1573-7160","MANAGEMENT","SSCI","1,198","0.7","Q4","0.24","36.3"%,
"European Management Studies","EUR MANAGE STUD","UNIV WARSAW, FAC MANAGEMENT","N/A","2956-7602","MANAGEMENT","ESCI","16","0.7","Q4","0.18","100"%,
"Irish Journal of Management","IR J MANAG","SCIENDO","1649-248X","2451-2834","MANAGEMENT","ESCI","118","0.7","Q4","0.18","73.08"%,
"International Journal of Entrepreneurship & Small Business","INT J ENTREP SMALL B","INDERSCIENCE ENTERPRISES LTD","1476-1297","1741-8054","MANAGEMENT","ESCI","1,431","0.7","Q4","0.16","2.24"%,
"International Journal of Arts Management","INT J ARTS MANAG","ECOLE DES HAUTES ETUDES COMMERCIALES DE MONTREAL","1480-8986","1480-8986","MANAGEMENT","SSCI","313","0.6","Q4","0.55","0"%,
"NEGOTIATION JOURNAL","NEGOTIATION J","MIT PRESS","0748-4526","1571-9979","MANAGEMENT","SSCI","398","0.6","Q4","0.28","51.06"%,
"Middle East Journal of Management","MIDDLE EAST J MANAG","INDERSCIENCE ENTERPRISES LTD","2050-3636","2050-3644","MANAGEMENT","ESCI","164","0.6","Q4","0.21","0"%,
"ACCESS-Access to science business innovation in the digital economy","ACCESS-ACCESS SCI BU","Access Press Publishing House","N/A","2683-1007","MANAGEMENT","ESCI","80","0.6","Q4","0.2","90.8"%,
"Indian Economic Review","INDIAN ECON REV","SPRINGERNATURE","0019-4670","2520-1778","MANAGEMENT","ESCI","239","0.6","Q4","0.17","10.75"%,
"Management Research and Practice","MANAG RES PRACT","RESEARCH CENTER PUBLIC ADM & PUBLIC SERVICE","2067-2462","2067-2462","MANAGEMENT","ESCI","143","0.6","Q4","0.17","0"%,
"Negotiation and Conflict Management Research","NEGOT CONFL MANAG R","IACM-NCMR-INT ASSOC CONFLICT MANAGEMENT","1750-4708","1750-4716","MANAGEMENT","SSCI","371","0.6","Q4","0.17","0"%,
"International Journal of Innovation and Learning","INT J INNOV LEARN","INDERSCIENCE ENTERPRISES LTD","1471-8197","1741-8089","MANAGEMENT","ESCI","343","0.6","Q4","0.16","0.69"%,
"International Journal of Value Chain Management","INT J VALUE CHAIN MA","INDERSCIENCE ENTERPRISES LTD","1741-5357","1741-5365","MANAGEMENT","ESCI","144","0.6","Q4","0.15","0"%,
"Journal of Leadership Studies","J LEADERSH STUD","WILEY","1935-2611","1935-262X","MANAGEMENT","ESCI","576","0.6","Q4","0.15","43.18"%,
"Acta Structilia","ACTA STRUCTILIA","UNIV FREE STATE, DEPT QUANTITY SURVEYING & CONSTRUCTION MANAGEMENT","1023-0564","2415-0487","MANAGEMENT","ESCI","137","0.6","Q4","0.14","97.56"%,
"Journal of East European Management Studies","J E EUR MANAG STUD","NOMOS VERLAGSGESELLSCHAFT MBH & CO KG","0949-6181","1862-0019","MANAGEMENT","SSCI","280","0.6","Q4","0.13","3.57"%,
"International Journal of Emergency Management","INT J EMERG MANAG","INDERSCIENCE ENTERPRISES LTD","1471-4825","1741-5071","MANAGEMENT","ESCI","259","0.6","Q4","0.11","0"%,
"RAE-Revista de Administracao de Empresas","RAE-REV ADMIN EMPRES","FUNDACAO GETULIO VARGAS","0034-7590","2178-938X","MANAGEMENT","SSCI","616","0.6","Q4","0.1","91.14"%,
"Management-Journal of Contemporary Management Issues","MANAG-J CONTEMP MANA","UNIV SPLIT, FAC ECONOMICS","1331-0194","1846-3363","MANAGEMENT","ESCI","289","0.5","Q4","0.14","97.85"%,
"Foundations of Management","FOUND MANAGE","SCIENDO","2080-7279","2300-5661","MANAGEMENT","ESCI","164","0.5","Q4","0.11","100"%,
"International Journal of Applied Management Science","INT J APPL MANAG SCI","INDERSCIENCE ENTERPRISES LTD","1755-8913","1755-8921","MANAGEMENT","ESCI","99","0.5","Q4","0.1","0"%,
"NMIMS Management Review","NMIMS MANAG REV","SAGE PUBLICATIONS INC","0971-1023","0971-1023","MANAGEMENT","ESCI","59","0.5","Q4","0.07","50"%,
"Rossiiskii Zhurnal Menedzhmenta-Russian Management Journal","ROSS ZH MENEDZH","ST PETERSBURG UNIV PRESS","1729-7427","2618-6977","MANAGEMENT","ESCI","88","0.5","Q4","0.07","87.01"%,
"Journal of Organisational Studies and Innovation","J ORGAN STUD INNOV","MANAGEMENT & BUSINESS ACAD","2056-9122","2056-9130","MANAGEMENT","ESCI","30","0.5","Q4","0.06","0"%,
"Management-Poland","MANAGE-POL","UNIV ZIELONA GORA PRESS","1429-9321","2299-193X","MANAGEMENT","ESCI","194","0.4","Q4","0.13","90.54"%,
"Direccion y Organizacion","DIR ORGAN","UNIV POLITECNICA MADRID-CEPADE","1132-175X","2171-6323","MANAGEMENT","ESCI","95","0.4","Q4","0.12","95.16"%,
"Upravlenets-The Manager","UPRAVLENETS","URAL STATE UNIV ECONOMICS","2218-5003","2218-5003","MANAGEMENT","ESCI","70","0.4","Q4","0.12","73.91"%,
"Journal of Distribution Science","J DISTRIB SCI","KODISA Foundation","1738-3110","2093-7717","MANAGEMENT","ESCI","373","0.4","Q4","0.09","0"%,
"Problemy Zarzadzania-Management Issues","PROBL ZARZ","UNIV WARSAW, FAC MANAGEMENT","1644-9584","2300-8792","MANAGEMENT","ESCI","124","0.4","Q4","0.06","97.22"%,
"Indonesian Journal of Sustainability Accounting and Management","INDONES J SUSTAIN AC","UNIV PASUNDAN","2597-6214","2597-6222","MANAGEMENT","ESCI","119","0.3","Q4","0.23","100"%,
"International Journal of Information Technology Project Management","INT J INF TECHNOL PR","IGI GLOBAL","1938-0232","1938-0240","MANAGEMENT","ESCI","101","0.3","Q4","0.11","23.4"%,
"SMART-Journal of Business Management Studies","SMART-J BUS MANAG ST","SCIENTIFIC MANAGEMENT & ADVANCED RESEARCH TRUST","0973-1598","2321-2012","MANAGEMENT","ESCI","34","0.3","Q4","0.1","16"%,
"Revista Gestao & Tecnologia-Journal of Management and Technology","REV GEST TECNOL","FUNDACAO PEDRO LEOPOLDO","1677-9479","2177-6652","MANAGEMENT","ESCI","125","0.3","Q4","0.09","7.35"%,
"International Journal of Services Technology and Management","INT J SERV TECHNOL M","INDERSCIENCE ENTERPRISES LTD","1460-6720","1741-525X","MANAGEMENT","ESCI","188","0.3","Q4","0.06","2.56"%,
"RISUS-Journal on Innovation and Sustainability","RISUS","PONTIFICIA UNIV CATOLICA SAO PAULO-PUC-SP","2179-3565","2179-3565","MANAGEMENT","ESCI","118","0.3","Q4","0.05","79.45"%,
"Contabilidade Gestao e Governanca","CONTAB GEST GOV","UNIV BRASILIA, BUS ADM DEPT","1984-3925","1984-3925","MANAGEMENT","ESCI","60","0.3","Q4","0.03","97.92"%,
"Revista Gestion de las Personas y Tecnologia","REV GEST PERSONAS TE","UNIV SANTIAGO CHILE, FAC TECNOLOGICA","0718-5693","0718-5693","MANAGEMENT","ESCI","23","0.3","Q4","0.03","71.74"%,
"Academy Review","ACAD REV","ALFRED NOBEL UNIV","2074-5354","2522-9745","MANAGEMENT","ESCI","46","0.2","Q4","0.06","100"%,
"Revista Gestao Organizacional","REV GEST ORGAN","UNIV COMUNITARIA REGIONAL CHAPECO-UNOCHAPECO","1983-6635","1983-6635","MANAGEMENT","ESCI","52","0.2","Q4","0.05","97.8"%,
"Asian Journal of Management Cases","ASIAN J MANAG CASES","SAGE PUBLICATIONS INDIA PVT LTD","0972-8201","0973-0621","MANAGEMENT","ESCI","39","0.2","Q4","0.03","0"%,
"NTU Management Review","NTU MANAG REV","NATL TAIWAN UNIV, COLL MANAGEMENT","1018-1601","2410-2490","MANAGEMENT","ESCI","61","0.2","Q4","0.03","0"%,
"BETRIEBSWIRTSCHAFTLICHE FORSCHUNG UND PRAXIS","BETRIEB FORSCH PRAX","VERLAG NEUE WIRTSCHAFTS-BRIEFE","0340-5370","0340-5370","MANAGEMENT","SSCI","167","0.2","Q4","0.01","0"%,
"Cuadernos de Administracion-Universidad del Valle","CUAD ADM-U VALLE","UNIV VALLE","0120-4645","2256-5078","MANAGEMENT","ESCI","63","0.1","Q4","0.04","98.53"%,
"Administracao-Ensino e Pesquisa","ADMINISTRACAO","ASSOC NAC CURSOS GRADUACAO & ADMINISTRACAO","2177-6083","2358-0917","MANAGEMENT","ESCI","86","0.1","Q4","0.03","93.55"%,
"JIMS8M-The Journal of Indian Management & Strategy","JIMS8M-J INDIAN MANA","JAGANNATH INT MANAGEMENT SCH","0973-9335","0973-9343","MANAGEMENT","ESCI","26","0.1","Q4","0.02","10.71"%,
"Revista Ciencias Administrativas","REV CIENC ADM","RUSSIAN SOC HISTORIANS & ARCHIVISTS","1414-0896","2318-0722","MANAGEMENT","ESCI","46","0.1","Q4","0.02","85.87"%,
"Sistemas & Gestao","SIST GEST","UNIV FEDERAL FLUMINENSE, ESCOLA ENGENHARIA, DEPT ENGENHARIA PRODUCAO","1980-5160","1980-5160","MANAGEMENT","ESCI","44","0.1","Q4","0.02","78"%,
"Teoria e Pratica em Administracao-TPA","TEOR PRAT ADM-TPA","UNIV FEDERAL PARAIBA","2238-104X","2238-104X","MANAGEMENT","ESCI","31","0.1","Q4","0.02","46.88"%,
"Gecontec-Revista Internacional de Gestion del Conocimiento y la Tecnologia","GECONTEC","UNESCO Chair Information Management Organizations","2255-5684","2255-5684","MANAGEMENT","ESCI","21","0.1","Q4","0.01","0"%,
"Vision Gerencial","VIS GERENC","UNIV LOS ANDES, CENTRO INVESTIGACIONES & DESARROLLO EMPRESAR","2477-9547","1317-8822","MANAGEMENT","ESCI","26","0.1","Q4","0","32.94"%,
"Dalhousie Journal of Interdisciplinary Management","DALHOUS J INTERDISCI","DALHOUSIE UNIV, FAC MANAGEMENT","N/A","1923-6530","MANAGEMENT","ESCI","34","<0.1","Q4","0.01","18.18"%,
"Navus-Revista de Gestao e Tecnologia","NAVUS-REV GEST TECNO","CENTRO UNIV SENAC","2237-4558","2237-4558","MANAGEMENT","ESCI","57","<0.1","Q4","0.01","92.41"%,
"Revista Administracao em Dialogo","REV ADM DIALOGO","PONTIFICIA UNIV CATOLICA SAO PAULO-PUC-SP","2178-0080","2178-0080","MANAGEMENT","ESCI","19","<0.1","Q4","0.01","88.68"%,
"Revista Eletronica de Estrategia e Negocios-REEN","REV ELETRONICA ESTRA","UNIV SUL SANTA CATARINA-UNISUL","1984-3372","1984-3372","MANAGEMENT","ESCI","41","<0.1","Q4","0.01","16.67"%,
"Revista ENIAC Pesquisa","REV ENIAC PESQ","FAC ENIAC","2316-2341","2316-2341","MANAGEMENT","ESCI","6","<0.1","Q4","0.01","71.43"%,
"Annals in Social Responsibility","ANN SOC RESPONSI","EMERALD GROUP PUBLISHING LTD","2056-3515","2056-3523","MANAGEMENT","ESCI","15","<0.1","Q4","0","0"%,
"Revista CICAG","REV CICAG","UNIV DR RAFAEL BELLOSO CHACIN","1856-6189","1856-6189","MANAGEMENT","ESCI","2","<0.1","Q4","0","2.78"%,
"Brazilian Administration Review","BRAZ ADM REV","ANPAD-ASSOC NACL POS-GRADUACAO & PESQUISA ADM","1807-7692","1807-7692","MANAGEMENT","ESCI","0","N/A","N/A","0.13","N/A",
"Interdisciplinary Journal of Management Studies","INTERD J MANAGE STUD","UNIV TEHRAN","N/A","2981-0795","MANAGEMENT","ESCI","14","N/A","N/A","N/A","0"%,

Copyright (c) 2026 Clarivate 
By exporting the selected data; you agree to the data usage policy set forth in the Terms of Use 
