"Journal Data Filtered By:  Selected Categories: ECONOMICS Selected Editions: SCIE;SSCI;AHCI;ESCI Selected JCR Year: 2024 Selected Category Schema: WOS Selected Open Access: N Indicator: Default"

Journal name,JCR Abbreviation,Publisher,ISSN,eISSN,Category,Edition,Total Citations,2024 JIF,JIF Quartile,2024 JCI,% of Citable OA
"Energy Economics","ENERG ECON","ELSEVIER","0140-9883","1873-6181","ECONOMICS","SSCI","53,243","14.2","Q1","4.59","22.01"%,
"QUARTERLY JOURNAL OF ECONOMICS","Q J ECON","OXFORD UNIV PRESS INC","0033-5533","1531-4650","ECONOMICS","SSCI","40,723","12.7","Q1","4.5","19.86"%,
"JOURNAL OF FINANCIAL ECONOMICS","J FINANC ECON","ELSEVIER SCIENCE SA","0304-405X","N/A","ECONOMICS","SSCI","54,554","12","Q1","3.18","20.45"%,
"AMERICAN ECONOMIC REVIEW","AM ECON REV","AMER ECONOMIC ASSOC","0002-8282","1944-7981","ECONOMICS","SSCI","74,985","11.6","Q1","3.28","1.25"%,
"Annual Review of Economics","ANNU REV ECON","ANNUAL REVIEWS","1941-1383","1941-1391","ECONOMICS","SSCI","4,469","11.4","Q1","2.26","63.1"%,
"Oeconomia Copernicana","OECON COPERNIC","INST BADAN GOSPODARCZYCH","2083-1277","2353-1827","ECONOMICS","SSCI","1,237","10.8","Q1","2.98","99.09"%,
"NBER Macroeconomics Annual","NBER MACROECON ANNU","UNIV CHICAGO PRESS","0889-3365","1537-2642","ECONOMICS","SSCI","876","10.7","Q1","2.54","0"%,
"JOURNAL OF ECONOMIC LITERATURE","J ECON LIT","AMER ECONOMIC ASSOC","0022-0515","2328-8175","ECONOMICS","SSCI","12,794","10.6","Q1","3.52","0"%,
"JOURNAL OF FINANCE","J FINANC","WILEY","0022-1082","1540-6261","ECONOMICS","SSCI","50,071","9.5","Q1","2.72","17.23"%,
"Energy Policy","ENERG POLICY","ELSEVIER SCI LTD","0301-4215","1873-6777","ECONOMICS","SSCI","68,208","9.2","Q1","2.09","33.62"%,
"ECONOMIC GEOGRAPHY","ECON GEOGR","TAYLOR & FRANCIS LTD","0013-0095","1944-8287","ECONOMICS","SSCI","4,944","8.9","Q1","2.06","39.62"%,
"JOURNAL OF ECONOMIC PERSPECTIVES","J ECON PERSPECT","AMER ECONOMIC ASSOC","0895-3309","1944-7965","ECONOMICS","SSCI","20,002","8.8","Q1","2.48","87.2"%,
"TRANSPORTATION RESEARCH PART E-LOGISTICS AND TRANSPORTATION REVIEW","TRANSPORT RES E-LOG","PERGAMON-ELSEVIER SCIENCE LTD","1366-5545","1878-5794","ECONOMICS","SSCI","20,266","8.8","Q1","2.03","12.9"%,
"Economic Analysis and Policy","ECON ANAL POLICY","ELSEVIER","0313-5926","0313-5926","ECONOMICS","SSCI","8,852","8.7","Q1","2.96","12.72"%,
"Review of Finance","REV FINANC","OXFORD UNIV PRESS","1572-3097","1573-692X","ECONOMICS","SSCI","4,778","8.4","Q1","2.04","22.15"%,
"Annual Review of Resource Economics","ANNU REV RESOUR ECON","ANNUAL REVIEWS","1941-1340","1941-1359","ECONOMICS","SSCI","2,316","8.4","Q1","1.3","56.16"%,
"ECONOMETRICA","ECONOMETRICA","WILEY","0012-9682","1468-0262","ECONOMICS","SSCI","43,246","7.1","Q1","2.75","12.5"%,
"INTERNATIONAL JOURNAL OF FORECASTING","INT J FORECASTING","ELSEVIER","0169-2070","1872-8200","ECONOMICS","SSCI","9,948","7.1","Q1","2.18","35.69"%,
"Borsa Istanbul Review","BORSA ISTANB REV","ELSEVIER","2214-8450","2214-8469","ECONOMICS","SSCI","2,947","7.1","Q1","2.15","100"%,
"Econometrics Journal","ECONOMET J","OXFORD UNIV PRESS","1368-4221","1368-423X","ECONOMICS","SSCI","2,274","7","Q1","1.44","18.18"%,
"Asian Economic Policy Review","ASIAN ECON POLICY R","WILEY","1832-8105","1748-3131","ECONOMICS","SSCI","605","7","Q1","1.41","25.71"%,
"REVIEW OF ECONOMICS AND STATISTICS","REV ECON STAT","MIT PRESS","0034-6535","1530-9142","ECONOMICS","SSCI","21,497","6.8","Q1","2.42","11.29"%,
"JOURNAL OF ACCOUNTING & ECONOMICS","J ACCOUNT ECON","ELSEVIER","0165-4101","1879-1980","ECONOMICS","SSCI","16,521","6.8","Q1","1.87","15.07"%,
"TRANSPORTATION RESEARCH PART A-POLICY AND PRACTICE","TRANSPORT RES A-POL","PERGAMON-ELSEVIER SCIENCE LTD","0965-8564","1879-2375","ECONOMICS","SSCI","24,017","6.8","Q1","1.69","35.37"%,
"American Economic Review-Insights","AM ECON REV INSIGHTS","AMER ECONOMIC ASSOC","2640-205X","2640-2068","ECONOMICS","SSCI","1,400","6.7","Q1","2.18","0"%,
"Review of Environmental Economics and Policy","REV ENV ECON POLICY","UNIV CHICAGO PRESS","1750-6816","1750-6824","ECONOMICS","SSCI","2,428","6.6","Q1","1.89","3.51"%,
"REVIEW OF ECONOMIC STUDIES","REV ECON STUD","OXFORD UNIV PRESS","0034-6527","1467-937X","ECONOMICS","SSCI","20,521","6.4","Q1","1.93","20.57"%,
"European Research on Management and Business Economics","EUR RES MANAG BUS EC","ELSEVIER SCI LTD","2444-8834","2444-8842","ECONOMICS","SSCI","1,212","6.4","Q1","1.71","98.81"%,
"ECONOMIC POLICY","ECON POLICY","OXFORD UNIV PRESS","0266-4658","1468-0327","ECONOMICS","SSCI","2,055","6.4","Q1","1.68","35.48"%,
"JOURNAL OF POLITICAL ECONOMY","J POLIT ECON","UNIV CHICAGO PRESS","0022-3808","1537-534X","ECONOMICS","SSCI","32,443","6.3","Q1","2.08","4.08"%,
"Journal of Transport Geography","J TRANSP GEOGR","ELSEVIER SCI LTD","0966-6923","1873-1236","ECONOMICS","SSCI","16,756","6.3","Q1","1.88","31.87"%,
"ECOLOGICAL ECONOMICS","ECOL ECON","ELSEVIER","0921-8009","1873-6106","ECONOMICS","SSCI","35,499","6.3","Q1","1.57","45.45"%,
"TRANSPORTATION RESEARCH PART B-METHODOLOGICAL","TRANSPORT RES B-METH","PERGAMON-ELSEVIER SCIENCE LTD","0191-2615","1879-2367","ECONOMICS","SSCI","19,133","6.3","Q1","1.44","21.93"%,
"American Economic Journal-Applied Economics","AM ECON J-APPL ECON","AMER ECONOMIC ASSOC","1945-7782","1945-7790","ECONOMICS","SSCI","6,816","6.2","Q1","1.94","1.13"%,
"Equilibrium-Quarterly Journal of Economics and Economic Policy","EQUILIBRIUM","INST ECONOMIC RESEARCH-POLAND","1689-765X","2353-3293","ECONOMICS","ESCI","779","6.2","Q1","1.77","96.26"%,
"Journal of International Financial Markets Institutions & Money","J INT FINANC MARK I","ELSEVIER","1042-4431","1873-0612","ECONOMICS","SSCI","5,789","6.1","Q1","1.7","28.81"%,
"JOURNAL OF HUMAN RESOURCES","J HUM RESOUR","UNIV WISCONSIN PRESS","0022-166X","1548-8004","ECONOMICS","SSCI","6,561","6","Q1","2.39","27.72"%,
"FOOD POLICY","FOOD POLICY","ELSEVIER SCI LTD","0306-9192","1873-5657","ECONOMICS","SSCI","10,970","6","Q1","1.9","46.67"%,
"VALUE IN HEALTH","VALUE HEALTH","ELSEVIER SCIENCE INC","1098-3015","1524-4733","ECONOMICS","SSCI","14,950","6","Q1","1.5","37.59"%,
"JOURNAL OF ENVIRONMENTAL ECONOMICS AND MANAGEMENT","J ENVIRON ECON MANAG","ACADEMIC PRESS INC ELSEVIER SCIENCE","0095-0696","1096-0449","ECONOMICS","SSCI","12,038","5.9","Q1","1.45","38.79"%,
"American Economic Journal-Macroeconomics","AM ECON J-MACROECON","AMER ECONOMIC ASSOC","1945-7707","1945-7715","ECONOMICS","SSCI","4,410","5.7","Q1","2.21","0.63"%,
"International Review of Economics & Finance","INT REV ECON FINANC","ELSEVIER","1059-0560","1873-8036","ECONOMICS","SSCI","10,982","5.6","Q1","1.72","11.23"%,
"Structural Change and Economic Dynamics","STRUCT CHANGE ECON D","ELSEVIER","0954-349X","1873-6017","ECONOMICS","SSCI","5,278","5.5","Q1","1.78","23.2"%,
"CHINA ECONOMIC REVIEW","CHINA ECON REV","ELSEVIER SCIENCE INC","1043-951X","1873-7781","ECONOMICS","SSCI","9,158","5.5","Q1","1.75","4.3"%,
"REVIEW OF FINANCIAL STUDIES","REV FINANC STUD","OXFORD UNIV PRESS INC","0893-9454","1465-7368","ECONOMICS","SSCI","29,654","5.4","Q1","2.05","16.37"%,
"SOCIO-ECONOMIC PLANNING SCIENCES","SOCIO-ECON PLAN SCI","ELSEVIER SCIENCE INC","0038-0121","1873-6041","ECONOMICS","SSCI","6,421","5.4","Q1","1.69","24.24"%,
"American Economic Journal-Economic Policy","AM ECON J-ECON POLIC","AMER ECONOMIC ASSOC","1945-7731","1945-774X","ECONOMICS","SSCI","5,588","5.3","Q1","1.75","1.04"%,
"Transport Policy","TRANSPORT POLICY","ELSEVIER SCI LTD","0967-070X","1879-310X","ECONOMICS","SSCI","13,783","5.3","Q1","1.71","27.57"%,
"Annual Review of Financial Economics","ANNU REV FINANC ECON","ANNUAL REVIEWS","1941-1367","1941-1375","ECONOMICS","SSCI","1,746","5.2","Q1","0.95","56.58"%,
"JOURNAL OF ECONOMIC SURVEYS","J ECON SURV","WILEY","0950-0804","1467-6419","ECONOMICS","SSCI","5,920","5","Q1","1.67","44.15"%,
"JOURNAL OF LABOR ECONOMICS","J LABOR ECON","UNIV CHICAGO PRESS","0734-306X","1537-5307","ECONOMICS","SSCI","6,076","5","Q1","1.51","3.28"%,
"JOURNAL OF URBAN ECONOMICS","J URBAN ECON","ACADEMIC PRESS INC ELSEVIER SCIENCE","0094-1190","1095-9068","ECONOMICS","SSCI","7,274","4.8","Q1","1.79","30.06"%,
"WORLD DEVELOPMENT","WORLD DEV","PERGAMON-ELSEVIER SCIENCE LTD","0305-750X","1873-5991","ECONOMICS","SSCI","31,381","4.8","Q1","1.74","44.37"%,
"SMALL BUSINESS ECONOMICS","SMALL BUS ECON","SPRINGER","0921-898X","1573-0913","ECONOMICS","SSCI","14,548","4.8","Q1","1.37","58.16"%,
"ECONOMIC MODELLING","ECON MODEL","ELSEVIER","0264-9993","1873-6122","ECONOMICS","SSCI","15,660","4.7","Q1","1.54","19.73"%,
"Cambridge Journal of Regions Economy and Society","CAMB J REG ECON SOC","OXFORD UNIV PRESS","1752-1378","1752-1386","ECONOMICS","SSCI","2,627","4.7","Q1","1.35","45.87"%,
"Journal of Behavioral and Experimental Finance","J BEHAV EXP FINANC","ELSEVIER","2214-6350","2214-6369","ECONOMICS","SSCI","3,296","4.7","Q1","1.22","33.62"%,
"NEW POLITICAL ECONOMY","NEW POLIT ECON","ROUTLEDGE JOURNALS, TAYLOR & FRANCIS LTD","1356-3467","1469-9923","ECONOMICS","SSCI","3,257","4.6","Q1","1.72","56.49"%,
"China Agricultural Economic Review","CHINA AGR ECON REV","EMERALD GROUP PUBLISHING LTD","1756-137X","1756-1388","ECONOMICS","SSCI","1,905","4.6","Q1","1.67","3.08"%,
"Emerging Markets Review","EMERG MARK REV","ELSEVIER","1566-0141","1873-6173","ECONOMICS","SSCI","3,273","4.6","Q1","1.67","12.09"%,
"JOURNAL OF DEVELOPMENT ECONOMICS","J DEV ECON","ELSEVIER","0304-3878","1872-6089","ECONOMICS","SSCI","15,605","4.6","Q1","1.49","32.95"%,
"PHARMACOECONOMICS","PHARMACOECONOMICS","ADIS INT LTD","1170-7690","1179-2027","ECONOMICS","SSCI","7,336","4.6","Q1","1.32","63.92"%,
"Agricultural and Food Economics","AGR FOOD ECON","SPRINGERNATURE","N/A","2193-7532","ECONOMICS","SSCI","1,132","4.5","Q1","1.55","100"%,
"Journal of Commodity Markets","J COMMOD MARK","ELSEVIER","2405-8513","2405-8505","ECONOMICS","SSCI","943","4.5","Q1","1.35","29.03"%,
"Journal of Economics and Development","J ECON DEV-VIETNAM","EMERALD GROUP PUBLISHING LTD","1859-0020","2632-5330","ECONOMICS","ESCI","494","4.3","Q1","1.54","100"%,
"Economic Change and Restructuring","ECON CHANG RESTRUCT","SPRINGER","1573-9414","1574-0277","ECONOMICS","SSCI","1,870","4.3","Q1","1.48","9.64"%,
"ECONOMY AND SOCIETY","ECON SOC","ROUTLEDGE JOURNALS, TAYLOR & FRANCIS LTD","0308-5147","1469-5766","ECONOMICS","SSCI","3,221","4.3","Q1","1.36","50.6"%,
"Journal of Financial Stability","J FINANC STABIL","ELSEVIER SCIENCE INC","1572-3089","1878-0962","ECONOMICS","SSCI","4,488","4.2","Q1","1.59","17.95"%,
"JOURNAL OF AGRICULTURAL ECONOMICS","J AGR ECON","WILEY","0021-857X","1477-9552","ECONOMICS","SSCI","2,985","4.2","Q1","1.29","57.89"%,
"REGIONAL STUDIES","REG STUD","ROUTLEDGE JOURNALS, TAYLOR & FRANCIS LTD","0034-3404","1360-0591","ECONOMICS","SSCI","11,305","4.2","Q1","1.12","29.37"%,
"Industry and Innovation","IND INNOV","ROUTLEDGE JOURNALS, TAYLOR & FRANCIS LTD","1366-2716","1469-8390","ECONOMICS","SSCI","2,568","4.2","Q1","1.03","29.8"%,
"JOURNAL OF MONETARY ECONOMICS","J MONETARY ECON","ELSEVIER","0304-3932","1873-1295","ECONOMICS","SSCI","11,043","4.1","Q1","1.25","25.54"%,
"Journal of Econometrics","J ECONOMETRICS","ELSEVIER SCIENCE SA","0304-4076","1872-6895","ECONOMICS","SSCI","30,272","4","Q1","2.5","21.42"%,
"Review of International Organizations","REV INT ORGAN","SPRINGER","1559-7431","1559-744X","ECONOMICS","SSCI","2,053","4","Q1","1.62","67.68"%,
"JOURNAL OF INTERNATIONAL ECONOMICS","J INT ECON","ELSEVIER","0022-1996","1873-0353","ECONOMICS","SSCI","11,240","4","Q1","1.18","22.61"%,
"AGRICULTURAL ECONOMICS","AGR ECON-BLACKWELL","WILEY","0169-5150","1574-0862","ECONOMICS","SSCI","5,306","4","Q1","1.05","42.77"%,
"Technological and Economic Development of Economy","TECHNOL ECON DEV ECO","VILNIUS GEDIMINAS TECH UNIV","2029-4913","2029-4921","ECONOMICS","SSCI","2,453","3.9","Q1","1.49","100"%,
"North American Journal of Economics and Finance","N AM J ECON FINANC","ELSEVIER SCIENCE INC","1062-9408","1879-0860","ECONOMICS","SSCI","4,765","3.9","Q1","1.22","10.26"%,
"Journal of Finance and Data Science","J FINANCE DATA SCI","KEAI PUBLISHING LTD","N/A","2405-9188","ECONOMICS","ESCI","642","3.9","Q1","0.83","100"%,
"WORK EMPLOYMENT AND SOCIETY","WORK EMPLOY SOC","SAGE PUBLICATIONS LTD","0950-0170","1469-8722","ECONOMICS","SSCI","4,823","3.8","Q1","1.22","59.32"%,
"Forest Policy and Economics","FOREST POLICY ECON","ELSEVIER","1389-9341","1872-7050","ECONOMICS","SSCI","7,125","3.8","Q1","1.17","37.24"%,
"JOURNAL OF BANKING & FINANCE","J BANK FINANC","ELSEVIER","0378-4266","1872-6372","ECONOMICS","SSCI","23,919","3.8","Q1","1.15","22.91"%,
"Futures","FUTURES","ELSEVIER SCI LTD","0016-3287","1873-6378","ECONOMICS","SSCI","6,568","3.8","Q1","0.84","55.73"%,
"Journal of Management Science and Engineering","J MANAGE SCI ENG","KEAI PUBLISHING LTD","2096-2320","2589-5532","ECONOMICS","ESCI","680","3.7","Q1","1.25","96.97"%,
"Research in Globalization","RES GLOB","ELSEVIER","N/A","2590-051X","ECONOMICS","ESCI","760","3.7","Q1","1.24","98.91"%,
"European Journal of Management and Business Economics","EUR J MANAG BUS ECON","EMERALD GROUP PUBLISHING LTD","2444-8451","2444-8494","ECONOMICS","ESCI","861","3.7","Q1","1.16","100"%,
"Journal of Chinese Economic and Business Studies","J CHIN ECON BUS STUD","ROUTLEDGE JOURNALS, TAYLOR & FRANCIS LTD","1476-5284","1476-5292","ECONOMICS","ESCI","563","3.7","Q1","0.93","12.86"%,
"Annals of Financial Economics","ANN FINANC ECON","WORLD SCIENTIFIC PUBL CO PTE LTD","2010-4952","2010-4960","ECONOMICS","ESCI","322","3.6","Q1","1.28","0"%,
"JOURNAL OF HEALTH ECONOMICS","J HEALTH ECON","ELSEVIER","0167-6296","1879-1646","ECONOMICS","SSCI","8,558","3.6","Q1","1.27","36.84"%,
"China & World Economy","CHINA WORLD ECON","WILEY","1671-2234","1749-124X","ECONOMICS","SSCI","1,499","3.6","Q1","1.2","9.52"%,
"ECONOMIC JOURNAL","ECON J","OXFORD UNIV PRESS","0013-0133","1468-0297","ECONOMICS","SSCI","16,013","3.6","Q1","1.11","27.3"%,
"Journal of Asian Business and Economic Studies","J ASIAN BUS ECON ST","EMERALD GROUP PUBLISHING LTD","N/A","2515-964X","ECONOMICS","ESCI","348","3.6","Q1","1.09","96.88"%,
"REVIEW OF INTERNATIONAL POLITICAL ECONOMY","REV INT POLIT ECON","ROUTLEDGE JOURNALS, TAYLOR & FRANCIS LTD","0969-2290","1466-4526","ECONOMICS","SSCI","4,393","3.5","Q1","1.66","50.28"%,
"EUROPEAN REVIEW OF AGRICULTURAL ECONOMICS","EUR REV AGRIC ECON","OXFORD UNIV PRESS","0165-1587","1464-3618","ECONOMICS","SSCI","2,230","3.5","Q1","1.27","23.15"%,
"Eurasian Business Review","EURASIAN BUS REV","SPRINGER HEIDELBERG","1309-4297","2147-4281","ECONOMICS","SSCI","856","3.5","Q1","1.03","42.53"%,
"Mineral Economics","MINER ECON","SPRINGER HEIDELBERG","2191-2203","2191-2211","ECONOMICS","ESCI","856","3.5","Q1","0.99","42.04"%,
"JOURNAL OF PUBLIC ECONOMICS","J PUBLIC ECON","ELSEVIER SCIENCE SA","0047-2727","0047-2727","ECONOMICS","SSCI","16,489","3.4","Q1","1.4","36.75"%,
"Applied Economic Perspectives and Policy","APPL ECON PERSPECT P","WILEY","2040-5790","2040-5804","ECONOMICS","SSCI","2,699","3.4","Q1","1.39","43.46"%,
"Entrepreneurial Business and Economics Review","ENTREPR BUS ECON REV","CRACOW UNIV ECONOMICS","2353-883X","2353-8821","ECONOMICS","ESCI","941","3.4","Q1","1.21","91.54"%,
"Research in Transportation Economics","RES TRANSP ECON","ELSEVIER SCI LTD","0739-8859","1875-7979","ECONOMICS","SSCI","3,088","3.4","Q1","1.17","30.99"%,
"Journal of Asian Economics","J ASIAN ECON","ELSEVIER","1049-0078","1873-7927","ECONOMICS","SSCI","2,233","3.4","Q1","1.04","4.58"%,
"ENVIRONMENTAL & RESOURCE ECONOMICS","ENVIRON RESOUR ECON","SPRINGER","0924-6460","1573-1502","ECONOMICS","SSCI","6,498","3.4","Q1","0.91","51.74"%,
"Competition & Change","COMPET CHANG","SAGE PUBLICATIONS LTD","1024-5294","1477-2221","ECONOMICS","SSCI","1,209","3.4","Q1","0.88","58.18"%,
"WORLD BANK RESEARCH OBSERVER","WORLD BANK RES OBSER","OXFORD UNIV PRESS","0257-3032","1564-6971","ECONOMICS","SSCI","1,867","3.3","Q1","2.12","14.71"%,
"AMERICAN JOURNAL OF AGRICULTURAL ECONOMICS","AM J AGR ECON","WILEY","0002-9092","1467-8276","ECONOMICS","SSCI","8,859","3.3","Q1","1.48","44.44"%,
"JCMS-Journal of Common Market Studies","JCMS-J COMMON MARK S","WILEY","0021-9886","1468-5965","ECONOMICS","SSCI","4,815","3.3","Q1","1.42","72.89"%,
"Journal of the European Economic Association","J EUR ECON ASSOC","OXFORD UNIV PRESS","1542-4766","1542-4774","ECONOMICS","SSCI","6,568","3.3","Q1","1.15","27.7"%,
"Economic Systems","ECON SYST","ELSEVIER","0939-3625","1878-5433","ECONOMICS","SSCI","1,969","3.3","Q1","1.08","18.52"%,
"Applied Health Economics and Health Policy","APPL HEALTH ECON HEA","SPRINGER INT PUBL AG","1175-5652","1179-1896","ECONOMICS","SSCI","2,326","3.3","Q1","0.99","49.03"%,
"Health Economics Review","HEALTH ECON REV","BMC","2191-1991","2191-1991","ECONOMICS","SSCI","1,408","3.3","Q1","0.89","99.53"%,
"INFORMATION ECONOMICS AND POLICY","INF ECON POLICY","ELSEVIER","0167-6245","1873-5975","ECONOMICS","SSCI","1,259","3.2","Q1","1.11","33.8"%,
"Tourism Economics","TOURISM ECON","SAGE PUBLICATIONS LTD","1354-8166","2044-0375","ECONOMICS","SSCI","4,226","3.2","Q1","0.96","12.65"%,
"Journal of the Association of Environmental and Resource Economists","J ASSOC ENVIRON RESO","UNIV CHICAGO PRESS","2333-5955","2333-5963","ECONOMICS","SSCI","1,867","3.2","Q1","0.95","0.73"%,
"Journal of Economic Policy Reform","J ECON POLICY REFORM","ROUTLEDGE JOURNALS, TAYLOR & FRANCIS LTD","1748-7870","1748-7889","ECONOMICS","SSCI","588","3.2","Q1","0.91","25.93"%,
"International Journal of Ethics and Systems","INT J ETHICS SYST","EMERALD GROUP PUBLISHING LTD","2514-9369","2514-9377","ECONOMICS","ESCI","825","3.2","Q1","0.81","1.59"%,
"JOURNAL OF CONSUMER AFFAIRS","J CONSUM AFF","WILEY","0022-0078","1745-6606","ECONOMICS","SSCI","2,755","3.2","Q1","0.73","27.52"%,
"International Environmental Agreements-Politics Law and Economics","INT ENVIRON AGREEM-P","SPRINGER","1567-9764","1573-1553","ECONOMICS","SSCI","1,323","3.1","Q1","1.64","65.91"%,
"JOURNAL OF THE JAPANESE AND INTERNATIONAL ECONOMIES","J JPN INT ECON","ACADEMIC PRESS INC ELSEVIER SCIENCE","0889-1583","1095-8681","ECONOMICS","SSCI","1,072","3.1","Q1","1.39","22.08"%,
"QUARTERLY REVIEW OF ECONOMICS AND FINANCE","Q REV ECON FINANC","ELSEVIER SCIENCE INC","1062-9769","1878-4259","ECONOMICS","SSCI","3,785","3.1","Q1","1.26","12.37"%,
"EMERGING MARKETS FINANCE AND TRADE","EMERG MARK FINANC TR","ROUTLEDGE JOURNALS, TAYLOR & FRANCIS LTD","1540-496X","1558-0938","ECONOMICS","SSCI","5,871","3.1","Q1","1.09","3.16"%,
"JOURNAL OF POLICY MODELING","J POLICY MODEL","ELSEVIER SCIENCE INC","0161-8938","1873-8060","ECONOMICS","SSCI","3,043","3.1","Q1","1.04","20.69"%,
"JOURNAL OF COMPARATIVE ECONOMICS","J COMP ECON","ACADEMIC PRESS INC ELSEVIER SCIENCE","0147-5967","1095-7227","ECONOMICS","SSCI","4,649","3.1","Q1","1.02","20.24"%,
"JOURNAL OF APPLIED ECONOMETRICS","J APPL ECONOMET","WILEY","0883-7252","1099-1255","ECONOMICS","SSCI","7,995","3.1","Q1","0.83","33.33"%,
"RESOURCE AND ENERGY ECONOMICS","RESOUR ENERGY ECON","ELSEVIER","0928-7655","1873-0221","ECONOMICS","SSCI","2,512","3.1","Q1","0.66","40.4"%,
"POST-SOVIET AFFAIRS","POST-SOV AFF","ROUTLEDGE JOURNALS, TAYLOR & FRANCIS LTD","1060-586X","1938-2855","ECONOMICS","SSCI","1,005","3","Q1","1.79","28.41"%,
"JOURNAL OF POPULATION ECONOMICS","J POPUL ECON","SPRINGER","0933-1433","1432-1475","ECONOMICS","SSCI","3,324","3","Q1","1.44","47.37"%,
"European Journal of Health Economics","EUR J HEALTH ECON","SPRINGER","1618-7598","1618-7601","ECONOMICS","SSCI","4,070","3","Q1","1.02","66.78"%,
"International Journal of Emerging Markets","INT J EMERG MARK","EMERALD GROUP PUBLISHING LTD","1746-8809","1746-8817","ECONOMICS","SSCI","3,851","3","Q1","0.76","4.01"%,
"JOURNAL OF ECONOMIC HISTORY","J ECON HIST","CAMBRIDGE UNIV PRESS","0022-0507","1471-6372","ECONOMICS","SSCI","3,287","2.9","Q1","5.09","59.38"%,
"JOURNAL OF ECONOMIC GEOGRAPHY","J ECON GEOGR","OXFORD UNIV PRESS","1468-2702","1468-2710","ECONOMICS","SSCI","4,794","2.9","Q1","1.05","37.1"%,
"Journal of Family and Economic Issues","J FAM ECON ISS","SPRINGER INT PUBL AG","1058-0476","1573-3475","ECONOMICS","SSCI","2,241","2.9","Q1","0.96","28.06"%,
"REGIONAL SCIENCE AND URBAN ECONOMICS","REG SCI URBAN ECON","ELSEVIER","0166-0462","1879-2308","ECONOMICS","SSCI","4,813","2.9","Q1","0.96","22.93"%,
"Journal of Contemporary Accounting & Economics","J CONTEMP ACCOUNT EC","ELSEVIER SCI LTD","1815-5669","1815-5669","ECONOMICS","SSCI","1,130","2.9","Q1","0.87","13.41"%,
"Journal of Agrarian Change","J AGRAR CHANGE","WILEY","1471-0358","1471-0366","ECONOMICS","SSCI","1,790","2.9","Q1","0.82","52.04"%,
"JOURNAL OF ECONOMIC GROWTH","J ECON GROWTH","SPRINGER","1381-4338","1573-7020","ECONOMICS","SSCI","3,192","2.9","Q1","0.77","61.7"%,
"JOURNAL OF FINANCIAL AND QUANTITATIVE ANALYSIS","J FINANC QUANT ANAL","CAMBRIDGE UNIV PRESS","0022-1090","1756-6916","ECONOMICS","SSCI","10,492","2.8","Q1","0.94","47.89"%,
"RAND JOURNAL OF ECONOMICS","RAND J ECON","WILEY","0741-6261","1756-2171","ECONOMICS","SSCI","5,381","2.8","Q1","0.89","34.62"%,
"BROOKINGS PAPERS ON ECONOMIC ACTIVITY","BROOKINGS PAP ECO AC","JOHNS HOPKINS UNIV PRESS","0007-2303","1533-4465","ECONOMICS","SSCI","3,790","2.8","Q1","0.59","0"%,
"China Economic Quarterly International","CHINA ECON Q INT","KEAI PUBLISHING LTD","N/A","2666-9331","ECONOMICS","ESCI","194","2.7","Q1","0.81","97.01"%,
"JOURNAL OF FORECASTING","J FORECASTING","WILEY","0277-6693","1099-131X","ECONOMICS","SSCI","3,044","2.7","Q1","0.81","19.69"%,
"Review of Keynesian Economics","REV KEYNES ECON","EDWARD ELGAR PUBLISHING LTD","2049-5323","2049-5331","ECONOMICS","SSCI","517","2.7","Q1","0.79","0"%,
"MANAGERIAL AND DECISION ECONOMICS","MANAG DECIS ECON","JOHN WILEY & SONS LTD","0143-6570","1099-1468","ECONOMICS","SSCI","4,177","2.7","Q1","0.75","8.02"%,
"JOURNAL OF REGIONAL SCIENCE","J REGIONAL SCI","WILEY","0022-4146","1467-9787","ECONOMICS","SSCI","3,212","2.7","Q1","0.7","37.91"%,
"Journal of Business Economics and Management","J BUS ECON MANAG","VILNIUS GEDIMINAS TECH UNIV","1611-1699","2029-4433","ECONOMICS","SSCI","2,033","2.7","Q1","0.67","99.47"%,
"Socio-Economic Review","SOCIO-ECON REV","OXFORD UNIV PRESS","1475-1461","1475-147X","ECONOMICS","SSCI","3,055","2.6","Q1","1.36","41.13"%,
"Journal of Competitiveness","J COMPETITIVENESS","UNIV TOMASE BATI & ZLINE, FAK MANAGEMENTU EKONOMIKY","1804-171X","1804-1728","ECONOMICS","SSCI","1,055","2.6","Q1","1.05","78.03"%,
"INTERNATIONAL LABOUR REVIEW","INT LABOUR REV","OPEN LIBRARY HUMANITIES","0020-7780","1564-913X","ECONOMICS","SSCI","1,220","2.6","Q1","0.98","20.45"%,
"JOURNAL OF POLICY ANALYSIS AND MANAGEMENT","J POLICY ANAL MANAG","WILEY","N/A","1520-6688","ECONOMICS","SSCI","3,075","2.6","Q1","0.98","27.45"%,
"Economics of Innovation and New Technology","ECON INNOV NEW TECH","ROUTLEDGE JOURNALS, TAYLOR & FRANCIS LTD","1043-8599","1476-8364","ECONOMICS","SSCI","2,217","2.6","Q1","0.8","16.42"%,
"Asia-Pacific Financial Markets","ASIA-PAC FINANC MARK","SPRINGER","1387-2834","1573-6946","ECONOMICS","ESCI","501","2.6","Q1","0.77","8"%,
"LABOUR ECONOMICS","LABOUR ECON","ELSEVIER","0927-5371","1879-1034","ECONOMICS","SSCI","4,750","2.6","Q1","0.75","43.32"%,
"Global Economic Review","GLOBAL ECON REV","ROUTLEDGE JOURNALS, TAYLOR & FRANCIS LTD","1226-508X","1744-3873","ECONOMICS","SSCI","458","2.6","Q1","0.7","0"%,
"Journal of Global Economic Analysis","J GLOB ECON ANAL","CENTER GLOBAL TRADE ANALYSIS","2377-2999","2377-2999","ECONOMICS","ESCI","263","2.6","Q1","0.61","15.79"%,
"Econometrics and Statistics","ECONOMET STAT","ELSEVIER","2468-0389","2452-3062","ECONOMICS","ESCI","567","2.5","Q1","0.97","18.8"%,
"Annals of Public and Cooperative Economics","ANN PUBLIC COOP ECON","WILEY","1370-4788","1467-8292","ECONOMICS","SSCI","1,118","2.5","Q1","0.8","35.34"%,
"Applied Economic Analysis","APPL ECON ANAL","EMERALD GROUP PUBLISHING LTD","N/A","2632-7627","ECONOMICS","SSCI","172","2.5","Q1","0.78","100"%,
"Cogent Economics & Finance","COGENT ECON FINANC","TAYLOR & FRANCIS LTD","2332-2039","2332-2039","ECONOMICS","ESCI","3,830","2.5","Q1","0.76","99.15"%,
"JOURNAL OF BUSINESS & ECONOMIC STATISTICS","J BUS ECON STAT","TAYLOR & FRANCIS INC","0735-0015","1537-2707","ECONOMICS","SSCI","9,056","2.5","Q1","0.76","16.47"%,
"Journal of Institutional Economics","J I ECON","CAMBRIDGE UNIV PRESS","1744-1374","1744-1382","ECONOMICS","SSCI","1,438","2.5","Q1","0.75","53.33"%,
"Journal of Industrial and Business Economics","J IND BUS ECON","SPRINGERNATURE","0391-2078","1972-4977","ECONOMICS","ESCI","501","2.5","Q1","0.65","40.87"%,
"Review of Economics and Political Science","REV ECON POLIT SCI-R","EMERALD GROUP PUBLISHING LTD","2356-9980","2631-3561","ECONOMICS","ESCI","271","2.4","Q2","1.12","97.92"%,
"European Journal of Political Economy","EUR J POLIT ECON","ELSEVIER SCIENCE INC","0176-2680","1873-5703","ECONOMICS","SSCI","4,380","2.4","Q2","0.98","35.47"%,
"Journal of Economic Inequality","J ECON INEQUAL","SPRINGERNATURE","1569-1721","1573-8701","ECONOMICS","SSCI","1,335","2.4","Q2","0.92","52.52"%,
"Climate Change Economics","CLIM CHANG ECON","WORLD SCIENTIFIC PUBL CO PTE LTD","2010-0078","2010-0086","ECONOMICS","SSCI","606","2.4","Q2","0.89","11.36"%,
"Journal of Choice Modelling","J CHOICE MODEL","ELSEVIER SCI LTD","1755-5345","1755-5345","ECONOMICS","SSCI","1,297","2.4","Q2","0.81","44.04"%,
"WORLD ECONOMY","WORLD ECON","WILEY","0378-5920","1467-9701","ECONOMICS","SSCI","4,848","2.4","Q2","0.8","28.27"%,
"EUROPEAN ECONOMIC REVIEW","EUR ECON REV","ELSEVIER","0014-2921","1873-572X","ECONOMICS","SSCI","10,299","2.4","Q2","0.78","46.3"%,
"HEALTH ECONOMICS","HEALTH ECON","WILEY","1057-9230","1099-1050","ECONOMICS","SSCI","7,354","2.4","Q2","0.78","45.89"%,
"Journal of Empirical Finance","J EMPIR FINANC","ELSEVIER","0927-5398","1879-1727","ECONOMICS","SSCI","3,931","2.4","Q2","0.76","20.8"%,
"MATHEMATICAL FINANCE","MATH FINANC","WILEY","0960-1627","1467-9965","ECONOMICS","SSCI","2,414","2.4","Q2","0.74","35.05"%,
"International Journal of Economic Sciences","INT J ECON SCI","Scientific Oasis Publisher","N/A","1804-9796","ECONOMICS","ESCI","184","2.4","Q2","0.7","31.25"%,
"JOURNAL OF HOUSING ECONOMICS","J HOUS ECON","ACADEMIC PRESS INC ELSEVIER SCIENCE","1051-1377","1096-0791","ECONOMICS","SSCI","1,536","2.4","Q2","0.7","25.49"%,
"ENERGY JOURNAL","ENERG J","SAGE PUBLICATIONS INC","0195-6574","1944-9089","ECONOMICS","SSCI","3,266","2.4","Q2","0.66","10.73"%,
"JOURNAL OF ECONOMIC STUDIES","J ECON STUD","EMERALD GROUP PUBLISHING LTD","0144-3585","N/A","ECONOMICS","ESCI","2,090","2.4","Q2","0.53","7.12"%,
"BULLETIN OF INDONESIAN ECONOMIC STUDIES","B INDONES ECON STUD","ROUTLEDGE JOURNALS, TAYLOR & FRANCIS LTD","0007-4918","1472-7234","ECONOMICS","SSCI","568","2.3","Q2","1.78","12.82"%,
"World Trade Review","WORLD TRADE REV","CAMBRIDGE UNIV PRESS","1474-7456","1475-3138","ECONOMICS","SSCI","763","2.3","Q2","1.34","49.55"%,
"China Economic Journal","CHINA ECON J","ROUTLEDGE JOURNALS, TAYLOR & FRANCIS LTD","1753-8963","1753-8971","ECONOMICS","ESCI","618","2.3","Q2","0.94","4.84"%,
"Eurasian Economic Review","EURASIAN ECON REV","SPRINGER HEIDELBERG","1309-422X","2147-429X","ECONOMICS","ESCI","488","2.3","Q2","0.87","31.18"%,
"JOURNAL OF ECONOMIC PSYCHOLOGY","J ECON PSYCHOL","ELSEVIER","0167-4870","1872-7719","ECONOMICS","SSCI","5,733","2.3","Q2","0.87","40.7"%,
"JOURNAL OF ECONOMIC BEHAVIOR & ORGANIZATION","J ECON BEHAV ORGAN","ELSEVIER","0167-2681","1879-1751","ECONOMICS","SSCI","13,912","2.3","Q2","0.75","34.71"%,
"Contemporary Economics","CONTEMP ECON","UNIV ECONOMICS & HUMAN SCIENCES WARSAW","2084-0845","2300-8814","ECONOMICS","ESCI","467","2.3","Q2","0.73","77.91"%,
"Journal of Health Economics and Outcomes Research","J HEALTH ECON OUTCOM","COLUMBIA DATA ANALYTICS, LLC","2327-2236","2327-2236","ECONOMICS","ESCI","346","2.3","Q2","0.69","96.12"%,
"OPEC Energy Review","OPEC ENERGY REV","WILEY","1753-0229","1753-0237","ECONOMICS","ESCI","371","2.3","Q2","0.69","8.57"%,
"JOURNAL OF ECONOMIC DYNAMICS & CONTROL","J ECON DYN CONTROL","ELSEVIER","0165-1889","1879-1743","ECONOMICS","SSCI","5,658","2.3","Q2","0.66","25.8"%,
"World Development Perspectives","WORLD DEV PERSPECT","ELSEVIER","2452-2929","2452-2929","ECONOMICS","ESCI","859","2.3","Q2","0.66","28.8"%,
"PAPERS IN REGIONAL SCIENCE","PAP REG SCI","ELSEVIER SCI LTD","1056-8190","1435-5957","ECONOMICS","SSCI","2,881","2.3","Q2","0.64","70.77"%,
"JOURNAL OF RISK AND UNCERTAINTY","J RISK UNCERTAINTY","SPRINGER","0895-5646","1573-0476","ECONOMICS","SSCI","2,882","2.3","Q2","0.55","56.58"%,
"ECONOMIST-NETHERLANDS","ECONOMIST-NETHERLAND","SPRINGER","0013-063X","1572-9982","ECONOMICS","SSCI","576","2.3","Q2","0.36","61.7"%,
"Review of Economics of the Household","REV ECON HOUSEHOLD","SPRINGER","1569-5239","1573-7152","ECONOMICS","SSCI","1,649","2.2","Q2","1.09","39.22"%,
"PUBLIC CHOICE","PUBLIC CHOICE","SPRINGER","0048-5829","1573-7101","ECONOMICS","SSCI","4,988","2.2","Q2","0.94","30.71"%,
"Quantitative Economics","QUANT ECON","WILEY","1759-7323","1759-7331","ECONOMICS","SSCI","1,093","2.2","Q2","0.83","100"%,
"IMF Economic Review","IMF ECON REV","PALGRAVE MACMILLAN LTD","2041-4161","2041-417X","ECONOMICS","SSCI","1,301","2.2","Q2","0.8","1.75"%,
"INSURANCE MATHEMATICS & ECONOMICS","INSUR MATH ECON","ELSEVIER","0167-6687","1873-5959","ECONOMICS","SSCI","4,713","2.2","Q2","0.8","25.51"%,
"Spatial Economic Analysis","SPAT ECON ANAL","ROUTLEDGE JOURNALS, TAYLOR & FRANCIS LTD","1742-1772","1742-1780","ECONOMICS","SSCI","953","2.2","Q2","0.72","17.98"%,
"Journal of International Trade & Economic Development","J INT TRADE ECON DEV","ROUTLEDGE JOURNALS, TAYLOR & FRANCIS LTD","0963-8199","1469-9559","ECONOMICS","SSCI","1,526","2.2","Q2","0.67","2.54"%,
"Review of Development Economics","REV DEV ECON","WILEY","1363-6669","1467-9361","ECONOMICS","SSCI","2,380","2.2","Q2","0.66","25.24"%,
"Computational Economics","COMPUT ECON","SPRINGER","0927-7099","1572-9974","ECONOMICS","SSCI","2,293","2.2","Q2","0.64","20.34"%,
"Portuguese Economic Journal","PORT ECON J","SPRINGER HEIDELBERG","1617-982X","1617-9838","ECONOMICS","SSCI","339","2.2","Q2","0.63","22.64"%,
"Data Science in Finance and Economics","DATA SCI FINANC ECON","AMER INST MATHEMATICAL SCIENCES-AIMS","N/A","2769-2140","ECONOMICS","ESCI","148","2.2","Q2","0.61","100"%,
"Journal of Financial Econometrics","J FINANC ECONOMET","OXFORD UNIV PRESS","1479-8409","1479-8417","ECONOMICS","SSCI","1,922","2.2","Q2","0.6","27.64"%,
"Aestimum","AESTIMUM","FIRENZE UNIV PRESS","1592-6117","1724-2118","ECONOMICS","ESCI","152","2.2","Q2","0.47","100"%,
"CANADIAN JOURNAL OF AGRICULTURAL ECONOMICS-REVUE CANADIENNE D AGROECONOMIE","CAN J AGR ECON","WILEY","0008-3976","1744-7976","ECONOMICS","SSCI","1,110","2.1","Q2","0.91","34.85"%,
"AUSTRALIAN JOURNAL OF AGRICULTURAL AND RESOURCE ECONOMICS","AUST J AGR RESOUR EC","WILEY","N/A","1467-8489","ECONOMICS","SSCI","1,592","2.1","Q2","0.81","46.55"%,
"REVIEW OF ECONOMIC DYNAMICS","REV ECON DYNAM","ACADEMIC PRESS INC ELSEVIER SCIENCE","1094-2025","1096-6099","ECONOMICS","SSCI","2,668","2.1","Q2","0.73","12.57"%,
"Economies","ECONOMIES","MDPI","N/A","2227-7099","ECONOMICS","ESCI","2,881","2.1","Q2","0.72","100"%,
"American Economic Journal-Microeconomics","AM ECON J-MICROECON","AMER ECONOMIC ASSOC","1945-7669","1945-7685","ECONOMICS","SSCI","1,767","2.1","Q2","0.68","1.04"%,
"CAMBRIDGE JOURNAL OF ECONOMICS","CAMB J ECON","OXFORD UNIV PRESS","0309-166X","1464-3545","ECONOMICS","SSCI","3,713","2.1","Q2","0.66","23.53"%,
"Pharmacoeconomics-Open","PHARMACOECON-OPEN","SPRINGER INT PUBL AG","2509-4262","2509-4254","ECONOMICS","ESCI","871","2.1","Q2","0.64","100"%,
"APPLIED ECONOMICS","APPL ECON","ROUTLEDGE JOURNALS, TAYLOR & FRANCIS LTD","0003-6846","1466-4283","ECONOMICS","SSCI","13,675","2.1","Q2","0.63","7.09"%,
"Environmental Economics and Policy Studies","ENVIRON ECON POLICY","SPRINGER","1432-847X","1867-383X","ECONOMICS","ESCI","825","2.1","Q2","0.62","28.89"%,
"ANNALS OF REGIONAL SCIENCE","ANN REGIONAL SCI","SPRINGER","0570-1864","1432-0592","ECONOMICS","SSCI","2,558","2.1","Q2","0.6","41.36"%,
"FEMINIST ECONOMICS","FEM ECON","ROUTLEDGE JOURNALS, TAYLOR & FRANCIS LTD","1354-5701","1466-4372","ECONOMICS","SSCI","2,407","2","Q2","1.32","18.18"%,
"American Journal of Health Economics","AM J HEALTH ECON","UNIV CHICAGO PRESS","2332-3493","2332-3507","ECONOMICS","SSCI","451","2","Q2","1.08","4.55"%,
"Journal of Cultural Economics","J CULT ECON","SPRINGER","0885-2545","1573-6997","ECONOMICS","SSCI","1,072","2","Q2","0.96","48.48"%,
"Education Finance and Policy","EDUC FINANC POLICY","MIT PRESS","1557-3060","1557-3079","ECONOMICS","SSCI","818","2","Q2","0.91","2.22"%,
"Inzinerine Ekonomika-Engineering Economics","INZ EKON","KAUNAS UNIV TECHNOL","1392-2785","2029-5839","ECONOMICS","SSCI","938","2","Q2","0.82","99.17"%,
"ZFW-Advances in Economic Geography","ZFW-ADV ECON GEOGR","WALTER DE GRUYTER GMBH","2748-1956","2748-1964","ECONOMICS","SSCI","88","2","Q2","0.8","90.7"%,
"Journal of the Economics of Ageing","J ECON AGEING","ELSEVIER","2212-828X","2212-8298","ECONOMICS","SSCI","707","2","Q2","0.74","36.73"%,
"Agribusiness","AGRIBUSINESS","WILEY","0742-4477","1520-6297","ECONOMICS","SSCI","1,531","2","Q2","0.66","32.2"%,
"Economia Politica","ECON POLIT-ITALY","SPRINGER INT PUBL AG","1120-2890","1973-820X","ECONOMICS","SSCI","545","2","Q2","0.62","58"%,
"REAL ESTATE ECONOMICS","REAL ESTATE ECON","WILEY","1080-8620","1540-6229","ECONOMICS","SSCI","1,479","2","Q2","0.59","32.84"%,
"Journal of Applied Economics","J APPL ECON","ROUTLEDGE JOURNALS, TAYLOR & FRANCIS LTD","1514-0326","1667-6726","ECONOMICS","SSCI","851","2","Q2","0.55","100"%,
"Amfiteatru Economic","AMFITEATRU ECON","EDITURA ASE","1582-9146","2247-9104","ECONOMICS","SSCI","966","2","Q2","0.54","91.4"%,
"Journal of the British Blockchain Association","J BRIT BLOCKCHAIN AS","BRITISH BLOCKCHAIN ASSOC","N/A","2516-3957","ECONOMICS","ESCI","155","2","Q2","0.45","84.62"%,
"Journal of Cultural Economy","J CULT ECON-UK","ROUTLEDGE JOURNALS, TAYLOR & FRANCIS LTD","1753-0350","1753-0369","ECONOMICS","SSCI","1,979","1.9","Q2","0.96","33.14"%,
"World","WORLD-BASEL","MDPI","N/A","2673-4060","ECONOMICS","ESCI","356","1.9","Q2","0.93","100"%,
"Journal of Economics Finance and Administrative Science","J ECON FINANC ADM SC","EMERALD GROUP PUBLISHING LTD","2077-1886","2218-0648","ECONOMICS","ESCI","560","1.9","Q2","0.67","100"%,
"Empirical Economics","EMPIR ECON","PHYSICA-VERLAG GMBH & CO","0377-7332","1435-8921","ECONOMICS","SSCI","5,377","1.9","Q2","0.66","35.87"%,
"African Journal of Economic and Management Studies","AFR J ECON MANAG STU","EMERALD GROUP PUBLISHING LTD","2040-0705","2040-0713","ECONOMICS","ESCI","686","1.9","Q2","0.56","8.05"%,
"CONTEMPORARY ECONOMIC POLICY","CONTEMP ECON POLICY","WILEY","1074-3529","1465-7287","ECONOMICS","SSCI","1,192","1.9","Q2","0.56","22.64"%,
"Water Resources and Economics","WATER RESOUR ECON","ELSEVIER","2212-4284","2212-4284","ECONOMICS","SSCI","463","1.9","Q2","0.54","31.67"%,
"Journal of Financial Counseling and Planning","J FINANC COUNS PLAN","SPRINGER PUBLISHING CO","1052-3073","1947-7910","ECONOMICS","ESCI","784","1.9","Q2","0.52","0"%,
"JOURNAL OF MEDIA ECONOMICS","J MEDIA ECON","ROUTLEDGE JOURNALS, TAYLOR & FRANCIS LTD","0899-7764","1532-7736","ECONOMICS","SSCI","242","1.9","Q2","0.41","4.35"%,
"ECONOMIC DEVELOPMENT AND CULTURAL CHANGE","ECON DEV CULT CHANGE","UNIV CHICAGO PRESS","0013-0079","1539-2988","ECONOMICS","SSCI","2,872","1.8","Q2","1.28","4.51"%,
"Agricultural Economics-Zemedelska Ekonomika","AGR ECON-CZECH","CZECH ACADEMY AGRICULTURAL SCIENCES","0139-570X","1805-9295","ECONOMICS","SSCI","1,058","1.8","Q2","1.05","100"%,
"ECONOMICS OF EDUCATION REVIEW","ECON EDUC REV","PERGAMON-ELSEVIER SCIENCE LTD","0272-7757","1873-7382","ECONOMICS","SSCI","5,080","1.8","Q2","0.8","35.38"%,
"Journal of Agribusiness in Developing and Emerging Economies","J AGRIBUS DEV EMERG","EMERALD GROUP PUBLISHING LTD","2044-0839","2044-0847","ECONOMICS","ESCI","928","1.8","Q2","0.79","6.95"%,
"Astin Bulletin-The Journal of the International Actuarial Association","ASTIN BULL","CAMBRIDGE UNIV PRESS","0515-0361","1783-1350","ECONOMICS","SSCI","1,071","1.8","Q2","0.75","48.24"%,
"OXFORD REVIEW OF ECONOMIC POLICY","OXFORD REV ECON POL","OXFORD UNIV PRESS","0266-903X","1460-2121","ECONOMICS","SSCI","3,157","1.8","Q2","0.73","35.26"%,
"POST-COMMUNIST ECONOMIES","POST-COMMUNIST ECON","ROUTLEDGE JOURNALS, TAYLOR & FRANCIS LTD","1463-1377","1465-3958","ECONOMICS","SSCI","818","1.8","Q2","0.7","14"%,
"TIJDSCHRIFT VOOR ECONOMISCHE EN SOCIALE GEOGRAFIE","TIJDSCHR ECON SOC GE","WILEY","0040-747X","1467-9663","ECONOMICS","SSCI","1,789","1.8","Q2","0.69","62.83"%,
"Journal of Benefit-Cost Analysis","J BENEFIT-COST ANAL","CAMBRIDGE UNIV PRESS","2194-5888","2152-2812","ECONOMICS","SSCI","522","1.8","Q2","0.68","61.9"%,
"WORLD BANK ECONOMIC REVIEW","WORLD BANK ECON REV","OXFORD UNIV PRESS","0258-6770","1564-698X","ECONOMICS","SSCI","3,177","1.8","Q2","0.68","24.81"%,
"Economics & Human Biology","ECON HUM BIOL","ELSEVIER","1570-677X","1873-6130","ECONOMICS","SSCI","2,224","1.8","Q2","0.67","40.29"%,
"INDUSTRIAL AND CORPORATE CHANGE","IND CORP CHANGE","OXFORD UNIV PRESS","0960-6491","1464-3650","ECONOMICS","SSCI","4,338","1.8","Q2","0.64","20.97"%,
"ECONOMICS LETTERS","ECON LETT","ELSEVIER SCIENCE SA","0165-1765","1873-7374","ECONOMICS","SSCI","14,401","1.8","Q2","0.63","23.95"%,
"Empirica","EMPIRICA","SPRINGER","0340-8744","1573-6911","ECONOMICS","SSCI","629","1.8","Q2","0.59","51.43"%,
"REVIEW OF INCOME AND WEALTH","REV INCOME WEALTH","WILEY","0034-6586","1475-4991","ECONOMICS","SSCI","2,213","1.8","Q2","0.59","51.15"%,
"Economics & Sociology","ECON SOCIOL","CENTER SOCIOLOGICAL RESEARCH","2071-789X","2306-3459","ECONOMICS","ESCI","946","1.8","Q2","0.56","98.53"%,
"JOURNAL OF DEVELOPMENT STUDIES","J DEV STUD","ROUTLEDGE JOURNALS, TAYLOR & FRANCIS LTD","0022-0388","1743-9140","ECONOMICS","SSCI","5,852","1.8","Q2","0.55","31.17"%,
"JOURNAL OF PRODUCTIVITY ANALYSIS","J PROD ANAL","SPRINGER","0895-562X","1573-0441","ECONOMICS","SSCI","2,692","1.8","Q2","0.55","40.17"%,
"National Accounting Review","NATL ACCOUNT REV","AMER INST MATHEMATICAL SCIENCES-AIMS","N/A","2689-3010","ECONOMICS","ESCI","144","1.8","Q2","0.55","100"%,
"JOURNAL OF REAL ESTATE FINANCE AND ECONOMICS","J REAL ESTATE FINANC","SPRINGER","0895-5638","1573-045X","ECONOMICS","SSCI","2,108","1.8","Q2","0.54","29.75"%,
"Journal of Economic Methodology","J ECON METHODOL","ROUTLEDGE JOURNALS, TAYLOR & FRANCIS LTD","1350-178X","1469-9427","ECONOMICS","SSCI","614","1.8","Q2","0.51","40.38"%,
"Journal of Financial Economic Policy","J FINAN ECON POLICY","EMERALD GROUP PUBLISHING LTD","1757-6385","1757-6393","ECONOMICS","ESCI","673","1.8","Q2","0.5","4.42"%,
"Transnational Corporations Review","TRANSNATL CORP REV","ELSEVIER SCIENCE INC","1918-6444","1925-2099","ECONOMICS","ESCI","531","1.8","Q2","0.48","56.32"%,
"JOURNAL OF EVOLUTIONARY ECONOMICS","J EVOL ECON","SPRINGER","0936-9937","1432-1386","ECONOMICS","SSCI","1,868","1.8","Q2","0.47","51.38"%,
"CHINESE ECONOMY","CHIN ECON","ROUTLEDGE JOURNALS, TAYLOR & FRANCIS LTD","1097-1475","1558-0954","ECONOMICS","ESCI","508","1.8","Q2","0.45","6.02"%,
"ECONOMIC AFFAIRS","ECON AFFA","WILEY","0265-0665","1468-0270","ECONOMICS","ESCI","490","1.8","Q2","0.21","39.24"%,
"EXPLORATIONS IN ECONOMIC HISTORY","EXPLOR ECON HIST","ACADEMIC PRESS INC ELSEVIER SCIENCE","0014-4983","1090-2457","ECONOMICS","SSCI","1,488","1.7","Q2","1.56","40.71"%,
"JOURNAL OF RISK AND INSURANCE","J RISK INSUR","WILEY","0022-4367","1539-6975","ECONOMICS","SSCI","2,058","1.7","Q2","0.63","32.61"%,
"Economics of Transportation","ECON TRANSP","ELSEVIER","2212-0122","2212-0130","ECONOMICS","SSCI","484","1.7","Q2","0.62","30"%,
"Innovation and Development","INNOV DEV","TAYLOR & FRANCIS LTD","2157-930X","2157-9318","ECONOMICS","ESCI","484","1.7","Q2","0.62","17.39"%,
"EXPERIMENTAL ECONOMICS","EXP ECON","CAMBRIDGE UNIV PRESS","1386-4157","1573-6938","ECONOMICS","SSCI","2,531","1.7","Q2","0.57","58.42"%,
"INTERNATIONAL JOURNAL OF SOCIAL ECONOMICS","INT J SOC ECON","EMERALD GROUP PUBLISHING LTD","0306-8293","1758-6712","ECONOMICS","ESCI","2,402","1.7","Q2","0.57","2.18"%,
"Marine Resource Economics","MAR RESOUR ECON","UNIV CHICAGO PRESS","0738-1360","2334-5985","ECONOMICS","SSCI","821","1.7","Q2","0.57","3.45"%,
"Bio-based and Applied Economics","BIO-BASED APPL ECON","FIRENZE UNIV PRESS","2280-6180","2280-6172","ECONOMICS","ESCI","348","1.7","Q2","0.55","98.36"%,
"Journal of Economic and Administrative Sciences","J ECONOM ADM SCI","EMERALD GROUP PUBLISHING LTD","1026-4116","2054-6246","ECONOMICS","ESCI","936","1.7","Q2","0.54","0.41"%,
"International Journal of Health Economics and Management","INT J HEALTH ECON MA","SPRINGER","2199-9023","2199-9031","ECONOMICS","SSCI","333","1.7","Q2","0.49","36.23"%,
"AUSTRALIAN ECONOMIC PAPERS","AUST ECON PAP","WILEY","0004-900X","1467-8454","ECONOMICS","SSCI","594","1.7","Q2","0.48","32.48"%,
"Asia-Pacific Journal of Regional Science","ASIA-PAC J REG SCI","SPRINGERNATURE","2509-7946","2509-7954","ECONOMICS","ESCI","391","1.7","Q2","0.47","9.63"%,
"Journal of Entrepreneurship and Public Policy","J ENTREP PUBLIC POLI","EMERALD GROUP PUBLISHING LTD","2045-2101","2045-211X","ECONOMICS","ESCI","422","1.7","Q2","0.46","1.37"%,
"Asian Journal of Technology Innovation","ASIAN J TECHNOL INNO","ROUTLEDGE JOURNALS, TAYLOR & FRANCIS LTD","1976-1597","2158-6721","ECONOMICS","SSCI","723","1.7","Q2","0.42","4.08"%,
"Journal of Economics","J ECON","SPRINGER WIEN","0931-8658","1617-7134","ECONOMICS","SSCI","1,206","1.7","Q2","0.27","28.13"%,
"Economic Issues","ECON ISS","ECONOMIC ISSUES EDUCATION FUND","1363-7029","1363-7029","ECONOMICS","ESCI","146","1.7","Q2","0.1","0"%,
"ECONOMIC HISTORY REVIEW","ECON HIST REV","WILEY","0013-0117","1468-0289","ECONOMICS","SSCI","2,808","1.6","Q2","2.56","62.05"%,
"Economic Systems Research","ECON SYST RES","ROUTLEDGE JOURNALS, TAYLOR & FRANCIS LTD","0953-5314","1469-5758","ECONOMICS","SSCI","1,398","1.6","Q2","0.64","17.74"%,
"SCANDINAVIAN JOURNAL OF ECONOMICS","SCAND J ECON","WILEY","0347-0520","1467-9442","ECONOMICS","SSCI","2,118","1.6","Q2","0.55","52.78"%,
"Journal of Chinese Economic and Foreign Trade Studies","J CHIN ECON FOREIGN","EMERALD GROUP PUBLISHING LTD","1754-4408","1754-4416","ECONOMICS","ESCI","217","1.6","Q2","0.51","0"%,
"ECONOMICA","ECONOMICA","WILEY","0013-0427","1468-0335","ECONOMICS","SSCI","2,867","1.6","Q2","0.49","51.05"%,
"Local Economy","LOCAL ECON","SAGE PUBLICATIONS LTD","0269-0942","1470-9325","ECONOMICS","ESCI","957","1.6","Q2","0.49","54.37"%,
"DEFENCE AND PEACE ECONOMICS","DEFENCE PEACE ECON","TAYLOR & FRANCIS LTD","1024-2694","1476-8267","ECONOMICS","SSCI","1,468","1.6","Q2","0.45","10.27"%,
"International Review of Applied Economics","INT REV APPL ECON","ROUTLEDGE JOURNALS, TAYLOR & FRANCIS LTD","0269-2171","1465-3486","ECONOMICS","ESCI","1,030","1.6","Q2","0.44","20"%,
"LAND ECONOMICS","LAND ECON","UNIV WISCONSIN PRESS","0023-7639","1543-8325","ECONOMICS","SSCI","2,728","1.6","Q2","0.42","14.02"%,
"ECONOMIC DEVELOPMENT QUARTERLY","ECON DEV Q","SAGE PUBLICATIONS INC","0891-2424","1552-3543","ECONOMICS","SSCI","888","1.6","Q2","0.41","3.92"%,
"Economics and Business Review","ECON BUS REV-POL","SCIENDO","2392-1641","2450-0097","ECONOMICS","ESCI","220","1.6","Q2","0.41","97.7"%,
"JOURNAL OF MONEY CREDIT AND BANKING","J MONEY CREDIT BANK","WILEY","0022-2879","1538-4616","ECONOMICS","SSCI","5,856","1.6","Q2","0.41","25.18"%,
"Transformations in Business & Economics","TRANSFORM BUS ECON","VILNIUS UNIV PRESS","1648-4460","N/A","ECONOMICS","SSCI","771","1.6","Q2","0.38","0"%,
"Asia-Pacific Journal of Accounting & Economics","ASIA-PAC J ACCOUNT E","ROUTLEDGE JOURNALS, TAYLOR & FRANCIS LTD","1608-1625","2164-2257","ECONOMICS","SSCI","901","1.6","Q2","0.37","3.66"%,
"Basic Income Studies","BASIC INCOME STUD","WALTER DE GRUYTER GMBH","2194-6094","1932-0183","ECONOMICS","ESCI","180","1.6","Q2","0.37","19.35"%,
"Business Management and Economics Engineering","BUS MANAG ECON ENG","VILNIUS GEDIMINAS TECH UNIV","2669-2481","2669-249X","ECONOMICS","ESCI","108","1.6","Q2","0.36","100"%,
"Retos-Revista de Ciencias de la Administracion y Economia","RETOS-REV CIENC ADM","UNIV POLITECNICA SALESIANA ECUADOR-SALESIAN POLYTECNIC UNIV","1390-6291","1390-8618","ECONOMICS","ESCI","155","1.6","Q2","0.34","100"%,
"JOURNAL OF LAW & ECONOMICS","J LAW ECON","UNIV CHICAGO PRESS","0022-2186","1537-5285","ECONOMICS","SSCI","4,829","1.5","Q2","1.28","1.96"%,
"ENVIRONMENT AND DEVELOPMENT ECONOMICS","ENVIRON DEV ECON","CAMBRIDGE UNIV PRESS","1355-770X","1469-4395","ECONOMICS","SSCI","1,965","1.5","Q2","0.55","38.36"%,
"JOURNAL OF ECONOMICS AND FINANCE","J ECON FINANC-US","SPRINGERNATURE","1055-0925","1938-9744","ECONOMICS","ESCI","775","1.5","Q2","0.51","18.88"%,
"Review of Regional Research-Jahrbuch fur Regionalwissenschaft","REV REG RES","SPRINGER HEIDELBERG","0173-7600","1613-9836","ECONOMICS","ESCI","220","1.5","Q2","0.5","68.89"%,
"Journal of Wine Economics","J WINE ECON","CAMBRIDGE UNIV PRESS","1931-4361","1931-437X","ECONOMICS","SSCI","596","1.5","Q2","0.49","87.72"%,
"JOURNAL OF MACROECONOMICS","J MACROECON","ELSEVIER","0164-0704","1873-152X","ECONOMICS","SSCI","2,191","1.5","Q2","0.48","18.13"%,
"Journal of Sports Economics","J SPORT ECON","SAGE PUBLICATIONS INC","1527-0025","1552-7794","ECONOMICS","SSCI","1,321","1.5","Q2","0.47","15.04"%,
"Economics & Philosophy","ECON PHILOS","CAMBRIDGE UNIV PRESS","0266-2671","1474-0028","ECONOMICS","SSCI","721","1.5","Q2","0.46","67.95"%,
"Journal of the Asia Pacific Economy","J ASIA PAC ECON","ROUTLEDGE JOURNALS, TAYLOR & FRANCIS LTD","1354-7860","1469-9648","ECONOMICS","SSCI","1,161","1.5","Q2","0.46","2.17"%,
"Comparative Economic Studies","COMP ECON STUD","PALGRAVE MACMILLAN LTD","0888-7233","1478-3320","ECONOMICS","ESCI","570","1.5","Q2","0.44","25.76"%,
"INTERNATIONAL ECONOMICS AND ECONOMIC POLICY","INT ECON ECON POL","SPRINGER HEIDELBERG","1612-4804","1612-4812","ECONOMICS","ESCI","495","1.5","Q2","0.43","27.91"%,
"Journal of International Commerce Economics and Policy","J INT COMMERCE E POL","WORLD SCIENTIFIC PUBL CO PTE LTD","1793-9933","1793-9941","ECONOMICS","ESCI","243","1.5","Q2","0.43","0"%,
"REVIEW OF POLITICAL ECONOMY","REV POLIT ECON","TAYLOR & FRANCIS LTD","0953-8259","1465-3982","ECONOMICS","ESCI","1,102","1.5","Q2","0.43","18.97"%,
"JOURNAL OF AFRICAN ECONOMIES","J AFR ECON","OXFORD UNIV PRESS","0963-8024","1464-3723","ECONOMICS","SSCI","1,315","1.5","Q2","0.42","46.73"%,
"International Finance","INT FINANC","WILEY","1367-0271","1468-2362","ECONOMICS","SSCI","453","1.5","Q2","0.39","8.16"%,
"Asia and the Global Economy","ASIA GLOB ECON","ELSEVIER","N/A","2667-1115","ECONOMICS","ESCI","74","1.5","Q2","0.3","96.83"%,
"FEDERAL RESERVE BANK OF ST LOUIS REVIEW","FED RESERVE BANK ST","FEDERAL RESERVE BANK ST LOUIS","0014-9187","2163-4505","ECONOMICS","SSCI","603","1.4","Q2","0.67","82.35"%,
"Economics & Politics","ECON POLIT-OXFORD","WILEY PERIODICALS, INC","0954-1985","1468-0343","ECONOMICS","SSCI","1,072","1.4","Q2","0.62","30.17"%,
"International Review of Economics Education","INT REV ECON EDUC","ELSEVIER SCI LTD","1477-3880","2352-4421","ECONOMICS","SSCI","602","1.4","Q2","0.61","26.32"%,
"OXFORD BULLETIN OF ECONOMICS AND STATISTICS","OXFORD B ECON STAT","WILEY","0305-9049","1468-0084","ECONOMICS","SSCI","4,733","1.4","Q2","0.56","41.18"%,
"CANADIAN PUBLIC POLICY-ANALYSE DE POLITIQUES","CAN PUBLIC POL","UNIV TORONTO PRESS INC","0317-0861","1911-9917","ECONOMICS","SSCI","1,008","1.4","Q2","0.54","3.19"%,
"DEVELOPING ECONOMIES","DEV ECON","WILEY","0012-1533","1746-1049","ECONOMICS","SSCI","474","1.4","Q2","0.53","8.33"%,
"SOUTHERN ECONOMIC JOURNAL","SOUTH ECON J","WILEY","0038-4038","2325-8012","ECONOMICS","SSCI","2,244","1.4","Q2","0.53","25.47"%,
"Journal of Behavioral and Experimental Economics","J BEHAV EXP ECON","ELSEVIER SCIENCE INC","2214-8043","2214-8051","ECONOMICS","SSCI","1,743","1.4","Q2","0.46","39.78"%,
"JOURNAL OF AGRICULTURAL AND RESOURCE ECONOMICS","J AGR RESOUR ECON","WESTERN AGRICULTURAL ECONOMICS ASSOC","1068-5502","2327-8285","ECONOMICS","SSCI","1,051","1.4","Q2","0.45","0"%,
"JOURNAL OF REGULATORY ECONOMICS","J REGUL ECON","SPRINGER","0922-680X","1573-0468","ECONOMICS","SSCI","781","1.4","Q2","0.45","27.91"%,
"QUANTITATIVE FINANCE","QUANT FINANC","ROUTLEDGE JOURNALS, TAYLOR & FRANCIS LTD","1469-7688","1469-7696","ECONOMICS","SSCI","3,747","1.4","Q2","0.45","19.03"%,
"INTERNATIONAL JOURNAL OF INDUSTRIAL ORGANIZATION","INT J IND ORGAN","ELSEVIER","0167-7187","1873-7986","ECONOMICS","SSCI","2,910","1.4","Q2","0.44","25"%,
"Review of International Economics","REV INT ECON","WILEY","0965-7576","1467-9396","ECONOMICS","SSCI","1,737","1.4","Q2","0.39","23.86"%,
"Econometrics","ECONOMETRICS","MDPI","N/A","2225-1146","ECONOMICS","ESCI","719","1.4","Q2","0.38","100"%,
"German Economic Review","GER ECON REV","WALTER DE GRUYTER GMBH","1465-6485","1468-0475","ECONOMICS","SSCI","497","1.4","Q2","0.38","18.18"%,
"RISK MANAGEMENT AND INSURANCE REVIEW","RISK MANAG INSUR REV","WILEY","1098-1616","1540-6296","ECONOMICS","ESCI","358","1.4","Q2","0.38","39.34"%,
"INTERNATIONAL TAX AND PUBLIC FINANCE","INT TAX PUBLIC FINAN","SPRINGER","0927-5940","1573-6970","ECONOMICS","SSCI","1,440","1.4","Q2","0.37","42.95"%,
"JOURNAL OF ECONOMICS & MANAGEMENT STRATEGY","J ECON MANAGE STRAT","WILEY","1058-6407","1530-9134","ECONOMICS","SSCI","2,403","1.4","Q2","0.37","32.28"%,
"European Journal of Economics and Economic Policies-Intervention","EUR J ECON ECON POLI","EDWARD ELGAR PUBLISHING LTD","2052-7764","2052-7772","ECONOMICS","ESCI","269","1.4","Q2","0.36","53.85"%,
"South African Journal of Economic and Management Sciences","S AFR J ECON MANAG S","AOSIS","1015-8812","2222-3436","ECONOMICS","SSCI","702","1.4","Q2","0.35","100"%,
"Economic Notes","ECON NOTES","WILEY","0391-5026","1468-0300","ECONOMICS","ESCI","318","1.4","Q2","0.32","11.9"%,
"CIRIEC-Espana Revista de Economia Publica Social y Cooperativa","CIRIEC","CIRIEC-ESPANA","0213-8093","1989-6816","ECONOMICS","ESCI","408","1.4","Q2","0.21","97.03"%,
"Economia-Journal of the Latin American and Caribbean Economic Association","ECONOMIA","LSE Press","N/A","1533-6239","ECONOMICS","ESCI","227","1.4","Q2","0.2","96.3"%,
"JOURNAL OF LAW ECONOMICS & ORGANIZATION","J LAW ECON ORGAN","OXFORD UNIV PRESS INC","8756-6222","1465-7341","ECONOMICS","SSCI","2,148","1.3","Q3","1.02","14.12"%,
"AUSTRALIAN ECONOMIC HISTORY REVIEW","AUST ECON HIST REV","WILEY","0004-8992","1467-8446","ECONOMICS","SSCI","196","1.3","Q3","0.6","33.33"%,
"Economic and Labour Relations Review","ECON LABOUR RELAT RE","CAMBRIDGE UNIV PRESS","1035-3046","1838-2673","ECONOMICS","SSCI","761","1.3","Q3","0.57","47.2"%,
"FISCAL STUDIES","FISC STUD","WILEY","0143-5671","1475-5890","ECONOMICS","SSCI","1,065","1.3","Q3","0.56","67.53"%,
"KYKLOS","KYKLOS","WILEY","0023-5962","1467-6435","ECONOMICS","SSCI","1,625","1.3","Q3","0.48","44.36"%,
"ECONOMIC INQUIRY","ECON INQ","WILEY","0095-2583","1465-7295","ECONOMICS","SSCI","3,755","1.3","Q3","0.46","40.51"%,
"INTERNATIONAL JOURNAL OF POLITICAL ECONOMY","INT J POLIT ECON","ROUTLEDGE JOURNALS, TAYLOR & FRANCIS LTD","0891-1916","1558-0970","ECONOMICS","ESCI","461","1.3","Q3","0.42","6.45"%,
"NATIONAL TAX JOURNAL","NATL TAX J","UNIV CHICAGO PRESS","0028-0283","1944-7477","ECONOMICS","SSCI","1,645","1.3","Q3","0.42","1.05"%,
"Theoretical Economics","THEOR ECON","ECONOMETRIC SOCIETY","1933-6837","1555-7561","ECONOMICS","SSCI","967","1.3","Q3","0.42","100"%,
"INTERNATIONAL ECONOMIC REVIEW","INT ECON REV","WILEY","0020-6598","1468-2354","ECONOMICS","SSCI","5,241","1.3","Q3","0.39","27.59"%,
"Economics of Transition and Institutional Change","ECON TRANSIT I CHANG","WILEY","2577-6975","2577-6983","ECONOMICS","SSCI","209","1.3","Q3","0.38","14.16"%,
"APPLIED ECONOMICS LETTERS","APPL ECON LETT","ROUTLEDGE JOURNALS, TAYLOR & FRANCIS LTD","1350-4851","1466-4291","ECONOMICS","SSCI","6,139","1.3","Q3","0.37","5.44"%,
"Environmental Economics","ENVIRON ECON","LLC CPC BUSINESS PERSPECTIVES","1998-6041","1998-605X","ECONOMICS","ESCI","173","1.3","Q3","0.37","100"%,
"Research in Economics","RES ECON","ELSEVIER SCI LTD","1090-9443","1090-9451","ECONOMICS","ESCI","636","1.3","Q3","0.33","19.13"%,
"Water Economics and Policy","WATER ECON POLICY","WORLD SCIENTIFIC PUBL CO PTE LTD","2382-624X","2382-6258","ECONOMICS","SSCI","250","1.3","Q3","0.32","3.75"%,
"Latin American Journal of Central Banking","LAT AM J CENT BANK","ELSEVIER","2666-1438","2666-1438","ECONOMICS","ESCI","158","1.3","Q3","0.31","97.5"%,
"Investigaciones Regionales-Journal of Regional Research","INVESTIG REG","ASOC ESPANOLA CIENCIA REGIONAL-AECR","1695-7253","2340-2717","ECONOMICS","ESCI","327","1.3","Q3","0.28","95.59"%,
"Journal of Competition Law & Economics","J COMPET LAW ECON","OXFORD UNIV PRESS","1744-6414","1744-6422","ECONOMICS","SSCI","412","1.2","Q3","0.91","26.42"%,
"EUROPE-ASIA STUDIES","EUROPE-ASIA STUD","ROUTLEDGE JOURNALS, TAYLOR & FRANCIS LTD","0966-8136","1465-3427","ECONOMICS","SSCI","1,952","1.2","Q3","0.8","24.74"%,
"JOURNAL OF WORLD TRADE","J WORLD TRADE","KLUWER LAW INT","1011-6702","2210-2795","ECONOMICS","SSCI","582","1.2","Q3","0.75","0"%,
"SINGAPORE ECONOMIC REVIEW","SINGAP ECON REV","WORLD SCIENTIFIC PUBL CO PTE LTD","0217-5908","1793-6837","ECONOMICS","SSCI","1,261","1.2","Q3","0.59","1"%,
"REVIEW OF WORLD ECONOMICS","REV WORLD ECON","SPRINGER","1610-2878","1610-2886","ECONOMICS","SSCI","1,151","1.2","Q3","0.57","35.48"%,
"JAPAN AND THE WORLD ECONOMY","JPN WORLD ECON","ELSEVIER","0922-1425","1879-2006","ECONOMICS","SSCI","662","1.2","Q3","0.45","20.51"%,
"Central Bank Review","CENT BANK REV","CENTRAL BANK REPUBLIC TURKEY","1303-0701","1305-8800","ECONOMICS","ESCI","275","1.2","Q3","0.44","97.62"%,
"Journal of Behavioral Finance","J BEHAV FINANC","ROUTLEDGE JOURNALS, TAYLOR & FRANCIS LTD","1542-7560","1542-7579","ECONOMICS","SSCI","1,096","1.2","Q3","0.42","12.63"%,
"JOURNAL OF ECONOMIC THEORY","J ECON THEORY","ACADEMIC PRESS INC ELSEVIER SCIENCE","0022-0531","1095-7235","ECONOMICS","SSCI","7,947","1.2","Q3","0.41","25.39"%,
"REVIEW OF SOCIAL ECONOMY","REV SOC ECON","ROUTLEDGE JOURNALS, TAYLOR & FRANCIS LTD","0034-6764","1470-1162","ECONOMICS","ESCI","686","1.2","Q3","0.41","22.73"%,
"EASTERN EUROPEAN ECONOMICS","EASTERN EUR ECON","ROUTLEDGE JOURNALS, TAYLOR & FRANCIS LTD","0012-8775","1557-9298","ECONOMICS","SSCI","498","1.2","Q3","0.4","9.45"%,
"INTERNATIONAL ECONOMIC JOURNAL","INT ECON J","TAYLOR & FRANCIS LTD","1016-8737","1743-517X","ECONOMICS","ESCI","566","1.2","Q3","0.39","4.21"%,
"Italian Economic Journal","ITAL ECON J","SPRINGER HEIDELBERG","2199-322X","2199-3238","ECONOMICS","ESCI","314","1.2","Q3","0.39","53.97"%,
"SCOTTISH JOURNAL OF POLITICAL ECONOMY","SCOT J POLIT ECON","WILEY","0036-9292","1467-9485","ECONOMICS","SSCI","764","1.2","Q3","0.39","44.16"%,
"E & M Ekonomie a Management","E M EKON MANAG","TECHNICAL UNIV LIBEREC","1212-3609","2336-5064","ECONOMICS","SSCI","506","1.2","Q3","0.38","100"%,
"ECONOMIC RECORD","ECON REC","WILEY","0013-0249","1475-4932","ECONOMICS","SSCI","1,029","1.2","Q3","0.36","55.26"%,
"Economics of Energy & Environmental Policy","ECON ENERGY ENV POL","INT ASSOC ENERGY ECONOMICS","2160-5882","2160-5890","ECONOMICS","SSCI","407","1.2","Q3","0.35","10.91"%,
"BULLETIN OF ECONOMIC RESEARCH","B ECON RES","WILEY","0307-3378","1467-8586","ECONOMICS","SSCI","708","1.2","Q3","0.32","26.35"%,
"Economics-The Open Access Open-Assessment E-Journal","ECONOMICS-KIEL","DE GRUYTER POLAND SP Z O O","1864-6042","1864-6042","ECONOMICS","SSCI","580","1.2","Q3","0.3","100"%,
"Forum for Social Economics","FORUM SOC ECON","ROUTLEDGE JOURNALS, TAYLOR & FRANCIS LTD","0736-0932","1874-6381","ECONOMICS","ESCI","325","1.2","Q3","0.3","12.04"%,
"Journal of Real Estate Research","J REAL ESTATE RES","TAYLOR & FRANCIS INC","0896-5803","2691-1175","ECONOMICS","SSCI","805","1.2","Q3","0.3","11.59"%,
"Journal of Korea Trade","J KOREA TRADE","KOREA TRADE RESEARCH ASSOC","N/A","1229-828X","ECONOMICS","SSCI","285","1.2","Q3","0.27","0"%,
"Economics Ecology Socium","ECON ECOL SOC","Dr. Viktor Koval","2616-7107","2786-8958","ECONOMICS","ESCI","97","1.2","Q3","0.25","96.47"%,
"Asian Economic Papers","ASIAN ECON PAP","MIT PRESS","1535-3516","1536-0083","ECONOMICS","SSCI","451","1.1","Q3","1.76","0"%,
"European Journal of Law and Economics","EUR J LAW ECON","SPRINGER","0929-1261","1572-9990","ECONOMICS","SSCI","695","1.1","Q3","0.8","46.15"%,
"QME-Quantitative Marketing and Economics","QME-QUANT MARK ECON","SPRINGER","1570-7156","1573-711X","ECONOMICS","SSCI","503","1.1","Q3","0.51","41.86"%,
"Journal of Agricultural and Applied Economics","J AGRIC APPL ECON","CAMBRIDGE UNIV PRESS","1074-0708","2056-7405","ECONOMICS","ESCI","876","1.1","Q3","0.48","100"%,
"Agricultural and Resource Economics-International Scientific E-Journal","AGR RESOUR EC INT SC","INST EASTERN EUROPEAN RESEARCH & CONSULTING","N/A","2414-584X","ECONOMICS","ESCI","205","1.1","Q3","0.47","94.41"%,
"ECONOMIC THEORY","ECON THEOR","SPRINGER","0938-2259","1432-0479","ECONOMICS","SSCI","2,299","1.1","Q3","0.43","38.39"%,
"Journal of Economics Race and Policy","J ECON RACE POLICY","SPRINGERNATURE","2520-8411","2520-842X","ECONOMICS","ESCI","136","1.1","Q3","0.42","18.57"%,
"International Trade Journal","INT TRADE J","TAYLOR & FRANCIS LTD","0885-3908","1521-0545","ECONOMICS","ESCI","416","1.1","Q3","0.41","6.12"%,
"JAHRBUCHER FUR NATIONALOKONOMIE UND STATISTIK","JAHRB NATL STAT","WALTER DE GRUYTER GMBH","0021-4027","2366-049X","ECONOMICS","SSCI","552","1.1","Q3","0.41","63.44"%,
"Indian Journal of Labour Economics","INDIAN J LABOUR ECON","INDIAN SOC LABOUR ECONOMICS","0971-7927","0019-5308","ECONOMICS","ESCI","544","1.1","Q3","0.38","8.28"%,
"Asian Development Review","ASIAN DEVELOP REV","WORLD SCIENTIFIC PUBL CO PTE LTD","0116-1105","1996-7241","ECONOMICS","ESCI","369","1.1","Q3","0.36","78.13"%,
"CANADIAN JOURNAL OF ECONOMICS-REVUE CANADIENNE D ECONOMIQUE","CAN J ECON","WILEY","0008-4085","1540-5982","ECONOMICS","SSCI","2,243","1.1","Q3","0.36","23.32"%,
"OXFORD ECONOMIC PAPERS-NEW SERIES","OXFORD ECON PAP","OXFORD UNIV PRESS","0030-7653","1464-3812","ECONOMICS","SSCI","2,806","1.1","Q3","0.33","26.09"%,
"International Review of Environmental and Resource Economics","INT REV ENVIRON RESO","NOW PUBLISHERS INC","1932-1465","1932-1473","ECONOMICS","ESCI","388","1.1","Q3","0.3","6.9"%,
"REVIEW OF RADICAL POLITICAL ECONOMICS","REV RADICAL POL ECON","SAGE PUBLICATIONS INC","0486-6134","1552-8502","ECONOMICS","SSCI","911","1.1","Q3","0.3","9.68"%,
"Asian Economic Journal","ASIAN ECON J","WILEY","1351-3958","1467-8381","ECONOMICS","SSCI","378","1.1","Q3","0.28","9.09"%,
"Macroeconomics and Finance in Emerging Market Economies","MACROECON FINANC EME","ROUTLEDGE JOURNALS, TAYLOR & FRANCIS LTD","1752-0843","1752-0851","ECONOMICS","ESCI","251","1.1","Q3","0.28","0.99"%,
"MANCHESTER SCHOOL","MANCH SCH","WILEY","1463-6786","1467-9957","ECONOMICS","SSCI","1,240","1.1","Q3","0.28","33.67"%,
"Scientific Papers of the University of Pardubice-Series D-Faculty of Economics and Administration","SCI PAP U PARD-SER D","Univ Pardubice, Fac Economics Adm","1211-555X","1804-8048","ECONOMICS","ESCI","145","1.1","Q3","0.28","98.88"%,
"European Review of Economic History","EUR REV ECON HIST","OXFORD UNIV PRESS","1361-4916","1474-0044","ECONOMICS","SSCI","757","1","Q3","0.99","25.64"%,
"INTERNATIONAL REVIEW OF LAW AND ECONOMICS","INT REV LAW ECON","ELSEVIER SCIENCE INC","0144-8188","1873-6394","ECONOMICS","SSCI","955","1","Q3","0.74","23"%,
"Annals of Actuarial Science","ANN ACTUAR SCI","CAMBRIDGE UNIV PRESS","1748-4995","1748-5002","ECONOMICS","ESCI","322","1","Q3","0.55","63.38"%,
"Montenegrin Journal of Economics","MONTENEGRIN J ECON","ECONOMIC LABORATORY TRANSITION RESEARCH PODGORICA-ELIT","1800-5845","1800-6698","ECONOMICS","ESCI","426","1","Q3","0.48","81.31"%,
"AMERICAN JOURNAL OF ECONOMICS AND SOCIOLOGY","AM J ECON SOCIOL","WILEY","0002-9246","1536-7150","ECONOMICS","SSCI","1,193","1","Q3","0.4","15.6"%,
"Econometric Reviews","ECONOMET REV","TAYLOR & FRANCIS INC","0747-4938","1532-4168","ECONOMICS","SSCI","2,724","1","Q3","0.39","18.75"%,
"OPEN ECONOMIES REVIEW","OPEN ECON REV","SPRINGER","0923-7992","1573-708X","ECONOMICS","SSCI","819","1","Q3","0.39","35.29"%,
"Journal of Social and Economic Development","J SOCIAL EC DEV","SPRINGER INDIA","0972-5792","2199-6873","ECONOMICS","ESCI","350","1","Q3","0.37","17.22"%,
"ECONOMETRIC THEORY","ECONOMET THEOR","CAMBRIDGE UNIV PRESS","0266-4666","1469-4360","ECONOMICS","SSCI","3,089","1","Q3","0.36","35.65"%,
"JOURNAL OF ECONOMIC INTEGRATION","J ECON INTEGR","Center Economic Integration","1225-651X","1976-5525","ECONOMICS","ESCI","522","1","Q3","0.35","94.38"%,
"Journal of Economic Interaction and Coordination","J ECON INTERACT COOR","SPRINGER HEIDELBERG","1860-711X","1860-7128","ECONOMICS","SSCI","362","1","Q3","0.35","49.44"%,
"JOURNAL OF INDUSTRIAL ECONOMICS","J IND ECON","WILEY","0022-1821","1467-6451","ECONOMICS","SSCI","1,965","1","Q3","0.35","34.48"%,
"Economic Computation and Economic Cybernetics Studies and Research","ECON COMPUT ECON CYB","EDITURA ASE","0424-267X","1842-3264","ECONOMICS","SSCI","617","1","Q3","0.34","96.58"%,
"Mathematics and Financial Economics","MATH FINANC ECON","SPRINGER HEIDELBERG","1862-9679","1862-9660","ECONOMICS","SSCI","398","1","Q3","0.34","40"%,
"National Institute Economic Review","NATL INST ECON REV","CAMBRIDGE UNIV PRESS","0027-9501","1741-3036","ECONOMICS","ESCI","444","1","Q3","0.34","37.93"%,
"Australian Economic Review","AUST ECON REV","WILEY","0004-9018","1467-8462","ECONOMICS","SSCI","538","1","Q3","0.33","64.15"%,
"Banks and Bank Systems","BANKS BANK SYST","LLC CPC BUSINESS PERSPECTIVES","1816-7403","1991-7074","ECONOMICS","ESCI","554","1","Q3","0.33","97.78"%,
"GAMES AND ECONOMIC BEHAVIOR","GAME ECON BEHAV","ACADEMIC PRESS INC ELSEVIER SCIENCE","0899-8256","1090-2473","ECONOMICS","SSCI","5,296","1","Q3","0.33","32.73"%,
"Global Economy Journal","GLOB ECON J","WORLD SCIENTIFIC PUBL CO PTE LTD","2194-5659","1553-5304","ECONOMICS","ESCI","225","1","Q3","0.33","0"%,
"South East European Journal of Economics and Business","S E EUR J ECON BUS","WALTER DE GRUYTER GMBH","1840-118X","2233-1999","ECONOMICS","ESCI","244","1","Q3","0.33","100"%,
"Asian Journal of Applied Economics","ASIAN J APPL ECON","KASERSART UNIV, FAC ECONOMICS","N/A","2985-1610","ECONOMICS","ESCI","8","1","Q3","0.31","0"%,
"Foresight and STI Governance","FORESIGHT STI GOV","NATL RESEARCH UNIV HIGHER SCH ECONOMICS","1995-459X","2500-2597","ECONOMICS","ESCI","332","1","Q3","0.3","86.36"%,
"JOURNAL OF POST KEYNESIAN ECONOMICS","J POST KEYNESIAN EC","ROUTLEDGE JOURNALS, TAYLOR & FRANCIS LTD","0160-3477","1557-7821","ECONOMICS","SSCI","1,034","1","Q3","0.29","10.23"%,
"Romanian Journal of Economic Forecasting","ROM J ECON FORECAST","INST ECONOMIC FORECASTING","1582-6163","2537-6071","ECONOMICS","SSCI","333","1","Q3","0.29","0"%,
"Organizations and Markets in Emerging Economies","ORGAN MARKET EMERG E","VILNIUS UNIV PRESS","2029-4581","2345-0037","ECONOMICS","ESCI","209","1","Q3","0.28","94.59"%,
"Foreign Trade Review","FOREIGN TRADE REV","SAGE PUBLICATIONS INDIA PVT LTD","0015-7325","0971-7625","ECONOMICS","ESCI","256","1","Q3","0.27","4.4"%,
"Geneva Risk and Insurance Review","GENEVA RISK INS REV","PALGRAVE MACMILLAN LTD","1554-964X","1554-9658","ECONOMICS","SSCI","148","1","Q3","0.27","33.33"%,
"Prague Economic Papers","PRAGUE ECON PAP","Prague Univ Economics and Business","1210-0455","2336-730X","ECONOMICS","SSCI","305","1","Q3","0.25","98.77"%,
"SCANDINAVIAN ECONOMIC HISTORY REVIEW","SCAND ECON HIST REV","ROUTLEDGE JOURNALS, TAYLOR & FRANCIS LTD","0358-5522","1750-2837","ECONOMICS","ESCI","292","1","Q3","0.22","73.33"%,
"PUBLIC FINANCE REVIEW","PUBLIC FINANC REV","SAGE PUBLICATIONS INC","1091-1421","1552-7530","ECONOMICS","ESCI","718","1","Q3","0.21","10.34"%,
"HISTORY OF POLITICAL ECONOMY","HIST POLIT ECON","DUKE UNIV PRESS","0018-2702","1527-1919","ECONOMICS","SSCI","1,060","0.9","Q3","0.64","0"%,
"JOURNAL OF ECONOMIC EDUCATION","J ECON EDUC","ROUTLEDGE JOURNALS, TAYLOR & FRANCIS LTD","0022-0485","2152-4068","ECONOMICS","SSCI","1,054","0.9","Q3","0.42","11.32"%,
"SOUTH AFRICAN JOURNAL OF ECONOMICS","S AFR J ECON","WILEY","0038-2280","1813-6982","ECONOMICS","SSCI","626","0.9","Q3","0.4","49.25"%,
"Journal of Public Finance and Public Choice","J PUBLIC FINANC PUBL","BRISTOL UNIV PRESS & POLICY PRESS","2515-6918","2515-6926","ECONOMICS","ESCI","80","0.9","Q3","0.39","2.5"%,
"Journal of Neuroscience Psychology and Economics","J NEUROSCI PSYCHOL E","EDUCATIONAL PUBLISHING FOUNDATION-AMERICAN PSYCHOLOGICAL ASSOC","1937-321X","2151-318X","ECONOMICS","SSCI","345","0.9","Q3","0.37","7.32"%,
"Journal of Pension Economics & Finance","J PENSION ECON FINAN","CAMBRIDGE UNIV PRESS","1474-7472","1475-3022","ECONOMICS","SSCI","796","0.9","Q3","0.37","52.78"%,
"Journal of Public Economic Theory","J PUBLIC ECON THEORY","WILEY","1097-3923","1467-9779","ECONOMICS","SSCI","733","0.9","Q3","0.34","23.88"%,
"Agrarian South-Journal of Political Economy","AGRAR S","SAGE PUBLICATIONS INC","2277-9760","2321-0281","ECONOMICS","ESCI","96","0.9","Q3","0.33","15.09"%,
"CESifo Economic Studies","CESIFO ECON STUD","OXFORD UNIV PRESS","1610-241X","1612-7501","ECONOMICS","SSCI","496","0.9","Q3","0.31","23.08"%,
"International Journal of the Economics of Business","INT J ECON BUS","ROUTLEDGE JOURNALS, TAYLOR & FRANCIS LTD","1357-1516","1466-1829","ECONOMICS","ESCI","513","0.9","Q3","0.3","18.42"%,
"Economists Voice","ECON VOICE","WALTER DE GRUYTER GMBH","2194-6167","1553-3832","ECONOMICS","ESCI","97","0.9","Q3","0.29","30.99"%,
"Metroeconomica","METROECONOMICA","WILEY","0026-1386","1467-999X","ECONOMICS","SSCI","730","0.9","Q3","0.29","20.59"%,
"Terra Economicus","TERRA ECON","SOUTHERN FEDERAL UNIV","2073-6606","2073-6606","ECONOMICS","ESCI","204","0.9","Q3","0.29","99.07"%,
"Economic Papers","ECON PAP","WILEY","0812-0439","1759-3441","ECONOMICS","ESCI","326","0.9","Q3","0.28","33.33"%,
"Review of Derivatives Research","REV DERIV RES","SPRINGER","1380-6645","1573-7144","ECONOMICS","SSCI","217","0.9","Q3","0.27","57.14"%,
"STUDIES IN NONLINEAR DYNAMICS AND ECONOMETRICS","STUD NONLINEAR DYN E","WALTER DE GRUYTER GMBH","1081-1826","1558-3708","ECONOMICS","SSCI","554","0.9","Q3","0.26","16.67"%,
"Asian-Pacific Economic Literature","ASIAN-PAC ECON LIT","WILEY","0818-9935","1467-8411","ECONOMICS","SSCI","193","0.9","Q3","0.25","10"%,
"JOURNAL OF TRANSPORT ECONOMICS AND POLICY","J TRANSP ECON POLICY","UNIV BATH","0022-5258","1754-5951","ECONOMICS","SSCI","852","0.9","Q3","0.24","0"%,
"Studies in Business and Economics","STUD BUS ECON-ROM","SCIENDO","1842-4120","2344-5416","ECONOMICS","ESCI","374","0.9","Q3","0.24","95.6"%,
"REVESCO-Revista de Estudios Cooperativos","REVESCO-REV ESTUD CO","UNIV COMPLUTENSE MADRID, SERVICIO PUBLICACIONES","1885-8031","1135-6618","ECONOMICS","ESCI","326","0.9","Q3","0.22","98.82"%,
"Revista Galega de Economia","REV GALEGA ECON","UNIV SANTIAGO COMPOSTELA","1132-2799","2255-5951","ECONOMICS","ESCI","116","0.9","Q3","0.2","93.1"%,
"American Law and Economics Review","AM LAW ECON REV","OXFORD UNIV PRESS INC","1465-7252","1465-7260","ECONOMICS","SSCI","404","0.8","Q3","0.75","6.45"%,
"Economics of Peace and Security Journal","ECON PEACE SECUR J","ECONOMISTS PEACE & SECURITY","1749-852X","1749-852X","ECONOMICS","ESCI","119","0.8","Q3","0.37","94.74"%,
"Journal of Human Capital","J HUM CAPITAL","UNIV CHICAGO PRESS","1932-8575","1932-8664","ECONOMICS","SSCI","523","0.8","Q3","0.36","1.96"%,
"Scientific Annals of Economics and Business","SCI ANN ECON BUS","ALEXANDRU IOAN CUZA UNIV IASI FAC ECONOMICS & BUSINESS ADM","2501-1960","2501-3165","ECONOMICS","ESCI","205","0.8","Q3","0.33","97.98"%,
"Economics of Governance","ECON GOV","SPRINGER HEIDELBERG","1435-6104","1435-8131","ECONOMICS","SSCI","453","0.8","Q3","0.31","23.53"%,
"Panoeconomicus","PANOECONOMICUS","SAVEZ EKONOMISTA VOJVODINE","1452-595X","2217-2386","ECONOMICS","SSCI","299","0.8","Q3","0.3","100"%,
"Baltic Journal of Economics","BALT J ECON","ROUTLEDGE JOURNALS, TAYLOR & FRANCIS LTD","1406-099X","2334-4385","ECONOMICS","SSCI","117","0.8","Q3","0.29","100"%,
"PSL Quarterly Review","PSL Q REV","ASSOC PAOLO SYLOS LABINI","2037-3635","2037-3643","ECONOMICS","ESCI","211","0.8","Q3","0.29","0"%,
"Journal of Southeast Asian Economies","J SOUTHEAST ASIAN EC","INST SOUTHEAST ASIAN STUDIES-ISEAS","2339-5095","2339-5206","ECONOMICS","ESCI","214","0.8","Q3","0.28","0"%,
"MACROECONOMIC DYNAMICS","MACROECON DYN","CAMBRIDGE UNIV PRESS","1365-1005","1469-8056","ECONOMICS","SSCI","1,260","0.8","Q3","0.28","35.29"%,
"JOURNAL OF ECONOMIC ISSUES","J ECON ISSUES","ROUTLEDGE JOURNALS, TAYLOR & FRANCIS LTD","0021-3624","1946-326X","ECONOMICS","SSCI","1,844","0.8","Q3","0.27","13.18"%,
"SOCIAL CHOICE AND WELFARE","SOC CHOICE WELFARE","SPRINGER","0176-1714","1432-217X","ECONOMICS","SSCI","1,555","0.8","Q3","0.26","43.48"%,
"B E Journal of Economic Analysis & Policy","BE J ECON ANAL POLI","WALTER DE GRUYTER GMBH","2194-6108","1935-1682","ECONOMICS","SSCI","1,127","0.8","Q3","0.24","21.5"%,
"Estudios Gerenciales","ESTUD GERENC","UNIV ICESI","0123-5923","0123-5923","ECONOMICS","ESCI","393","0.8","Q3","0.23","82.91"%,
"International Journal of Economic Policy Studies","INT J ECON POLICY ST","SPRINGERNATURE","2524-4892","1881-4387","ECONOMICS","ESCI","137","0.8","Q3","0.23","17.11"%,
"ATLANTIC ECONOMIC JOURNAL","ATLANTIC ECON J","SPRINGER","0197-4254","1573-9678","ECONOMICS","ESCI","393","0.8","Q3","0.19","18.03"%,
"International Journal of Management and Economics","INT J MANAG ECON","SCIENDO","2299-9701","2543-5361","ECONOMICS","ESCI","325","0.8","Q3","0.15","100"%,
"Review of Economic Perspectives","REV ECON PERSPECT","SCIENDO","1213-2446","1804-1663","ECONOMICS","ESCI","148","0.8","Q3","0.15","100"%,
"Cliometrica","CLIOMETRICA","SPRINGER HEIDELBERG","1863-2505","1863-2513","ECONOMICS","SSCI","313","0.7","Q3","1.73","57.14"%,
"European Journal of the History of Economic Thought","EUR J HIST ECON THOU","ROUTLEDGE JOURNALS, TAYLOR & FRANCIS LTD","0967-2567","1469-5936","ECONOMICS","SSCI","460","0.7","Q3","0.65","15.86"%,
"Journal of Demographic Economics","J DEMOGR ECON","CAMBRIDGE UNIV PRESS","2054-0892","2054-0906","ECONOMICS","SSCI","278","0.7","Q3","0.46","29.85"%,
"New Zealand Economic Papers","NEW ZEAL ECON PAP","TAYLOR & FRANCIS LTD","0077-9954","1943-4863","ECONOMICS","ESCI","188","0.7","Q3","0.37","21.98"%,
"Journal of Forest Economics","J FOREST ECON","NOW PUBLISHERS INC","1104-6899","1618-1530","ECONOMICS","SSCI","632","0.7","Q3","0.36","2.44"%,
"International Advances in Economic Research","INT ADV ECON RES","SPRINGER","1083-0898","1573-966X","ECONOMICS","ESCI","477","0.7","Q3","0.3","29.73"%,
"JOURNAL OF MATHEMATICAL ECONOMICS","J MATH ECON","ELSEVIER SCIENCE SA","0304-4068","1873-1538","ECONOMICS","SSCI","1,779","0.7","Q3","0.3","31.48"%,
"Latin American Business Review","LAT AM BUS REV","TAYLOR & FRANCIS LTD","1097-8526","1528-6932","ECONOMICS","ESCI","169","0.7","Q3","0.3","0"%,
"Pacific Economic Review","PAC ECON REV","WILEY","1361-374X","1468-0106","ECONOMICS","SSCI","523","0.7","Q3","0.3","12.07"%,
"Economics and Business Letters","ECON BUS LETT","UNIV OVIEDO","2254-4380","2254-4380","ECONOMICS","ESCI","196","0.7","Q3","0.28","90.79"%,
"Ledger","LEDGER-PITTSBURGH","UNIV PITTSBURGH, UNIV LIBRARY SYSTEM","N/A","2379-5980","ECONOMICS","ESCI","104","0.7","Q3","0.24","100"%,
"MATHEMATICAL SOCIAL SCIENCES","MATH SOC SCI","ELSEVIER","0165-4896","1879-3118","ECONOMICS","SSCI","1,000","0.7","Q3","0.24","30.86"%,
"REVIEW OF INDUSTRIAL ORGANIZATION","REV IND ORGAN","SPRINGER","0889-938X","1573-7160","ECONOMICS","SSCI","1,198","0.7","Q3","0.24","36.3"%,
"Japanese Political Economy","JPN POLIT ECON","TAYLOR & FRANCIS LTD","2329-194X","2329-1958","ECONOMICS","ESCI","68","0.7","Q3","0.23","22.22"%,
"ACTA OECONOMICA","ACTA OECON","AKADEMIAI KIADO ZRT","0001-6373","1588-2659","ECONOMICS","SSCI","299","0.7","Q3","0.2","35.58"%,
"Economic Journal of Emerging Markets","ECON J EMERG MARK","UNIV ISLAM INDONESIA","2086-3128","2502-180X","ECONOMICS","ESCI","95","0.7","Q3","0.2","98.11"%,
"International Journal of Economic Theory","INT J ECON THEORY","WILEY","1742-7355","1742-7363","ECONOMICS","SSCI","179","0.7","Q3","0.2","15.07"%,
"Journal of Interdisciplinary Economics","J INTERDISC ECON","SAGE PUBLICATIONS INDIA PVT LTD","0260-1079","2321-5305","ECONOMICS","ESCI","135","0.7","Q3","0.19","11.43"%,
"Zbornik Radova Ekonomskog Fakulteta u Rijeci-Proceedings of Rijeka Faculty of Economics","ZB RAD EKON FAK RIJE","UNIV RIJEKA, FAC ECOMOMICS","1331-8004","1846-7520","ECONOMICS","ESCI","220","0.7","Q3","0.19","96.49"%,
"Economia Agraria y Recursos Naturales","ECON AGRAR RECUR NAT","UNIV POLITECNICA VALENCIA, EDITORIAL UPV","1578-0732","2174-7350","ECONOMICS","ESCI","132","0.7","Q3","0.14","100"%,
"Journal of the Economic Science Association-JESA","J ECON SCI ASSOC-JES","CAMBRIDGE UNIV PRESS","2199-6784","2199-6776","ECONOMICS","ESCI","334","0.6","Q4","0.36","48.44"%,
"Studia Europejskie-Studies in European Affairs","STUD EUROPEJSKIE","University of Warsaw Centre for Europe","1428-149X","2719-3780","ECONOMICS","ESCI","89","0.6","Q4","0.29","100"%,
"THEORY AND DECISION","THEOR DECIS","SPRINGER","0040-5833","1573-7187","ECONOMICS","SSCI","1,296","0.6","Q4","0.26","41.56"%,
"Etikonomi","ETIKONOMI","SYARIF SYARIF HIDAYATULLAH STATE UNIV JAKARTA","1412-8969","2461-0771","ECONOMICS","ESCI","126","0.6","Q4","0.24","91.4"%,
"Studia Universitatis Vasile Goldis Arad Seria Stiinte Economice","STUD U VASILE GOL EC","SCIENDO","1584-2339","2285-3065","ECONOMICS","ESCI","105","0.6","Q4","0.24","98.36"%,
"Investigacion Economica","INVEST ECON-MEX","UNIV NACIONAL AUTONOMA MEXICO, FAC ECONOMIA","0185-1667","N/A","ECONOMICS","SSCI","213","0.6","Q4","0.21","98.67"%,
"ACCESS-Access to science business innovation in the digital economy","ACCESS-ACCESS SCI BU","Access Press Publishing House","N/A","2683-1007","ECONOMICS","ESCI","80","0.6","Q4","0.2","90.8"%,
"JOURNAL OF QUANTITATIVE ECONOMICS","J QUANT ECON","SPRINGER","0971-1554","2364-1045","ECONOMICS","ESCI","307","0.6","Q4","0.2","8.33"%,
"Baltic Journal of Economic Studies","BALT J ECON STUD","Baltija Publishing","2256-0742","2256-0963","ECONOMICS","ESCI","443","0.6","Q4","0.18","99.08"%,
"Econ Journal Watch","ECON J WATCH","INST SPONTANEOUS ORDER ECONOMICS","1933-527X","1933-527X","ECONOMICS","SSCI","175","0.6","Q4","0.17","0"%,
"Indian Economic Review","INDIAN ECON REV","SPRINGERNATURE","0019-4670","2520-1778","ECONOMICS","ESCI","239","0.6","Q4","0.17","10.75"%,
"EKONOMICKY CASOPIS","EKON CAS","INST ECONOMICS RESEARCH SAS & INST FORECASTING CSPS SAS","0013-3035","0013-3035","ECONOMICS","SSCI","213","0.6","Q4","0.16","100"%,
"Malaysian Journal of Economic Studies","MALAYS J ECON STUD","PERSATUAN EKONOMI MALAYSIA","1511-4554","1511-4554","ECONOMICS","ESCI","155","0.6","Q4","0.16","100"%,
"EGE ACADEMIC REVIEW","EGE ACAD REV","EGE UNIV, FAC ECONOMICS & ADMIN SCIENCES","1303-099X","1303-099X","ECONOMICS","ESCI","227","0.6","Q4","0.15","87.29"%,
"International Review","INT REV","FAC BUSINESS ECONOMICS & ENTREPRENEURSHIP","2217-9739","2217-9739","ECONOMICS","ESCI","170","0.6","Q4","0.11","99.14"%,
"Revista de Historia Economica-Journal of Iberian and Latin American Economic History","REV HIST ECON","CAMBRIDGE UNIV PRESS","0212-6109","2041-3335","ECONOMICS","SSCI","270","0.5","Q4","1.18","31.71"%,
"Revista de Historia Industrial","REV HIST INDUST","UNIV BARCELONA, DEPT HISTORIA, INST ECONOMIQUES","1132-7200","2385-3247","ECONOMICS","SSCI","201","0.5","Q4","0.53","95.35"%,
"Journal of Philosophical Economics","J PHILOS ECON","EDITURA ASE","1843-2298","1844-8208","ECONOMICS","ESCI","82","0.5","Q4","0.4","3.03"%,
"JAPANESE ECONOMIC REVIEW","JPN ECON REV","SPRINGER HEIDELBERG","1352-4739","1468-5876","ECONOMICS","SSCI","475","0.5","Q4","0.37","28.81"%,
"Eastern Economic Journal","EAST ECON J","PALGRAVE MACMILLAN LTD","0094-5056","1939-4632","ECONOMICS","ESCI","597","0.5","Q4","0.28","13.16"%,
"Series-Journal of the Spanish Economic Association","SERIES-J SPAN ECON","SPRINGER HEIDELBERG","1869-4187","1869-4195","ECONOMICS","SSCI","301","0.5","Q4","0.27","100"%,
"Games","GAMES-BASEL","MDPI","N/A","2073-4336","ECONOMICS","ESCI","478","0.5","Q4","0.23","100"%,
"Journal of Australian Political Economy","J AUST POLIT ECON","AUSTRALIAN POLITICAL ECONOMY MOVEMENT","0156-5826","1839-3675","ECONOMICS","SSCI","227","0.5","Q4","0.23","0"%,
"Voprosy Ekonomiki","VOPR EKON","VOPROSY EKONOMIKI, NP","0042-8736","0042-8736","ECONOMICS","ESCI","413","0.5","Q4","0.23","0"%,
"Review of Economic Analysis","REV ECON ANAL","DIGITAL INITIATIVES UNIV WATERLOO LIB","1973-3909","1973-3909","ECONOMICS","ESCI","92","0.5","Q4","0.22","16.13"%,
"Review of Behavioral Economics","REV BEHAV ECON","NOW PUBLISHERS INC","2326-6198","2326-6201","ECONOMICS","ESCI","184","0.5","Q4","0.21","1.96"%,
"REVUE D ECONOMIE POLITIQUE","REV ECON POLIT","EDITIONS DALLOZ","0373-2630","2105-2883","ECONOMICS","SSCI","261","0.5","Q4","0.21","0"%,
"Financial Internet Quarterly","FINANC INTERNET Q","WALTER DE GRUYTER GMBH","N/A","2719-3454","ECONOMICS","ESCI","90","0.5","Q4","0.19","97.96"%,
"Argumenta Oeconomica","ARGUM OECON","WROCLAW UNIV ECONOMICS","1233-5835","2720-5088","ECONOMICS","SSCI","127","0.5","Q4","0.18","100"%,
"Comparative Economic Research-Central and Eastern Europe","COMP ECON RES","LODZ UNIV PRESS","1508-2008","2082-6737","ECONOMICS","ESCI","257","0.5","Q4","0.18","100"%,
"Evolutionary and Institutional Economics Review","EVOL INST ECON REV","SPRINGER HEIDELBERG","1349-4961","2188-2096","ECONOMICS","ESCI","151","0.5","Q4","0.18","25.49"%,
"Hacienda Publica Espanola-Review of Public Economics","HACIENDA PUBLICA ESP","INST ESTUDIOS FISCALES","0210-1173","2386-4176","ECONOMICS","SSCI","219","0.5","Q4","0.17","97.01"%,
"Review of Economic Design","REV ECON DES","SPRINGER HEIDELBERG","1434-4742","1434-4750","ECONOMICS","SSCI","188","0.5","Q4","0.17","27.66"%,
"Economic Theory Bulletin","ECON THEOR B","SPRINGER HEIDELBERG","2196-1085","2196-1093","ECONOMICS","ESCI","71","0.5","Q4","0.16","31.82"%,
"International Studies of Economics","INT STUD ECON","WILEY","2831-3224","2831-3224","ECONOMICS","ESCI","40","0.5","Q4","0.16","94.19"%,
"B E Journal of Macroeconomics","BE J MACROECON","WALTER DE GRUYTER GMBH","2194-6116","1935-1690","ECONOMICS","SSCI","352","0.5","Q4","0.15","3.57"%,
"B E Journal of Theoretical Economics","BE J THEOR ECON","WALTER DE GRUYTER GMBH","2194-6124","1935-1704","ECONOMICS","SSCI","242","0.5","Q4","0.14","9.68"%,
"Latin American Economic Review","LAT AM ECON REV","CENTRO INVESTIGACION & DOCENCIA ECONOMICAS-CIDE","2198-3526","2196-436X","ECONOMICS","SSCI","199","0.5","Q4","0.14","8.33"%,
"Oeconomia-History Methodology Philosophy","OECONOMIA","ASSOC OECONOMIA","2113-5207","2269-8450","ECONOMICS","ESCI","168","0.5","Q4","0.14","64.77"%,
"World Review of Political Economy","WORLD REV POLIT ECON","PLUTO JOURNALS","2042-891X","2042-8928","ECONOMICS","ESCI","139","0.5","Q4","0.14","80.6"%,
"Zagreb International Review of Economics & Business","ZAGREB INT REV ECON","WALTER DE GRUYTER GMBH","1331-5609","1849-1162","ECONOMICS","ESCI","187","0.5","Q4","0.13","77.92"%,
"International Journal of Transport Economics","INT J TRANSP ECON","FABRIZIO SERRA EDITORE","0391-8440","N/A","ECONOMICS","SSCI","175","0.5","Q4","0.12","0"%,
"Journal of Institutional Studies","J INST STUD","INT ASSOC INST RESEARCH","2076-6297","2412-6039","ECONOMICS","ESCI","97","0.5","Q4","0.12","97.96"%,
"Ekonomia i Prawo-Economics and Law","EKON PRAWO","UNIWERSYTET MIKOLAJA KOPERNIKA-NICOLAUS COPERNICUS UNIV","1898-2255","2392-1625","ECONOMICS","ESCI","116","0.5","Q4","0.11","95.8"%,
"REICE-Revista Electronica de Investigacion en Ciencias Economicas","REICE-REV ELECTRON I","UNIV NACL AUTONOMA NICARAGUA","2308-782X","2308-782X","ECONOMICS","ESCI","100","0.5","Q4","0.11","80.23"%,
"Annals of Economics and Finance","ANN ECON FINANC","WUHAN UNIV JOURNALS PRESS","1529-7373","1529-7373","ECONOMICS","SSCI","361","0.5","Q4","0.1","0"%,
"Croatian Economic Survey","CROAT ECON SURV","INST ECONOMICS, ZAGREB","1330-4860","1846-3878","ECONOMICS","ESCI","47","0.5","Q4","0.1","94.12"%,
"Estudios de Economia","ESTUD ECONOMIA","UNIV CHILE DEPT ECONOMICS","0718-5286","0718-5286","ECONOMICS","SSCI","135","0.5","Q4","0.1","35.14"%,
"REVUE ECONOMIQUE","REV ECON-FR","PRESSES FOND NAT SCI POLIT","0035-2764","1950-6694","ECONOMICS","ESCI","398","0.5","Q4","0.1","0.92"%,
"TRIMESTRE ECONOMICO","TRIMEST ECON","FONDO CULTURA ECONOMICA","0041-3011","0041-3011","ECONOMICS","SSCI","272","0.5","Q4","0.09","95.92"%,
"Apuntes del CENES","APUNT CENES","UNIV PEDAGOGICA & TECNOLOGICA COLOMBIA","0120-3053","2256-5779","ECONOMICS","ESCI","57","0.5","Q4","0.08","83.87"%,
"Asia-Pacific Economic History Review","ASIA-PAC ECON HIST R","WILEY","2832-157X","2832-157X","ECONOMICS","SSCI","14","0.4","Q4","0.46","57.14"%,
"Regionologiya-Regionology Russian Journal of Regional Studies","REGIONOLOGIYA","NATL RESEARCH OGAREV MORDOVIA STATE UNIV","2413-1407","2587-8549","ECONOMICS","ESCI","57","0.4","Q4","0.3","98.33"%,
"Economics and Finance Letters","ECON FINANCE LETT","CONSCIENTIA BEAM","2312-6310","2312-430X","ECONOMICS","ESCI","64","0.4","Q4","0.2","98.48"%,
"INTERNATIONAL JOURNAL OF GAME THEORY","INT J GAME THEORY","SPRINGER HEIDELBERG","0020-7276","1432-1270","ECONOMICS","SSCI","1,305","0.4","Q4","0.19","38.1"%,
"Review of Regional Studies","REV REG STUD","SOUTHERN REGIONAL SCIENCE ASSOC","0048-749X","1553-0892","ECONOMICS","ESCI","289","0.4","Q4","0.19","0"%,
"African Review of Economics and Finance-AREF","AFR REV ECON FINANC","PORTHOLOGOS PRESS","2042-1478","2410-4906","ECONOMICS","ESCI","179","0.4","Q4","0.18","0"%,
"ECONOMIC AND SOCIAL REVIEW","ECON SOC REV","ECONOMIC & SOCIAL STUDIES","0012-9984","0012-9984","ECONOMICS","SSCI","308","0.4","Q4","0.18","0"%,
"POLITICKA EKONOMIE","POLIT EKON","Prague Univ Economics and Business","0032-3233","2336-8225","ECONOMICS","SSCI","139","0.4","Q4","0.18","97.94"%,
"Croatian Operational Research Review","CROAT OPER RES REV","CROATIAN OPERATIONAL RESEARCH SOC","1848-0225","1848-9931","ECONOMICS","ESCI","160","0.4","Q4","0.16","97.56"%,
"East Asian Economic Review","E ASIAN ECON REV","KOREA INST INT ECONOMIC POLICY","2508-1640","2508-1667","ECONOMICS","ESCI","82","0.4","Q4","0.15","97.44"%,
"Ekonomska Misao i Praksa-Economic Thought and Practice","EKON MISAO PRAKSA","UNIV DUBROVNIK","1330-1039","1848-963X","ECONOMICS","ESCI","126","0.4","Q4","0.13","95.56"%,
"Sosyoekonomi","SOSYOEKONOMI","SOSYOEKONOMI SOC","1305-5577","1305-5577","ECONOMICS","ESCI","238","0.4","Q4","0.13","99.27"%,
"Journal of Energy Markets","J ENERGY MARKETS","INCISIVE MEDIA","1756-3607","1756-3615","ECONOMICS","ESCI","93","0.4","Q4","0.12","0"%,
"Revista Finanzas y Politica Economica","REV FINANZAS POLITIC","UNIV CATOLICA COLOMBIA, FAC ECONOMIA","2248-6046","2011-7663","ECONOMICS","ESCI","79","0.4","Q4","0.12","98.18"%,
"International Productivity Monitor","INT PRODUCT MONIT","CENTRE STUDY LIVING STANDARDS","1492-9759","1492-9767","ECONOMICS","ESCI","193","0.4","Q4","0.11","0"%,
"Homo Oeconomicus-Journal of Behavioral and Institutional Economics","HOMO OECON","SPRINGER HEIDELBERG","0943-0180","2366-6161","ECONOMICS","ESCI","65","0.4","Q4","0.1","56"%,
"Scientific Bulletin of Mukachevo State University-Series Economics","SCI B MUKACHEVO-ECON","MUKACHEVO STATE UNIV","2313-8114","2518-1254","ECONOMICS","ESCI","27","0.4","Q4","0.1","89.41"%,
"International Journal of Applied Behavioral Economics","INT J APPL BEHAV ECO","IGI GLOBAL","2160-9802","2160-9810","ECONOMICS","ESCI","35","0.4","Q4","0.09","90"%,
"International Journal of Contemporary Economics and Administrative Sciences","INT J CONTEMP ECON A","INT JOURNAL CONTEMPORARY ECONOMICS & ADMINISTRATIVE SCIENCES","1925-4423","1925-4423","ECONOMICS","ESCI","105","0.4","Q4","0.09","0"%,
"Revista de Economia Mundial","REV ECON MUND","UNIV HUELVA, SERV PUBLICACIONES","1576-0162","2340-4264","ECONOMICS","SSCI","132","0.4","Q4","0.08","68"%,
"Journal of Private Enterprise","J PRIV ENTERP","ASSOC PRIVATE ENTERPRISE EDUCATION","0890-913X","0890-913X","ECONOMICS","ESCI","120","0.4","Q4","0.06","0"%,
"Cepal Review","CEPAL REV","COMISION ECONOMICA PARA AMERICA LATINA Y EL CARIBE","0251-2920","1684-0348","ECONOMICS","SSCI","565","0.4","Q4","0.04","0"%,
"Investigaciones de Historia Economica","INVESTIG HIST ECON","ASOC ESPANOLA HISTORIA ECONOMICA","1698-6989","2340-3373","ECONOMICS","ESCI","141","0.3","Q4","0.61","90.48"%,
"Jahrbuch Fur Wirtschaftsgeschichte","JB WIRTSCHAFTSGESCHI","WALTER DE GRUYTER GMBH","0075-2800","2196-6842","ECONOMICS","ESCI","96","0.3","Q4","0.45","100"%,
"History of Economics Review","HIST ECON REV","TAYLOR & FRANCIS LTD","1037-0196","1838-6318","ECONOMICS","ESCI","62","0.3","Q4","0.21","28.95"%,
"Margin-Journal of Applied Economic Research","MARGIN","SAGE PUBLICATIONS INDIA PVT LTD","0973-8010","0973-8029","ECONOMICS","ESCI","269","0.3","Q4","0.19","9.38"%,
"South Asian Journal of Macroeconomics and Public Finance","S ASIAN J MACROEC PU","SAGE PUBLICATIONS INDIA PVT LTD","2277-9787","2321-0273","ECONOMICS","ESCI","61","0.3","Q4","0.16","9.09"%,
"Economic and Social Changes-Facts Trends Forecast","ECON SOC CHANG","INST SOCIO-ECONOMIC DEVELOPMENT TERRITORIES RUSSIAN ACAD SCIENCES-ISEDT RAS","2307-0331","2312-9824","ECONOMICS","ESCI","188","0.3","Q4","0.13","99.2"%,
"Economic Annals-XXI","ECON ANN-XXI","INST SOC TRANSFORMATION","1728-6220","1728-6239","ECONOMICS","ESCI","274","0.3","Q4","0.12","86.46"%,
"International Journal of Economics Management and Accounting","INT J ECON MANAG ACC","IIUM PRESS","1394-7680","1394-7680","ECONOMICS","ESCI","162","0.3","Q4","0.12","0"%,
"Ekonomicheskaya politika","EKONOMICHESKAYA POLI","EKONOMICESKAA POLITIKA","1994-5124","2411-2658","ECONOMICS","ESCI","115","0.3","Q4","0.11","98.91"%,
"FinanzArchiv-European Journal of Public Finance","FINANZARCHIV","MOHR SIEBECK","0015-2218","1614-0974","ECONOMICS","SSCI","249","0.3","Q4","0.11","2.5"%,
"International Journal of Computational Economics and Econometrics","INT J COMPUT ECON EC","INDERSCIENCE ENTERPRISES LTD","1757-1170","1757-1189","ECONOMICS","ESCI","112","0.3","Q4","0.11","1.56"%,
"International Real Estate Review","INT REAL ESTATE REV","GLOBAL SOCIAL SCIENCE INST","2154-8919","2154-8919","ECONOMICS","ESCI","126","0.3","Q4","0.11","0"%,
"Korean Economic Review","KOREAN ECON REV","KOREAN ECONOMIC ASSOCIATION","0254-3737","N/A","ECONOMICS","SSCI","76","0.3","Q4","0.11","0"%,
"Zhurnal Novaya Ekonomicheskaya Assotsiatsiya-Journal of the New Economic Association","ZH NOVAYA EKON ASSOT","CONSAS CONFERENCE","2221-2264","2221-2264","ECONOMICS","ESCI","140","0.3","Q4","0.11","98.88"%,
"Ekonomski Vjesnik","EKON VJESN","SVEUCILISTE JOSIPA JURJA STROSSMAYERA & OSIJEKU, EKONOMSKI FAK","0353-359X","1847-2206","ECONOMICS","ESCI","137","0.3","Q4","0.1","82.22"%,
"Eskisehir Osmangazi Universitesi IIBF Dergisi-Eskisehir Osmangazi University Journal of Economics and Administrative Sciences","ESKISEH OSMAN UNIV I","ESKISEHIR OSMANGAZI UNIV, FAC EDUCATION","1306-6730","1306-6730","ECONOMICS","ESCI","142","0.3","Q4","0.1","88.89"%,
"Revista Economia","REV ECON-PERU","PONTIFICIA UNIV CATOLICA PERU","0254-4415","2304-4306","ECONOMICS","ESCI","74","0.3","Q4","0.1","84.62"%,
"Statistika-Statistics and Economy Journal","STATISTIKA","CESKY STATISTICAL OFFICE","0322-788X","1804-8765","ECONOMICS","ESCI","93","0.3","Q4","0.1","95.35"%,
"Central European Journal of Economic Modelling and Econometrics","CENT EUR J ECONOM MO","POLISH ACADEMY SCIENCES-LODZ BRANCH","2080-0886","2080-119X","ECONOMICS","ESCI","42","0.3","Q4","0.09","25"%,
"Indonesian Capital Market Review","INDONES CAP MARK REV","UNIV INDONESIA","1979-8997","2356-3818","ECONOMICS","ESCI","38","0.3","Q4","0.08","80"%,
"Istanbul Iktisat Dergisi-Istanbul Journal of Economics","ISTANBUL J ECON","ISTANBUL UNIV","2602-4152","2602-3954","ECONOMICS","ESCI","41","0.3","Q4","0.08","65.91"%,
"Journal of Economic Policy Researches-Iktisat Politikasi Arastirmalari Dergisi","J ECON POLICY RES-IK","ISTANBUL UNIV","2148-3876","2148-3876","ECONOMICS","ESCI","35","0.3","Q4","0.08","38.46"%,
"Vestnik Sankt-Peterburgskogo Universiteta-Ekonomika-St Petersburg University Journal of Economic Studies","VESTN ST PETER U-EK","ST PETERSBURG UNIV PRESS","1026-356X","2542-226X","ECONOMICS","ESCI","61","0.3","Q4","0.08","97.59"%,
"Review of Network Economics","REV NETW ECON","WALTER DE GRUYTER GMBH","2194-5993","1446-9022","ECONOMICS","SSCI","277","0.2","Q4","0.19","13.79"%,
"JOURNAL OF INSTITUTIONAL AND THEORETICAL ECONOMICS-ZEITSCHRIFT FUR DIE GESAMTE STAATSWISSENSCHAFT","J INST THEOR ECON","J C B MOHR","0932-4569","1614-0559","ECONOMICS","SSCI","632","0.2","Q4","0.18","1.25"%,
"Manchester Journal of International Economic Law","MANCH J INT ECON LAW","ELECTRONIC PUBL LTD","1742-3945","1742-3945","ECONOMICS","ESCI","46","0.2","Q4","0.16","0"%,
"Seoul Journal of Economics","SEOUL J ECON","SEOUL NATL UNIV, INST ECONOMIC RESEARCH","1225-0279","1225-0279","ECONOMICS","ESCI","99","0.2","Q4","0.12","0"%,
"Ruch Prawniczy Ekonomiczny i Socjologiczny","RUCH PRAW EKON SOCJ","ADAM MICKIEWICZ UNIV POZNAN","0035-9629","2543-9170","ECONOMICS","ESCI","137","0.2","Q4","0.11","98.82"%,
"Turkish Journal of Islamic Economics-TUJISE","TURK J ISLAMIC ECON","RESEARCH CENTER ISLAMIC ECONOMICS-IKAM","N/A","2587-232X","ECONOMICS","ESCI","69","0.2","Q4","0.11","59.52"%,
"Gospodarka Narodowa-The Polish Journal of Economics","GOSPOD NARODOWA","SZKOLA GLOWNA HANDLOWA, KOLEGIUM ANALIZ EKONOMICZNYCH","0867-0005","2300-5238","ECONOMICS","ESCI","84","0.2","Q4","0.09","92.31"%,
"Lecturas de Economia","LECT ECON","UNIV ANTIOQUIA, FAC CIENCIAS ECONOMICAS","0120-2596","2323-0622","ECONOMICS","ESCI","72","0.2","Q4","0.09","92.59"%,
"HITOTSUBASHI JOURNAL OF ECONOMICS","HITOTSUB J ECON","HITOTSUBASHI UNIV","0018-280X","2436-097X","ECONOMICS","SSCI","120","0.2","Q4","0.08","0"%,
"Il Pensiero Economico Italiano","PENSIERO ECON ITAL","FABRIZIO SERRA EDITORE","1122-8784","1724-0581","ECONOMICS","ESCI","21","0.2","Q4","0.08","0"%,
"Independent Review","INDEP REV","INDEPENDENT INST","1086-1653","2169-3420","ECONOMICS","SSCI","281","0.2","Q4","0.08","0"%,
"Ekonomski Pregled","EKON PREGL","HRVATSKO DRUSTVO EKONOMISTA","0424-7558","1848-9494","ECONOMICS","ESCI","113","0.2","Q4","0.07","92.08"%,
"Academy Review","ACAD REV","ALFRED NOBEL UNIV","2074-5354","2522-9745","ECONOMICS","ESCI","46","0.2","Q4","0.06","100"%,
"Economics Bulletin","ECON BULL","ECONOMICS BULLETIN","1545-2921","1545-2921","ECONOMICS","ESCI","1,419","0.2","Q4","0.06","0"%,
"Ekonomika i Matematiceskie Metody-Economics and Mathematical Methods","EKON MAT METOD","Russian Acad Sciences, State Acad Univ Humanities (GAUGN)","0424-7388","0424-7388","ECONOMICS","ESCI","81","0.2","Q4","0.06","0.78"%,
"Indian Journal of Economics and Development","INDIAN J ECON DEV","SOC ECONOMICS & DEVELOPMENT","2277-5412","2322-0430","ECONOMICS","ESCI","249","0.2","Q4","0.06","0.67"%,
"Journal of Applied Economics and Business Research","J APPL ECON BUS RES","JOURNAL APPLIED ECONOMICS & BUSINESS RESEARCH","1927-033X","1927-033X","ECONOMICS","ESCI","121","0.2","Q4","0.06","0"%,
"PROBLEMAS DEL DESARROLLO","PROBL DESARROLLO","Inst Investigaciones Economicas, Natl Autonomous Univ Mexico - IIEc UNAM","2007-8951","2007-8951","ECONOMICS","ESCI","123","0.2","Q4","0.06","100"%,
"Anales del Instituto de Actuarios Espanoles","AN INST ACTUAR ESP","INST ACTUARIOS ESPANOLES","0534-3232","2531-2308","ECONOMICS","ESCI","22","0.2","Q4","0.05","90.48"%,
"Ekonomi Politika & Finans Arastirmalari Dergisi","EKON POLIT FINANS AR","Economic and Financial Research Assoc - EFAD","N/A","2587-151X","ECONOMICS","ESCI","56","0.2","Q4","0.05","100"%,
"Ekonomista","EKONOMISTA","Polskie Towarzystwo Ekonomiczne","0013-3205","2299-6184","ECONOMICS","ESCI","68","0.2","Q4","0.05","91.3"%,
"History of Economic Thought and Policy","HIST ECON THOUGHT PO","FRANCO ANGELI","2240-9971","2280-188X","ECONOMICS","ESCI","35","0.2","Q4","0.05","0"%,
"Ekoist-Journal of Econometrics and Statistics","EKOIST-J ECONOM STAT","ISTANBUL UNIV","2651-396X","2651-396X","ECONOMICS","ESCI","27","0.2","Q4","0.04","47.06"%,
"Revue d Economie Regionale et Urbaine","REV ECON REG URBAINE","ARMAND COLIN","0180-7307","2107-0865","ECONOMICS","ESCI","140","0.2","Q4","0.04","0"%,
"Region et Developpement","REG DEV","EDITIONS L HARMATTAN","1267-5059","2117-0843","ECONOMICS","ESCI","120","0.2","Q4","0.02","0"%,

Copyright (c) 2026 Clarivate 
By exporting the selected data; you agree to the data usage policy set forth in the Terms of Use 
