"Journal Data Filtered By:  Selected Categories: ASIAN STUDIES;AREA STUDIES Selected Editions: SCIE;SSCI;AHCI;ESCI Selected JCR Year: 2024 Selected Category Schema: WOS Selected Open Access: N Indicator: Default"

Journal name,JCR Abbreviation,Publisher,ISSN,eISSN,Category,Edition,Total Citations,2024 JIF,JIF Quartile,2024 JCI,% of Citable OA
"European Security","EUR SECUR","ROUTLEDGE JOURNALS, TAYLOR & FRANCIS LTD","0966-2839","1746-1545","AREA STUDIES","SSCI","934","3.6","Q1","1.98","57.28"%,
"Journal of Chinese Political Science","J CHIN POLIT SCI","SPRINGER","1080-6954","1874-6357","AREA STUDIES","SSCI","1,028","3.5","Q1","3.32","13.83"%,
"CHINA JOURNAL","CHINA J","UNIV CHICAGO PRESS","1324-9347","1835-8535","AREA STUDIES","SSCI","942","3.4","Q1","4.34","0"%,
"East European Politics","EAST EUR POLITICS","ROUTLEDGE JOURNALS, TAYLOR & FRANCIS LTD","2159-9165","2159-9173","AREA STUDIES","SSCI","993","3.1","Q1","1.98","43.48"%,
"POST-SOVIET AFFAIRS","POST-SOV AFF","ROUTLEDGE JOURNALS, TAYLOR & FRANCIS LTD","1060-586X","1938-2855","AREA STUDIES","SSCI","1,005","3","Q1","1.79","28.41"%,
"CHINA QUARTERLY","CHINA QUART","CAMBRIDGE UNIV PRESS","0305-7410","1468-2648","AREA STUDIES","SSCI","3,888","2.5","Q1","2.8","61.21"%,
"Journal of Contemporary China","J CONTEMP CHINA","ROUTLEDGE JOURNALS, TAYLOR & FRANCIS LTD","1067-0564","1469-9400","AREA STUDIES","SSCI","2,654","2.4","Q1","2.69","14.36"%,
"BULLETIN OF INDONESIAN ECONOMIC STUDIES","B INDONES ECON STUD","ROUTLEDGE JOURNALS, TAYLOR & FRANCIS LTD","0007-4918","1472-7234","AREA STUDIES","SSCI","568","2.3","Q1","1.78","12.82"%,
"Africa Spectrum","AFR SPECTR","SAGE PUBLICATIONS INC","0002-0397","1868-6869","AREA STUDIES","SSCI","485","2.2","Q1","2.23","100"%,
"AFRICAN AFFAIRS","AFR AFFAIRS","OXFORD UNIV PRESS","0001-9909","1468-2621","AREA STUDIES","SSCI","1,942","2.2","Q1","1.85","47.89"%,
"EURASIAN GEOGRAPHY AND ECONOMICS","EURASIAN GEOGR ECON","ROUTLEDGE JOURNALS, TAYLOR & FRANCIS LTD","1538-7216","1938-2863","AREA STUDIES","SSCI","1,356","2.2","Q1","1.56","27"%,
"PACIFIC REVIEW","PAC REV","ROUTLEDGE JOURNALS, TAYLOR & FRANCIS LTD","0951-2748","1470-1332","AREA STUDIES","SSCI","1,288","2","Q1","1.76","21.19"%,
"Region","REGION","SLAVICA PUBLISHERS","2166-4307","2165-0659","AREA STUDIES","ESCI","183","1.9","Q1","0.05","0"%,
"JOURNAL OF CONTEMPORARY ASIA","J CONTEMP ASIA","ROUTLEDGE JOURNALS, TAYLOR & FRANCIS LTD","0047-2336","1752-7554","AREA STUDIES","SSCI","1,373","1.8","Q1","2.28","18.42"%,
"Central Asian Survey","CENT ASIAN SURV","ROUTLEDGE JOURNALS, TAYLOR & FRANCIS LTD","0263-4937","1465-3354","AREA STUDIES","SSCI","850","1.8","Q1","1.73","23.85"%,
"ECONOMIC DEVELOPMENT AND CULTURAL CHANGE","ECON DEV CULT CHANGE","UNIV CHICAGO PRESS","0013-0079","1539-2988","AREA STUDIES","SSCI","2,872","1.8","Q1","1.28","4.51"%,
"Journal of Contemporary European Studies","J CONTEMP EUR STUD","ROUTLEDGE JOURNALS, TAYLOR & FRANCIS LTD","1478-2804","1478-2790","AREA STUDIES","SSCI","861","1.8","Q1","1.17","26.43"%,
"Polar Journal","POLAR J-UK","TAYLOR & FRANCIS LTD","2154-896X","2154-8978","AREA STUDIES","ESCI","378","1.8","Q1","0.71","39.06"%,
"China Information","CHINA INFORM","SAGE PUBLICATIONS INC","0920-203X","1741-590X","AREA STUDIES","SSCI","504","1.7","Q1","2.49","23.91"%,
"Turkish Studies","TURK STUD","ROUTLEDGE JOURNALS, TAYLOR & FRANCIS LTD","1468-3849","1743-9663","AREA STUDIES","SSCI","838","1.7","Q1","2.01","12.28"%,
"Journal of Current Southeast Asian Affairs","J CURR SE ASIAN AFF","SAGE PUBLICATIONS INC","1868-1034","1868-4882","AREA STUDIES","SSCI","422","1.7","Q1","1.59","98.51"%,
"Nationalities Papers-The Journal of Nationalism and Ethnicity","NATL PAP","CAMBRIDGE UNIV PRESS","0090-5992","1465-3923","AREA STUDIES","SSCI","1,323","1.6","Q1","2.06","61.29"%,
"Review of African Political Economy","REV AFR POLIT ECON","ScienceOpen","0305-6244","1740-1720","AREA STUDIES","SSCI","1,382","1.6","Q1","1.28","3.28"%,
"Mediterranean Politics","MEDITERR POLIT","ROUTLEDGE JOURNALS, TAYLOR & FRANCIS LTD","1362-9395","1743-9418","AREA STUDIES","SSCI","880","1.6","Q1","1.24","34.51"%,
"Journal of East Asian Studies","J EAST ASIAN STUD","CAMBRIDGE UNIV PRESS","1598-2408","2234-6643","AREA STUDIES","SSCI","509","1.6","Q1","1.18","50.79"%,
"Middle East Critique","MIDDLE EAST CRIT","ROUTLEDGE JOURNALS, TAYLOR & FRANCIS LTD","1943-6149","1943-6157","AREA STUDIES","SSCI","464","1.5","Q1","1.6","27.93"%,
"Asia Pacific Viewpoint","ASIA PAC VIEWP","WILEY","1360-7456","1467-8373","AREA STUDIES","SSCI","811","1.5","Q1","1.46","37.23"%,
"LATIN AMERICAN POLITICS AND SOCIETY","LAT AM POLIT SOC","CAMBRIDGE UNIV PRESS","1531-426X","1548-2456","AREA STUDIES","SSCI","1,077","1.5","Q1","1.18","54"%,
"CRITICAL ASIAN STUDIES","CRIT ASIAN STUD","ROUTLEDGE JOURNALS, TAYLOR & FRANCIS LTD","1467-2715","1472-6033","AREA STUDIES","SSCI","976","1.4","Q1","1.88","19.35"%,
"Journal of Contemporary East Asia Studies","J CONTEM E ASIA STUD","TAYLOR & FRANCIS LTD","2476-1028","2476-1036","AREA STUDIES","ESCI","265","1.4","Q1","1.8","97.5"%,
"China Review-An Interdisciplinary Journal on Greater China","CHINA REV","CHINESE UNIV PRESS","1680-2012","1680-2012","AREA STUDIES","SSCI","686","1.4","Q1","1.77","0"%,
"INTERNATIONAL JOURNAL OF MIDDLE EAST STUDIES","INT J MIDDLE E STUD","CAMBRIDGE UNIV PRESS","0020-7438","1471-6380","AREA STUDIES","SSCI","1,715","1.4","Q1","1.11","72.16"%,
"JOURNAL OF PALESTINE STUDIES","J PALESTINE STUD","TAYLOR & FRANCIS LTD","0377-919X","1533-8614","AREA STUDIES","SSCI","1,025","1.3","Q1","1.43","17.44"%,
"Journal of the Indian Ocean Region","J INDIAN OCEAN REG","ROUTLEDGE JOURNALS, TAYLOR & FRANCIS LTD","1948-0881","1948-108X","AREA STUDIES","ESCI","220","1.3","Q1","1.34","8.82"%,
"ASIAN SURVEY","ASIAN SURV","UNIV CALIFORNIA PRESS","0004-4687","1533-838X","AREA STUDIES","SSCI","1,636","1.2","Q1","1.52","2.16"%,
"PACIFIC AFFAIRS","PAC AFF","PACIFIC AFFAIRS UNIV BRITISH COLUMBIA","0030-851X","1715-3379","AREA STUDIES","SSCI","881","1.2","Q1","1.39","0"%,
"Insight on Africa","INSIGHT AFR","SAGE PUBLICATIONS LTD","0975-0878","0976-3465","AREA STUDIES","ESCI","128","1.2","Q1","1.37","26.32"%,
"Southeast European and Black Sea Studies","SE EUR BLACK SEA STU","ROUTLEDGE JOURNALS, TAYLOR & FRANCIS LTD","1468-3857","1743-9639","AREA STUDIES","SSCI","744","1.2","Q1","1.35","13.75"%,
"Digest of Middle East Studies","DIG MIDDLE EAST STUD","WILEY","1060-4367","1949-3606","AREA STUDIES","ESCI","194","1.2","Q1","0.88","36.07"%,
"Asian Journal of Social Science","ASIAN J SOC SCI","ELSEVIER","1568-4849","1568-5314","AREA STUDIES","SSCI","547","1.2","Q1","0.8","4.88"%,
"EUROPE-ASIA STUDIES","EUROPE-ASIA STUD","ROUTLEDGE JOURNALS, TAYLOR & FRANCIS LTD","0966-8136","1465-3427","AREA STUDIES","SSCI","1,952","1.2","Q1","0.8","24.74"%,
"Asian Studies Review","ASIAN STUD REV","ROUTLEDGE JOURNALS, TAYLOR & FRANCIS LTD","1035-7823","1467-8403","AREA STUDIES","SSCI","815","1.1","Q1","1.89","15"%,
"Asian Studies Review","ASIAN STUD REV","ROUTLEDGE JOURNALS, TAYLOR & FRANCIS LTD","1035-7823","1467-8403","ASIAN STUDIES","AHCI","815","1.1","N/A","1.89","15"%,
"Journal of Asian Public Policy","J ASIAN PUBLIC POLIC","ROUTLEDGE JOURNALS, TAYLOR & FRANCIS LTD","1751-6234","1751-6242","AREA STUDIES","SSCI","526","1.1","Q1","1.7","7.63"%,
"East Asia","E ASIA-NETHERLANDS","SPRINGERNATURE","1096-6838","1874-6284","AREA STUDIES","ESCI","261","1.1","Q1","1.61","35"%,
"JOURNAL OF MODERN AFRICAN STUDIES","J MOD AFR STUD","CAMBRIDGE UNIV PRESS","0022-278X","1469-7777","AREA STUDIES","SSCI","1,446","1.1","Q1","1.28","60.34"%,
"Journal of Balkan and Near Eastern Studies","J BALKAN NEAR E STUD","ROUTLEDGE JOURNALS, TAYLOR & FRANCIS LTD","1944-8953","1944-8961","AREA STUDIES","SSCI","618","1.1","Q1","1.2","8.7"%,
"Asian Affairs","ASIAN AFF","ROUTLEDGE JOURNALS, TAYLOR & FRANCIS LTD","0306-8374","1477-1500","AREA STUDIES","ESCI","377","1.1","Q1","1.1","27.27"%,
"New Perspectives on Turkey","NEW PERSPECT TURK","CAMBRIDGE UNIV PRESS","0896-6346","1305-3299","AREA STUDIES","SSCI","388","1.1","Q1","1.05","46.81"%,
"AFRICA","AFRICA","CAMBRIDGE UNIV PRESS","0001-9720","1750-0184","AREA STUDIES","SSCI","1,511","1.1","Q1","0.92","38.04"%,
"Journal of North African Studies","J NORTH AFR STUD","ROUTLEDGE JOURNALS, TAYLOR & FRANCIS LTD","1362-9387","1743-9345","AREA STUDIES","ESCI","751","1.1","Q1","0.89","19.32"%,
"MIDDLE EAST POLICY","MIDDLE EAST POLICY","WILEY","1061-1924","1475-4967","AREA STUDIES","SSCI","501","1.1","Q1","0.78","24.17"%,
"MIDDLE EAST JOURNAL","MIDDLE EAST J","MIDDLE EAST INST","0026-3141","1940-3461","AREA STUDIES","SSCI","853","1.1","Q1","0.75","0"%,
"Iran-Journal of the British Institute of Persian Studies","IRAN","ROUTLEDGE JOURNALS, TAYLOR & FRANCIS LTD","0578-6967","2396-9202","ASIAN STUDIES","AHCI","384","1.1","N/A","0.51","13.64"%,
"Baltic Region","BALT REG","IMMANUEL KANT BALTIC FEDERAL UNIV","2079-8555","2310-0524","AREA STUDIES","ESCI","200","1","Q2","1.06","94.12"%,
"Comparative Southeast European Studies","COMP SE EUR STUD","WALTER DE GRUYTER GMBH","2701-8199","2701-8202","AREA STUDIES","ESCI","96","1","Q2","0.99","100"%,
"Critical African Studies","CRIT AFR STUD","TAYLOR & FRANCIS LTD","2168-1392","2040-7211","AREA STUDIES","ESCI","341","1","Q2","0.81","26.87"%,
"EAST EUROPEAN POLITICS AND SOCIETIES","E EUR POLIT SOC","SAGE PUBLICATIONS INC","0888-3254","1533-8371","AREA STUDIES","SSCI","982","1","Q2","0.64","22.63"%,
"South East Asia Research","SOUTH EAST ASIA RES","TAYLOR & FRANCIS LTD","0967-828X","2043-6874","ASIAN STUDIES","AHCI","393","0.9","N/A","2.37","8.33"%,
"Indonesia and the Malay World","INDONES MALAY WORLD","ROUTLEDGE JOURNALS, TAYLOR & FRANCIS LTD","1363-9811","1469-8382","ASIAN STUDIES","AHCI","282","0.9","N/A","1.95","22.92"%,
"Review of Religion and Chinese Society","REV RELIG CHINESE SO","BRILL","2214-3947","2214-3955","ASIAN STUDIES","ESCI","54","0.9","N/A","1.66","16.67"%,
"South Asian Diaspora","SOUTH ASIAN DIASPORA","ROUTLEDGE JOURNALS, TAYLOR & FRANCIS LTD","1943-8192","1943-8184","AREA STUDIES","ESCI","191","0.9","Q2","1.36","15.38"%,
"JOURNAL OF LATIN AMERICAN STUDIES","J LAT AM STUD","CAMBRIDGE UNIV PRESS","0022-216X","1469-767X","AREA STUDIES","SSCI","1,044","0.9","Q2","1.32","40.32"%,
"Millennial Asia","MILLENN ASIA","SAGE PUBLICATIONS INC","0976-3996","2321-7081","AREA STUDIES","ESCI","261","0.9","Q2","1.31","0.91"%,
"Iranian Studies","IRAN STUD-UK","CAMBRIDGE UNIV PRESS","0021-0862","1475-4819","AREA STUDIES","SSCI","744","0.9","Q2","1.22","52.81"%,
"Iranian Studies","IRAN STUD-UK","CAMBRIDGE UNIV PRESS","0021-0862","1475-4819","ASIAN STUDIES","AHCI","744","0.9","N/A","1.22","52.81"%,
"JOURNAL OF ASIAN AND AFRICAN STUDIES","J ASIAN AFR STUD","SAGE PUBLICATIONS INC","0021-9096","1745-2538","AREA STUDIES","SSCI","1,448","0.9","Q2","1.18","14.45"%,
"AFRICAN STUDIES","AFR STUD-UK","ROUTLEDGE JOURNALS, TAYLOR & FRANCIS LTD","0002-0184","1469-2872","AREA STUDIES","SSCI","511","0.9","Q2","1.05","14.29"%,
"China Perspectives","CHINA PERSPECT","FRENCH CENTRE RESEARCH CONTEMPORARY CHINA","2070-3449","1996-4617","AREA STUDIES","SSCI","554","0.9","Q2","1.02","0"%,
"MODERN CHINA","MOD CHINA","SAGE PUBLICATIONS INC","0097-7004","1552-6836","AREA STUDIES","SSCI","913","0.9","Q2","1.02","13.41"%,
"JOURNAL OF SOUTHERN AFRICAN STUDIES","J S AFR STUD","ROUTLEDGE JOURNALS, TAYLOR & FRANCIS LTD","0305-7070","1465-3893","AREA STUDIES","SSCI","1,818","0.9","Q2","0.88","30.65"%,
"Contemporary Southeast Asia","CONTEMP SE ASIA","INST SOUTHEAST ASIAN STUDIES-ISEAS","0129-797X","1793-284X","AREA STUDIES","SSCI","592","0.9","Q2","0.61","0"%,
"Asia Policy","ASIA POLICY","NATL BUREAU ASIAN RESEARCH","1559-0968","1559-2960","AREA STUDIES","ESCI","347","0.9","Q2","0.43","0"%,
"Asian Studies-Azijske Studije","ASIAN STUD-AZIJSKE S","UNIV LJUBLJANA","2232-5131","2350-4226","ASIAN STUDIES","ESCI","170","0.8","N/A","2.53","88.5"%,
"JOURNAL OF ASIAN STUDIES","J ASIAN STUD","DUKE UNIV PRESS","0021-9118","1752-0401","AREA STUDIES","SSCI","1,769","0.8","Q2","2.3","1.43"%,
"JOURNAL OF ASIAN STUDIES","J ASIAN STUD","DUKE UNIV PRESS","0021-9118","1752-0401","ASIAN STUDIES","AHCI","1,769","0.8","N/A","2.3","1.43"%,
"Asia & the Pacific Policy Studies","ASIA PAC POLICY STUD","WILEY","2050-2680","2050-2680","AREA STUDIES","SSCI","486","0.8","Q2","1.58","95.83"%,
"South Asia Research","SOUTH ASIA RES","SAGE PUBLICATIONS INDIA PVT LTD","0262-7280","1741-3141","AREA STUDIES","ESCI","283","0.8","Q2","1.53","4.62"%,
"South Asia Research","SOUTH ASIA RES","SAGE PUBLICATIONS INDIA PVT LTD","0262-7280","1741-3141","ASIAN STUDIES","ESCI","283","0.8","N/A","1.53","4.62"%,
"Contemporary South Asia","CONTEMP SOUTH ASIA","ROUTLEDGE JOURNALS, TAYLOR & FRANCIS LTD","0958-4935","1469-364X","AREA STUDIES","SSCI","578","0.8","Q2","1.43","27.27"%,
"Contemporary South Asia","CONTEMP SOUTH ASIA","ROUTLEDGE JOURNALS, TAYLOR & FRANCIS LTD","0958-4935","1469-364X","ASIAN STUDIES","AHCI","578","0.8","N/A","1.43","27.27"%,
"MODERN ASIAN STUDIES","MOD ASIAN STUD","CAMBRIDGE UNIV PRESS","0026-749X","1469-8099","AREA STUDIES","SSCI","1,949","0.8","Q2","1.06","55.76"%,
"African Studies Review","AFR STUD REV","CAMBRIDGE UNIV PRESS","0002-0206","1555-2462","AREA STUDIES","SSCI","1,214","0.8","Q2","1.05","53.85"%,
"CANADIAN JOURNAL OF AFRICAN STUDIES","CAN J AFR STUDIES","ROUTLEDGE JOURNALS, TAYLOR & FRANCIS LTD","0008-3968","1923-3051","AREA STUDIES","ESCI","389","0.8","Q2","1.04","11.59"%,
"Journal of Contemporary African Studies","J CONTEMP AFR STUD","ROUTLEDGE JOURNALS, TAYLOR & FRANCIS LTD","0258-9001","1469-9397","AREA STUDIES","ESCI","632","0.8","Q2","0.92","13.92"%,
"LATIN AMERICAN RESEARCH REVIEW","LAT AM RES REV","CAMBRIDGE UNIV PRESS","N/A","1542-4278","AREA STUDIES","SSCI","1,537","0.8","Q2","0.85","99.47"%,
"Social Science Japan Journal","SOC SCI JPN J","OXFORD UNIV PRESS","1369-1465","1468-2680","AREA STUDIES","SSCI","220","0.8","Q2","0.85","26.83"%,
"ISSUES & STUDIES","ISSUES STUD","WORLD SCIENTIFIC PUBL CO PTE LTD","1013-2511","2529-802X","AREA STUDIES","ESCI","178","0.8","Q2","0.64","0"%,
"SOJOURN-Journal of Social Issues in Southeast Asia","SOJOURN","INST SOUTHEAST ASIAN STUDIES-ISEAS","0217-9520","1793-2858","AREA STUDIES","ESCI","226","0.8","Q2","0.56","0"%,
"SLAVIC REVIEW","SLAVIC REV","CAMBRIDGE UNIV PRESS","0037-6779","2325-7784","AREA STUDIES","SSCI","1,074","0.7","Q2","1.36","29.17"%,
"South Asian Studies","S ASIAN STUD-UK","ROUTLEDGE JOURNALS, TAYLOR & FRANCIS LTD","0266-6030","2153-2699","ASIAN STUDIES","ESCI","233","0.7","N/A","1.05","4.76"%,
"China Report","CHINA REP","SAGE PUBLICATIONS INDIA PVT LTD","0009-4455","0973-063X","AREA STUDIES","ESCI","223","0.7","Q2","0.83","7.04"%,
"China-An International Journal","CHINA INT J","NUS PRESS PTE LTD","0219-7472","0219-8614","AREA STUDIES","SSCI","403","0.7","Q2","0.8","0"%,
"Mir Rossii-Universe of Russia","MIR ROSS","NATL RESEARCH UNIV HIGHER SCH ECONOMICS","1811-038X","1811-0398","AREA STUDIES","ESCI","127","0.7","Q2","0.66","98.89"%,
"Contemporary Review of the Middle East","CONTEMP REV MIDDLE E","SAGE PUBLICATIONS INC","2347-7989","2349-0055","AREA STUDIES","ESCI","141","0.7","Q2","0.55","5.26"%,
"LATIN AMERICAN PERSPECTIVES","LAT AM PERSPECT","SAGE PUBLICATIONS INC","0094-582X","1552-678X","AREA STUDIES","SSCI","1,582","0.7","Q2","0.54","5.26"%,
"Turkic Languages","TURK LANG","HARRASSOWITZ VERLAG","1431-4983","1431-4983","ASIAN STUDIES","AHCI","98","0.7","N/A","0.14","0"%,
"Journal of Chinese History","J CHINESE HIST","CAMBRIDGE UNIV PRESS","2059-1632","2059-1640","ASIAN STUDIES","ESCI","96","0.6","N/A","1.98","40"%,
"International Journal of Asian Studies","INT J ASIAN STUD","CAMBRIDGE UNIV PRESS","1479-5914","1479-5922","ASIAN STUDIES","AHCI","121","0.6","N/A","1.57","64.44"%,
"Dao-A Journal of Comparative Philosophy","DAO","SPRINGER","1540-3009","1569-7274","ASIAN STUDIES","AHCI","365","0.6","N/A","1.4","10.42"%,
"British Journal of Middle Eastern Studies","BRIT J MIDDLE E STUD","ROUTLEDGE JOURNALS, TAYLOR & FRANCIS LTD","1353-0194","1469-3542","AREA STUDIES","SSCI","753","0.6","Q2","1.39","30.95"%,
"Modern Italy","MOD ITALY","CAMBRIDGE UNIV PRESS","1353-2944","1469-9877","AREA STUDIES","SSCI","261","0.6","Q2","1.34","72.46"%,
"International Communication of Chinese Culture","INT COMMUN CHIN CULT","SPRINGERNATURE","2197-4233","2197-4241","AREA STUDIES","ESCI","87","0.6","Q2","0.95","30.43"%,
"International Communication of Chinese Culture","INT COMMUN CHIN CULT","SPRINGERNATURE","2197-4233","2197-4241","ASIAN STUDIES","ESCI","87","0.6","N/A","0.95","30.43"%,
"Bulletin of Latin American Research","B LAT AM RES","WILEY","0261-3050","1470-9856","AREA STUDIES","SSCI","683","0.6","Q2","0.9","41.84"%,
"Journal of Contemporary European Research","J CONTEMP EUR RES","UNIV ASSOC CONTEMPORARY EUROPEAN STUDIES-UACES","1815-347X","1815-347X","AREA STUDIES","ESCI","290","0.6","Q2","0.88","96.67"%,
"East Asian Science Technology and Society-An International Journal","E ASIAN SCI TECH SOC","TAYLOR & FRANCIS INC","1875-2160","1875-2152","AREA STUDIES","SSCI","300","0.6","Q2","0.79","43.08"%,
"East Asian Science Technology and Society-An International Journal","E ASIAN SCI TECH SOC","TAYLOR & FRANCIS INC","1875-2160","1875-2152","ASIAN STUDIES","AHCI","300","0.6","N/A","0.79","43.08"%,
"Eastern Journal of European Studies","EAST J EUR STUD","UNIV ALEXANDRU IOAN CUZA, CENTRUL STUDII EUROPENE","2068-651X","2068-6633","AREA STUDIES","ESCI","190","0.6","Q2","0.79","99.17"%,
"Journal of Song-Yuan Studies","J SONG-YUAN STUD","JOHNS HOPKINS UNIV PRESS","1059-3152","2154-6665","ASIAN STUDIES","AHCI","76","0.6","N/A","0.77","0"%,
"Comparative Studies of South Asia Africa and the Middle East","COMP STUD SOUTH ASIA","DUKE UNIV PRESS","1089-201X","1548-226X","AREA STUDIES","ESCI","795","0.6","Q2","0.73","0"%,
"European Review","EUR REV","CAMBRIDGE UNIV PRESS","1062-7987","1474-0575","AREA STUDIES","SSCI","682","0.6","Q2","0.71","59.38"%,
"Journal of Eastern African Studies","J EAST AFR STUD","ROUTLEDGE JOURNALS, TAYLOR & FRANCIS LTD","1753-1055","1753-1063","AREA STUDIES","SSCI","892","0.6","Q2","0.71","40"%,
"Revista de Estudios Andaluces","REV ESTUD ANDAL","UNIV SEVILLA, EDITORIAL","0212-8594","2340-2776","AREA STUDIES","ESCI","73","0.6","Q2","0.65","90"%,
"India Review","INDIA REV","ROUTLEDGE JOURNALS, TAYLOR & FRANCIS LTD","1473-6489","1557-3036","AREA STUDIES","SSCI","248","0.6","Q2","0.64","11.11"%,
"Social Dynamics-A Journal of African Studies","SOC DYNAMICS","ROUTLEDGE JOURNALS, TAYLOR & FRANCIS LTD","0253-3952","1940-7874","AREA STUDIES","SSCI","476","0.6","Q2","0.64","17.57"%,
"Israel Affairs","ISR AFF","ROUTLEDGE JOURNALS, TAYLOR & FRANCIS LTD","1353-7121","1743-9086","AREA STUDIES","SSCI","442","0.6","Q2","0.6","23.12"%,
"BIJDRAGEN TOT DE TAAL- LAND- EN VOLKENKUNDE","BIJDR TAAL-LAND-V","BRILL","0006-2294","2213-4379","ASIAN STUDIES","AHCI","346","0.6","N/A","0.56","68.57"%,
"Asian Journal of Middle Eastern and Islamic Studies","ASIAN J MIDDLE E ISL","TAYLOR & FRANCIS LTD","2576-5949","2576-5957","AREA STUDIES","ESCI","157","0.6","Q2","0.49","7.59"%,
"Sibirica-Interdisciplinary journal of Siberian Studies","SIBIRICA","BERGHAHN JOURNALS","1361-7362","1476-6787","AREA STUDIES","ESCI","68","0.6","Q2","0.42","97.67"%,
"IDS BULLETIN-INSTITUTE OF DEVELOPMENT STUDIES","IDS BULL-I DEV STUD","INST DEVELOPMENT STUDIES","0265-5012","1759-5436","AREA STUDIES","SSCI","1,137","0.6","Q2","0.41","86.42"%,
"African and Asian Studies","AFR ASIAN STUD","BRILL","1569-2094","1569-2108","AREA STUDIES","SSCI","116","0.6","Q2","0.34","5.13"%,
"Northern Review","NORTH REV","YUKON COLL","0820-0300","0820-0300","AREA STUDIES","ESCI","105","0.6","Q2","0.26","96.3"%,
"Journal of Korean Studies","J KOREAN STUD","DUKE UNIV PRESS","0731-1613","2158-1665","ASIAN STUDIES","AHCI","176","0.5","N/A","1.7","0"%,
"Journal of Chinese Religions","J CHINESE RELIG","JOHNS HOPKINS UNIV PRESS","0737-769X","2050-8999","ASIAN STUDIES","ESCI","71","0.5","N/A","1.55","0"%,
"JOURNAL OF NEAR EASTERN STUDIES","J NEAR EASTERN STUD","UNIV CHICAGO PRESS","0022-2968","1545-6978","ASIAN STUDIES","AHCI","474","0.5","N/A","1.31","0"%,
"MUSLIM WORLD","MUSLIM WORLD","WILEY","0027-4909","1478-1913","ASIAN STUDIES","AHCI","480","0.5","N/A","1.18","15"%,
"Tang Studies","TANG STUD","JOHNS HOPKINS UNIV PRESS","0737-5034","1759-7633","ASIAN STUDIES","ESCI","39","0.5","N/A","1.02","0"%,
"JOURNAL OF BALTIC STUDIES","J BALTIC STUD","ASSOC ADVANCEMENT BALTIC STUDIES INC","0162-9778","1751-7877","AREA STUDIES","SSCI","385","0.5","Q3","1","8.13"%,
"Journal of Australian Studies","J AUST STUD","ROUTLEDGE JOURNALS, TAYLOR & FRANCIS LTD","1444-3058","1835-6419","AREA STUDIES","SSCI","506","0.5","Q3","0.85","42.31"%,
"Israel Studies","ISR STUD","INDIANA UNIV PRESS","1084-9513","1527-201X","AREA STUDIES","ESCI","513","0.5","Q3","0.63","0"%,
"Africa Review","AFR REV-ABINGDON","BRILL","0974-4053","0974-4061","AREA STUDIES","ESCI","105","0.5","Q3","0.57","3.7"%,
"European Integration Studies","EUR INTEGR STUD","KAUNO TECHNOLOGIJOS UNIV","1822-8402","2335-8831","AREA STUDIES","ESCI","78","0.5","Q3","0.55","55.17"%,
"Pacific Focus","PAC FOCUS","WILEY","1225-4657","1976-5118","AREA STUDIES","SSCI","170","0.5","Q3","0.55","13.33"%,
"Inner Asia","INN ASIA","BRILL","1464-8172","2210-5018","AREA STUDIES","ESCI","140","0.5","Q3","0.51","17.78"%,
"GERMAN POLITICS AND SOCIETY","GER POLIT SOC","BERGHAHN JOURNALS","1045-0300","1558-5441","AREA STUDIES","ESCI","188","0.5","Q3","0.48","1.92"%,
"Journal of Confucian Philosophy and Culture","J CONFUCIAN PHILOS C","Sungkyunkwan Univ, Inst Confucian Philosophy & Culture","1598-267X","2734-1356","ASIAN STUDIES","ESCI","20","0.5","N/A","0.45","96.43"%,
"CONTEMPORARY PACIFIC","CONTEMP PACIFIC","UNIV HAWAII PRESS","1043-898X","1527-9464","AREA STUDIES","SSCI","561","0.5","Q3","0.41","0"%,
"Studi irlandesi-A Journal of Irish Studies","STUDI IRL","FIRENZE UNIV PRESS","2239-3978","2239-3978","AREA STUDIES","ESCI","36","0.5","Q3","0.4","30"%,
"Europolity-Continuity and Change in European Governance","EUROPOLITY","NATL SCH POLITICAL STUDIES & PUBLIC ADM","2344-2255","2247-7721","AREA STUDIES","ESCI","36","0.5","Q3","0.37","2.17"%,
"Russian Journal of Vietnamese Studies-Vyetnamskiye issledovaniya","RUSS J VIETNAM STUD","CENTER VIETNAM & ASEAN STUDIES","2618-9453","2618-9453","AREA STUDIES","ESCI","73","0.5","Q3","0.36","90.6"%,
"Papeles de Europa","PAPELES EUR","UNIV COMPLUTENSE MADRID, SERVICIO PUBLICACIONES","1989-5917","1989-5917","AREA STUDIES","ESCI","28","0.5","Q3","0.32","94.74"%,
"Nan Nu-Men Women and Gender in China","NAN NU","BRILL","1387-6805","1568-5268","ASIAN STUDIES","AHCI","84","0.4","N/A","1.62","10.71"%,
"International Journal of Taiwan Studies","INT J TAIWAN STUD","BRILL","2468-8797","2468-8800","AREA STUDIES","ESCI","55","0.4","Q3","1.41","13.46"%,
"International Journal of Taiwan Studies","INT J TAIWAN STUD","BRILL","2468-8797","2468-8800","ASIAN STUDIES","ESCI","55","0.4","N/A","1.41","13.46"%,
"Journal of Chinese Literature and Culture","J CHIN LIT CULT","DUKE UNIV PRESS","2329-0048","2329-0056","ASIAN STUDIES","AHCI","56","0.4","N/A","1.4","2.38"%,
"INDO-IRANIAN JOURNAL","INDO-IRAN J","BRILL","0019-7246","1572-8536","ASIAN STUDIES","AHCI","124","0.4","N/A","1.29","25"%,
"Positions-Asia Critique","POSITIONS-ASIA CRIT","DUKE UNIV PRESS","1067-9847","1527-8271","ASIAN STUDIES","AHCI","255","0.4","N/A","1.24","1.9"%,
"SOUTH ASIA-JOURNAL OF SOUTH ASIAN STUDIES","S ASIA","ROUTLEDGE JOURNALS, TAYLOR & FRANCIS LTD","0085-6401","1479-0270","AREA STUDIES","SSCI","901","0.4","Q3","1.21","17.8"%,
"SOUTH ASIA-JOURNAL OF SOUTH ASIAN STUDIES","S ASIA","ROUTLEDGE JOURNALS, TAYLOR & FRANCIS LTD","0085-6401","1479-0270","ASIAN STUDIES","AHCI","901","0.4","N/A","1.21","17.8"%,
"Bulletin of the School of Oriental and African Studies","B SCH ORIENT AFR ST","CAMBRIDGE UNIV PRESS","0041-977X","1474-0699","ASIAN STUDIES","AHCI","760","0.4","N/A","1.18","48"%,
"JOURNAL OF THE ROYAL ASIATIC SOCIETY","J ROY ASIATIC SOC","CAMBRIDGE UNIV PRESS","1356-1863","1474-0591","ASIAN STUDIES","AHCI","732","0.4","N/A","1.07","29.6"%,
"Ming Qing Yanjiu","MING QING YANJIU","BRILL","1724-8574","2468-4791","ASIAN STUDIES","ESCI","27","0.4","N/A","1.01","19.05"%,
"Monumenta Serica-Journal of Oriental Studies","MONUM SER-J ORIENT S","ROUTLEDGE JOURNALS, TAYLOR & FRANCIS LTD","0254-9948","2057-1690","ASIAN STUDIES","ESCI","200","0.4","N/A","0.94","14"%,
"JOURNAL OF SOUTHEAST ASIAN STUDIES","J SOUTHEAST ASIAN ST","CAMBRIDGE UNIV PRESS","0022-4634","1474-0680","AREA STUDIES","SSCI","668","0.4","Q3","0.86","12"%,
"JOURNAL OF SOUTHEAST ASIAN STUDIES","J SOUTHEAST ASIAN ST","CAMBRIDGE UNIV PRESS","0022-4634","1474-0680","ASIAN STUDIES","AHCI","668","0.4","N/A","0.86","12"%,
"Revue d Etudes Tibetaines","REV ETUDES TIBET","CENTRE RECHERCHE CIVILIZATIONS ASIE ORIENTALE-UMR8155","1768-2959","1768-2959","ASIAN STUDIES","ESCI","120","0.4","N/A","0.86","0"%,
"Sikh Formations-Religion Culture Theory","SIKH FORM","ROUTLEDGE JOURNALS, TAYLOR & FRANCIS LTD","1744-8727","1744-8735","ASIAN STUDIES","ESCI","161","0.4","N/A","0.85","5.06"%,
"JOURNAL OF JAPANESE STUDIES","J JPN STUD","SOC JAPANESE STUD","0095-6848","1549-4721","AREA STUDIES","SSCI","242","0.4","Q3","0.61","0"%,
"Economy of Region","EKON REG","RUSSIAN ACAD SCIENCES, URAL BRANCH, INST ECONOMICS","2072-6414","2411-1406","AREA STUDIES","ESCI","355","0.4","Q3","0.58","97.78"%,
"Inter-Asia Cultural Studies","INTER-ASIA CULT STUD","ROUTLEDGE JOURNALS, TAYLOR & FRANCIS LTD","1464-9373","1469-8447","ASIAN STUDIES","AHCI","602","0.4","N/A","0.56","7.47"%,
"American Review of Canadian Studies","AM REV CAN STUD","ROUTLEDGE JOURNALS, TAYLOR & FRANCIS LTD","0272-2011","1943-9954","AREA STUDIES","ESCI","248","0.4","Q3","0.55","8.82"%,
"International Journal of African Renaissance Studies","INT J AFR RENAISS ST","ROUTLEDGE JOURNALS, TAYLOR & FRANCIS LTD","1818-6874","1753-7274","AREA STUDIES","ESCI","141","0.4","Q3","0.54","2.44"%,
"MIDDLE EASTERN STUDIES","MIDDLE EASTERN STUD","ROUTLEDGE JOURNALS, TAYLOR & FRANCIS LTD","0026-3206","1743-7881","AREA STUDIES","SSCI","1,302","0.4","Q3","0.53","14.91"%,
"Japanese Studies","JPN STUD","ROUTLEDGE JOURNALS, TAYLOR & FRANCIS LTD","1037-1397","1469-9338","AREA STUDIES","ESCI","205","0.4","Q3","0.46","13.21"%,
"Israel Studies Review","ISR STUD REV","BERGHAHN JOURNALS","2159-0370","2159-0389","AREA STUDIES","ESCI","186","0.4","Q3","0.44","1.72"%,
"Caucasus Survey","CAUCASUS SURV","BRILL","2376-1199","2376-1202","AREA STUDIES","ESCI","96","0.4","Q3","0.38","17.5"%,
"Southeast Asian Studies","SE ASIAN STUD","KYOTO UNIV, CENTRE SOUTHEAST ASIAN STUDIES","2186-7275","2423-8686","AREA STUDIES","ESCI","189","0.4","Q3","0.38","0"%,
"NWIG-New West Indian Guide-Nieuwe West-Indische Gids","NWIG-NEW W INDIAN GU","KITLV PRESS","1382-2373","1382-2373","AREA STUDIES","SSCI","119","0.4","Q3","0.36","84"%,
"TRaNS-Trans-Regional and -National Studies of Southeast Asia","TRANS","CAMBRIDGE UNIV PRESS","2051-364X","2051-3658","AREA STUDIES","ESCI","219","0.4","Q3","0.33","48.72"%,
"Bilig","BILIG","AHMET YESEVI UNIV","1301-0549","1301-0549","AREA STUDIES","SSCI","170","0.4","Q3","0.3","55.81"%,
"Regionologiya-Regionology Russian Journal of Regional Studies","REGIONOLOGIYA","NATL RESEARCH OGAREV MORDOVIA STATE UNIV","2413-1407","2587-8549","AREA STUDIES","ESCI","57","0.4","Q3","0.3","98.33"%,
"Afriques-Debats Methodes et Terrains d Histoire","AFRIQUES","INST MONDES AFRICAINS","2108-6796","2108-6796","AREA STUDIES","ESCI","50","0.4","Q3","0.29","85"%,
"Asian Ethnology","ASIAN ETHNOL","NANZAN UNIV, NANZAN INST RELIGION & CULTURE","1882-6865","1882-6865","ASIAN STUDIES","AHCI","112","0.3","N/A","2.08","0"%,
"South Asian History and Culture","SOUTH ASIAN HIST CUL","ROUTLEDGE JOURNALS, TAYLOR & FRANCIS LTD","1947-2498","1947-2501","ASIAN STUDIES","ESCI","233","0.3","N/A","1.59","11.76"%,
"Ming Studies","MING STUD","ROUTLEDGE JOURNALS, TAYLOR & FRANCIS LTD","0147-037X","1759-7595","ASIAN STUDIES","ESCI","41","0.3","N/A","1.28","25"%,
"JOURNAL OF SEMITIC STUDIES","J SEMITIC STUD","OXFORD UNIV PRESS","0022-4480","1477-8556","ASIAN STUDIES","AHCI","230","0.3","N/A","1.22","22"%,
"Journal of Chinese Military History","J CHINESE MIL HIST","BRILL","2212-7445","2212-7453","ASIAN STUDIES","ESCI","17","0.3","N/A","1.19","5.56"%,
"JOURNAL OF THE AMERICAN ORIENTAL SOCIETY","J AM ORIENTAL SOC","AMER ORIENTAL SOC","0003-0279","2169-2289","ASIAN STUDIES","AHCI","996","0.3","N/A","1.07","0"%,
"ISLAM-ZEITSCHRIFT FUR GESCHICHTE UND KULTUR DES ISLAMISCHEN ORIENTS","ISLAM","WALTER DE GRUYTER GMBH","0021-1818","1613-0928","ASIAN STUDIES","AHCI","268","0.3","N/A","1.01","21.15"%,
"JOURNAL OF ASIAN HISTORY","J ASIAN HIST","VERLAG OTTO HARRASSOWITZ","0021-910X","0021-910X","ASIAN STUDIES","AHCI","98","0.3","N/A","0.94","0"%,
"KOREA JOURNAL","KOREA J","ACAD KOREAN STUDIES","0023-3900","0023-3900","ASIAN STUDIES","AHCI","289","0.3","N/A","0.79","0"%,
"SOUTHEASTERN EUROPE","SOUTHEAST EUR","BRILL","0094-4467","1876-3332","AREA STUDIES","ESCI","92","0.3","Q3","0.79","9.09"%,
"Sungkyun Journal of East Asian Studies","SUNGKYUN J EAST ASIA","ACAD EAST ASIAN STUD, SUNGKYUNKWAN UNIVERSITY","1598-2661","N/A","ASIAN STUDIES","AHCI","48","0.3","N/A","0.78","100"%,
"JOURNAL OF INDIAN PHILOSOPHY","J INDIAN PHILOS","SPRINGER","0022-1791","1573-0395","ASIAN STUDIES","AHCI","364","0.3","N/A","0.77","31.46"%,
"PHILOSOPHY EAST & WEST","PHILOS EAST WEST","UNIV HAWAII PRESS","0031-8221","1529-1898","ASIAN STUDIES","AHCI","776","0.3","N/A","0.67","0.77"%,
"London Journal","LOND J","ROUTLEDGE JOURNALS, TAYLOR & FRANCIS LTD","0305-8034","1749-6322","AREA STUDIES","SSCI","122","0.3","Q3","0.62","23.68"%,
"ASIAN THEATRE JOURNAL","ASIAN THEATRE J","UNIV HAWAII PRESS","0742-5457","1527-2109","ASIAN STUDIES","AHCI","126","0.3","N/A","0.57","0"%,
"Early Medieval China","EARLY MEDIEV CHINA","ROUTLEDGE JOURNALS, TAYLOR & FRANCIS LTD","1529-9104","1946-7842","ASIAN STUDIES","AHCI","48","0.3","N/A","0.54","15.79"%,
"East Asian Publishing and Society","EAST ASIAN PUBL SOC","BRILL","2210-6278","2210-6286","ASIAN STUDIES","ESCI","21","0.3","N/A","0.53","0"%,
"ARCHIVES OF ASIAN ART","ARCH ASIAN ART","DUKE UNIV PRESS","0066-6637","1944-6497","ASIAN STUDIES","AHCI","94","0.3","N/A","0.5","0"%,
"Journal of Nusantara Studies-JONUS","J NUSANT STUD-JONUS","UNIV SULTAN ZAINAL ABIDIN","0127-9319","0127-9386","AREA STUDIES","ESCI","113","0.3","Q3","0.5","97.24"%,
"South Asian Popular Culture","S ASIAN POPUL CULT","ROUTLEDGE JOURNALS, TAYLOR & FRANCIS LTD","1474-6689","1474-6697","ASIAN STUDIES","ESCI","147","0.3","N/A","0.48","7.69"%,
"Osmanli Arastirmalari-The Journal of Ottoman Studies","OSMAN ARASTIRMALARI","ISTANBUL 29 MAYIS UNIV & ISAM","0255-0636","0255-0636","ASIAN STUDIES","AHCI","130","0.3","N/A","0.42","11.48"%,
"Arab Studies Quarterly","ARAB STUD Q","PLUTO JOURNALS","0271-3519","2043-6920","AREA STUDIES","ESCI","266","0.3","Q3","0.4","60"%,
"International Journal of Canadian Studies","INT J CAN STUD","UNIV TORONTO PRESS INC","1180-3991","1923-5291","AREA STUDIES","ESCI","71","0.3","Q3","0.36","0"%,
"Journal of Vietnamese Studies","J VIETNAM STUD","UNIV CALIFORNIA PRESS","1559-372X","1559-3738","AREA STUDIES","ESCI","146","0.3","Q3","0.35","0"%,
"Kajian Malaysia","KAJI MALAYS","PENERBIT UNIV SAINS MALAYSIA","2180-4273","2180-4273","AREA STUDIES","ESCI","156","0.3","Q3","0.33","100"%,
"GERMAN STUDIES REVIEW","GER STUD REV","JOHNS HOPKINS UNIV PRESS","0149-7952","2164-8646","AREA STUDIES","SSCI","196","0.3","Q3","0.32","1.49"%,
"International Journal of Cuban Studies","INT J CUBA STUD","PLUTO JOURNALS","1756-3461","1756-347X","AREA STUDIES","ESCI","48","0.3","Q3","0.29","100"%,
"Transformation-Critical Perspectives on Southern Africa","TRANSFORMATION","UNIV KWAZULU-NATAL","0258-7696","1726-1368","AREA STUDIES","ESCI","676","0.3","Q3","0.27","0"%,
"Korea Observer","KOREA OBS","INST KOREAN STUDIES","0023-3919","0023-3919","AREA STUDIES","SSCI","167","0.3","Q3","0.26","0"%,
"Contemporary Europe-Sovremennaya Evropa","CONTEMP EUR","ROSSIISKAYA AKAD NAUK, INST EVROPY","0201-7083","0201-7083","AREA STUDIES","ESCI","183","0.3","Q3","0.24","54.2"%,
"Philippine Political Science Journal","PHILIPP POLIT SCI J","BRILL","0115-4451","2165-025X","AREA STUDIES","ESCI","59","0.3","Q3","0.24","7.41"%,
"TOUNG PAO","TOUNG PAO","BRILL","0082-5433","N/A","ASIAN STUDIES","AHCI","292","0.2","N/A","0.98","6.38"%,
"Modern Chinese Literature and Culture","MOD CHIN LIT CULT","FOREIGN LANGUAGE PUBL","1520-9857","2328-966X","ASIAN STUDIES","AHCI","144","0.2","N/A","0.91","0"%,
"ASIAN MUSIC","ASIAN MUSIC","UNIV TEXAS PRESS","0044-9202","1553-5630","ASIAN STUDIES","AHCI","155","0.2","N/A","0.85","0"%,
"Early China","EARLY CHINA","CAMBRIDGE UNIV PRESS","0362-5028","2325-2324","ASIAN STUDIES","AHCI","142","0.2","N/A","0.8","28"%,
"HARVARD JOURNAL OF ASIATIC STUDIES","HARVARD J ASIAT STUD","HARVARD-YENCHING INST","0073-0548","1944-6454","ASIAN STUDIES","AHCI","370","0.2","N/A","0.8","0"%,
"Acta Orientalia Academiae Scientiarum Hungaricae","ACTA ORIENT ACAD SCI","AKADEMIAI KIADO ZRT","1588-2667","0001-6446","ASIAN STUDIES","AHCI","265","0.2","N/A","0.78","17.11"%,
"Seoul Journal of Korean Studies","SEOUL J KOREAN STUD","KYUJANGGAK INST KOREAN STUD","1225-0201","2331-4826","AREA STUDIES","ESCI","56","0.2","Q4","0.72","0"%,
"Bamboo and Silk","BAMBOO SILK","BRILL","2468-9238","2468-9246","ASIAN STUDIES","ESCI","41","0.2","N/A","0.69","43.75"%,
"Bioscope-South Asian Screen Studies","BIOSCOPE","SAGE PUBLICATIONS INDIA PVT LTD","0974-9276","0976-352X","ASIAN STUDIES","AHCI","140","0.2","N/A","0.66","6.67"%,
"Afghanistan","AFGHANISTAN-UK","EDINBURGH UNIV PRESS","2399-357X","2399-3588","ASIAN STUDIES","ESCI","41","0.2","N/A","0.65","5.71"%,
"Korean Studies","KOREAN STUD","UNIV HAWAII PRESS","0145-840X","1529-1529","ASIAN STUDIES","ESCI","131","0.2","N/A","0.65","0"%,
"Japan Forum","JPN FORUM","ROUTLEDGE JOURNALS, TAYLOR & FRANCIS LTD","0955-5803","1469-932X","AREA STUDIES","ESCI","269","0.2","Q4","0.59","27.27"%,
"ZEITSCHRIFT DES DEUTSCHEN PALASTINA-VEREINS","Z DEUT PALASTINA-VER","VERLAG OTTO HARRASSOWITZ","0012-1169","N/A","ASIAN STUDIES","AHCI","138","0.2","N/A","0.5","0"%,
"Studies in Chinese Religions","STUD CHINESE RELIG","ROUTLEDGE JOURNALS, TAYLOR & FRANCIS LTD","2372-9988","2372-9996","ASIAN STUDIES","ESCI","36","0.2","N/A","0.48","4"%,
"Korean Journal of Medical History","KOR J MED HIST","KOREAN SOC HIST MED","1225-505X","N/A","ASIAN STUDIES","AHCI","71","0.2","N/A","0.47","98.48"%,
"China and Asia","CHINA ASIA","BRILL","2589-4641","2589-465X","AREA STUDIES","ESCI","7","0.2","Q4","0.45","0"%,
"China and Asia","CHINA ASIA","BRILL","2589-4641","2589-465X","ASIAN STUDIES","ESCI","7","0.2","N/A","0.45","0"%,
"JOURNAL OF CHINESE PHILOSOPHY","J CHINESE PHILOS","BRILL","0301-8121","1540-6253","ASIAN STUDIES","AHCI","332","0.2","N/A","0.43","11.86"%,
"Review of Korean Studies","REV KOREAN STUD","ACAD KOREAN STUDIES","1229-0076","1229-0076","ASIAN STUDIES","ESCI","66","0.2","N/A","0.4","0"%,
"Acta Koreana","ACTA KOREANA","KEIMYUNG UNIV","1520-7412","N/A","ASIAN STUDIES","AHCI","86","0.2","N/A","0.37","44"%,
"African Diaspora","AFR DIASPORA","BRILL","1872-5457","1872-5465","AREA STUDIES","ESCI","89","0.2","Q4","0.35","31.58"%,
"Review of Middle East Studies","REV MIDDLE EAST STUD","CAMBRIDGE UNIV PRESS","2151-3481","2329-3225","AREA STUDIES","ESCI","95","0.2","Q4","0.35","42.55"%,
"EASTERN BUDDHIST","EASTERN BUDDHIST","EASTERN BUDDHIST SOC","0012-8708","N/A","ASIAN STUDIES","AHCI","108","0.2","N/A","0.33","0"%,
"European Journal of East Asian Studies","EUR J E ASIAN STUD","BRILL","1568-0584","1570-0615","AREA STUDIES","ESCI","119","0.2","Q4","0.31","8.11"%,
"CHINESE STUDIES IN HISTORY","CHINESE STUD HIST","ROUTLEDGE JOURNALS, TAYLOR & FRANCIS LTD","0009-4633","1558-0407","ASIAN STUDIES","AHCI","89","0.2","N/A","0.3","0"%,
"Asia-Pacific Journal-Japan Focus","ASIA-PAC J-JPN FOCU","JAPAN FOCUS","1557-4660","1557-4660","AREA STUDIES","ESCI","394","0.2","Q4","0.25","4.02"%,
"JOURNAL OF CHINESE LINGUISTICS","J CHINESE LINGUIST","JOURNAL CHINESE LINGUISTICS","0091-3723","0091-3723","ASIAN STUDIES","AHCI","290","0.2","N/A","0.25","0"%,
"BULLETIN OF THE INSTITUTE OF HISTORY AND PHILOLOGY ACADEMIA SINICA","B INST HIST PHILOL","ACAD SINICA-INST HISTORY PHILOLOGY","1012-4195","N/A","ASIAN STUDIES","AHCI","50","0.2","N/A","0.24","0"%,
"Nordic Journal of African Studies","NORD J AFR STUD","Nordic Africa Research Network","N/A","1459-9465","AREA STUDIES","ESCI","224","0.2","Q4","0.24","0"%,
"Bandung","BANDUNG-J GLOBAL S","BRILL","2590-0013","2198-3534","AREA STUDIES","ESCI","57","0.2","Q4","0.23","37.5"%,
"World of the Orient","WORLD ORIENT","A Krymsky Inst Oriental Studies","1608-0599","1682-5268","ASIAN STUDIES","ESCI","40","0.2","N/A","0.17","100"%,
"Journal of African Military History","J AFR MIL HIST","BRILL","2468-0958","2468-0966","AREA STUDIES","ESCI","13","0.2","Q4","0.14","0"%,
"History and Sociology of South Asia","HIST SOCIOL SOUTH AS","SAGE PUBLICATIONS INC","2230-8075","2249-5312","AREA STUDIES","ESCI","34","0.2","Q4","0.13","2.17"%,
"Australasian Review of African Studies","AUSTRALAS REV AFR ST","AFRICAN STUDIES ASSOC AUSTRALASIA & PACIFIC","1447-8420","2203-5184","AREA STUDIES","ESCI","82","0.2","Q4","0.12","0"%,
"Mundo Amazonico","MUNDO AMAZON","UNIV NAC COLOMBIA, SEDE AMAZONIA","2145-5082","2145-5082","AREA STUDIES","ESCI","60","0.2","Q4","0.12","93.33"%,
"Annee du Maghreb","ANNEE MAGHREB","CNRS EDITIONS","2109-9405","2109-9405","AREA STUDIES","ESCI","37","0.2","Q4","0.11","87.8"%,
"Cuadernos Inter c a mbio sobre Centroamerica y el Caribe","CUAD INTER C A MBIO","UNIV COSTA RICA, CENTRO INVESTIGACION & IDENTIDAD & CULTURA LATINOAMERICANA","1659-0139","1659-4940","AREA STUDIES","ESCI","49","0.2","Q4","0.06","83.33"%,
"ASIAN PHILOSOPHY","ASIAN PHILOS","ROUTLEDGE JOURNALS, TAYLOR & FRANCIS LTD","0955-2367","1469-2961","ASIAN STUDIES","AHCI","273","0.1","N/A","0.72","4.26"%,
"JOURNAL OF ARABIC LITERATURE","J ARABIC LIT","BRILL","0085-2376","1570-064X","ASIAN STUDIES","AHCI","196","0.1","N/A","0.6","11.43"%,
"Journal of Korean Religions","J KOREAN RELIG","INST STUDY RELIGION, SOGANG UNIV","2093-7288","2167-2040","ASIAN STUDIES","AHCI","52","0.1","N/A","0.55","0"%,
"South Asian Review","S ASIAN REV","TAYLOR & FRANCIS LTD","0275-9527","2573-9476","ASIAN STUDIES","ESCI","118","0.1","N/A","0.52","8.18"%,
"Prism-Theory and Modern Chinese Literature","PRISM-THEOR MOD CHIN","DUKE UNIV PRESS","2578-3491","2578-3505","ASIAN STUDIES","ESCI","46","0.1","N/A","0.49","81.61"%,
"European Journal of Korean Studies","EUR J KOREAN STUD","BRITISH ASSOC KOREAN STUDIES","2631-4134","2516-5399","ASIAN STUDIES","ESCI","32","0.1","N/A","0.45","0"%,
"ARS Orientalis","ARS ORIENTALIS","SMITHSONIAN INST, FREER GALLERY ART","0571-1371","N/A","ASIAN STUDIES","AHCI","175","0.1","N/A","0.42","5.71"%,
"CENTRAL ASIATIC JOURNAL","CENT ASIATIC J","VERLAG OTTO HARRASSOWITZ","0008-9192","N/A","ASIAN STUDIES","AHCI","111","0.1","N/A","0.41","0"%,
"Archiv Orientalni","ARCH ORIENT","ORIENTAL INST CZECH ACAD SCI","0044-8699","N/A","ASIAN STUDIES","AHCI","97","0.1","N/A","0.35","0"%,
"Revista de Estudios Internacionales Mediterraneos","REV ESTUD INT MEDITE","UNIV AUTONOMA MADRID, SERVICIO PUBLICACIONES","1887-4460","1887-4460","AREA STUDIES","ESCI","54","0.1","Q4","0.34","89.33"%,
"ZEITSCHRIFT DER DEUTSCHEN MORGENLANDISCHEN GESELLSCHAFT","Z DEUT MORGENLAND G","HARRASSOWITZ VERLAG","0341-0137","0341-0137","ASIAN STUDIES","AHCI","189","0.1","N/A","0.3","0"%,
"Japan Review","JPN REV","INT RESEARCH CENTER JAPANESE STUDIES","0915-0986","2434-3129","ASIAN STUDIES","ESCI","107","0.1","N/A","0.27","0"%,
"MONUMENTA NIPPONICA","MONUM NIPPON","MONUMENTA NIPPONICA SOPHIA UNIV","0027-0741","1880-1390","ASIAN STUDIES","AHCI","158","0.1","N/A","0.27","0"%,
"Archipel-Etudes interdisciplinaires sur le monde insulindien","ARCHIPEL","ASSOC ARCHIPEL","0044-8613","2104-3655","ASIAN STUDIES","AHCI","170","0.1","N/A","0.26","0"%,
"Chung Wai Literary Quarterly","CHUNG WAI LIT Q","NATL TAIWAN UNIV PRESS","0303-0849","0303-0849","ASIAN STUDIES","ESCI","36","0.1","N/A","0.26","0"%,
"Collectivus-Revista de Ciencias Sociales","COLLECTIVUS","UNIV ATLANTICO, CENTRO INVESTIGACIONES HISTORICAS EDUCACION & IDENTIDAD","2382-4018","2382-4018","AREA STUDIES","ESCI","29","0.1","Q4","0.24","95.65"%,
"Safundi","SAFUNDI","ROUTLEDGE JOURNALS, TAYLOR & FRANCIS LTD","1753-3171","1543-1304","AREA STUDIES","ESCI","136","0.1","Q4","0.22","16.67"%,
"ARTIBUS ASIAE","ARTIBUS ASIAE","ARTIBUS ASIAE","0004-3648","N/A","ASIAN STUDIES","AHCI","201","0.1","N/A","0.2","0"%,
"Chinese Literature and Thought Today","CHIN LIT THOUGHT TOD","ROUTLEDGE JOURNALS, TAYLOR & FRANCIS LTD","2768-3524","2768-3532","ASIAN STUDIES","AHCI","6","0.1","N/A","0.19","0"%,
"Codrul Cosminului","CODRUL COSMIN","Stefan cel Mare Univ","1224-032X","2067-5860","AREA STUDIES","ESCI","23","0.1","Q4","0.19","95.65"%,
"Japanese Studies in Russia","JPN STUD RUSS","RUSSIAN ACAD SCIENCES INST FAR EASTERN STUDIES","2500-2872","2500-2872","AREA STUDIES","ESCI","16","0.1","Q4","0.14","81.4"%,
"Hallazgos-Revista de Investigaciones","HALLAZGOS","UNIV SANTO TOMAS","1794-3841","2422-409X","AREA STUDIES","ESCI","71","0.1","Q4","0.13","45"%,
"Revue des Mondes Musulmans et de la Mediterranee","REV MONDES MUSULMANS","UNIV PROVENCE","0997-1327","2105-2271","AREA STUDIES","ESCI","132","0.1","Q4","0.13","100"%,
"Aula Orientalis","AULA ORIENT","Univ Barcelona, Inst Univ Proxim Orient Antic","0212-5730","0212-5730","ASIAN STUDIES","AHCI","59","0.1","N/A","0.12","0"%,
"Balkan Arastrma Enstitusu Dergisi-Journal of Balkan Research Institute-JBRI","BALK ARASTIRMA ENST","TRAKYA UNIV BALKAN YERLESESI ENSTITULER BINASI","2147-1371","2147-1371","AREA STUDIES","ESCI","12","0.1","Q4","0.11","100"%,
"Estudios del Desarrollo Social-Cuba y America Latina","ESTUD DESARRO SOC","UNIV HABANA","2308-0132","2308-0132","AREA STUDIES","ESCI","87","0.1","Q4","0.1","0"%,
"Ankara Avrupa Calismalari Dergisi-Ankara Review of European Studies","ANK AVRUPA CALISMALA","ANKARA UNIV EUROPEAN UNION RESEARCH CENTRE","1303-2518","1303-2518","AREA STUDIES","ESCI","27","0.1","Q4","0.07","46.94"%,
"Cahiers des Ameriques Latines","CAH AM LAT","INST HAUTES ETUDES AMERIQUE LATINE","1141-7161","2268-4247","AREA STUDIES","ESCI","73","0.1","Q4","0.07","62.07"%,
"Revista Digital Mundo Asia Pacifico","REV DIG MUNDO ASIA P","UNIV EAFIT","2344-8172","2344-8172","AREA STUDIES","ESCI","11","0.1","Q4","0.06","51.43"%,
"Bresil-s","BRESIL-S","ECOLE HAUTES ETUDES & SCI SOC, CENTRE RECHERCHES BRESIL CONTEMP","2257-0543","2425-231X","AREA STUDIES","ESCI","6","0.1","Q4","0.05","95.88"%,
"Boletin Americanista","BOL AM","UNIV BARCELONA, SERVEI PUBLICACIONS","0520-4100","2014-993X","AREA STUDIES","ESCI","85","0.1","Q4","0.02","95.24"%,
"Temas de Nuestra America-Revista de Estudios Latinoamericanos","TEMAS NUESTRA AM","UNIV NAC COSTA RICA, EDITORIAL","0259-2339","0259-2339","AREA STUDIES","ESCI","18","0.1","Q4","0.02","98.18"%,
"Encrucijada Americana","ENCRUC AM","UNIV ALBERTO HURTADO","0719-3432","0718-5766","AREA STUDIES","ESCI","9","0.1","Q4","0.01","33.33"%,
"ASIANetwork Exchange-A Journal for Asian Studies in the Liberal Arts","ASIANETWORK EXCH","OPEN LIBRARY HUMANITIES","1943-9938","1943-9946","ASIAN STUDIES","ESCI","32","0.1","N/A","0","100"%,
"Verge-Studies in Global Asias","VERGE-STUD GLOB ASIA","UNIV MINNESOTA PRESS","2373-5058","2373-5066","AREA STUDIES","ESCI","4","0.1","Q4","0","0"%,
"Verge-Studies in Global Asias","VERGE-STUD GLOB ASIA","UNIV MINNESOTA PRESS","2373-5058","2373-5066","ASIAN STUDIES","ESCI","4","0.1","N/A","0","0"%,
"Journal Asiatique","J ASIATIQUE","PEETERS","0021-762X","1783-1504","ASIAN STUDIES","AHCI","216","<0.1","N/A","0.3","0"%,
"International Journal of Persian Literature","INT J PERSIAN LIT","PENN STATE UNIV PRESS","2376-5739","2376-5755","ASIAN STUDIES","ESCI","8","<0.1","N/A","0.25","0"%,
"Taiwan Journal of East Asian Studies","TAIWAN J E ASIA STUD","NATL TAIWAN NORMAL UNIV, COLL INT STUDIES & SOCIAL SCIENCES","1812-6243","1812-6243","ASIAN STUDIES","ESCI","21","<0.1","N/A","0.17","0"%,
"Indian Historical Review","INDIAN HIST REV","SAGE PUBLICATIONS INDIA PVT LTD","0376-9836","0975-5977","ASIAN STUDIES","AHCI","94","<0.1","N/A","0.13","1.69"%,
"Museon","MUSEON","PEETERS","0771-6494","1783-158X","ASIAN STUDIES","AHCI","125","<0.1","N/A","0.11","0"%,
"Pampa","PAMPA","EDICIONES UNL","1669-3299","2314-0208","AREA STUDIES","ESCI","22","<0.1","Q4","0.08","95.12"%,
"Moussons-Recherche en Sciences Humaines sur l Asie du Sud-Est","MOUSSONS","UNIV PROVENCE AIX-MARSEILLE I, PRESSES UNIV","1620-3224","2262-8363","ASIAN STUDIES","ESCI","52","<0.1","N/A","0.06","97.78"%,
"E-Latina-Revista Electronica de Estudios Latinoamericanos","E-LAT","UNIV BUENOS AIRES, FAC CIENCIAS SOCIALES","1666-9606","1666-9606","AREA STUDIES","ESCI","10","<0.1","Q4","0.05","0"%,
"ARTS OF ASIA","ART ASIA","ARTS ASIA PUBLICATIONS LTD","0004-4083","N/A","ASIAN STUDIES","AHCI","29","<0.1","N/A","0.04","0"%,
"Frontiers of Literary Studies in China","FRONT LIT STUD CHINA","HIGHER EDUCATION PRESS","1673-7318","1673-7423","ASIAN STUDIES","ESCI","44","<0.1","N/A","0.02","0"%,
"Recent Period Turkish Studies-Yakin Donem Turkiye Arastirmalari","RECENT PER TURK STUD","ISTANBUL UNIV","1304-9720","2547-9679","AREA STUDIES","ESCI","0","<0.1","Q4","0.02","32.86"%,
"Marg-A Magazine of the Arts","MARG-MAG ARTS","MARG FOUNDATION","0972-1444","N/A","ASIAN STUDIES","AHCI","29","<0.1","N/A","0.01","0"%,
"Revista Estudios Hemisfericos y Polares","REV ESTUD HEMISFERIC","CENTRO ESTUDIOS HEMISFERICOS & POLARES","0718-9230","0718-9230","AREA STUDIES","ESCI","6","<0.1","Q4","0.01","0"%,

Copyright (c) 2026 Clarivate 
By exporting the selected data; you agree to the data usage policy set forth in the Terms of Use 
